Order_ID,Date,Product_ID,Product_Name,Category,Quantity,Unit_Cost,Unit_Price,Discount,Channel,Region,Skin_Type
YUL-10000,2025-11-08,P003,Scalp Soothing Oil,Hair,2,8,28,0.2,Flagship Store,NYC,Combination
YUL-10001,2025-08-19,P005,Ceramide Barrier Cream,Skin,3,14,42,0.0,Flagship Store,Seoul,Oily
YUL-10002,2025-10-28,P004,Mugwort Essence,Skin,4,10,32,0.2,Flagship Store,Tokyo,Combination
YUL-10003,2024-02-14,P001,Deep Sea Hair Mask,Hair,1,12,38,0.0,Sephora,London,Oily
YUL-10004,2025-08-08,P002,Fermented Rice Serum,Skin,3,15,45,0.0,Sephora,London,Oily
YUL-10005,2025-02-06,P001,Deep Sea Hair Mask,Hair,1,12,38,0.1,Flagship Store,NYC,Combination
YUL-10006,2025-04-27,P002,Fermented Rice Serum,Skin,3,15,45,0.1,Olive Young,Tokyo,Dry
YUL-10007,2024-07-08,P001,Deep Sea Hair Mask,Hair,3,12,38,0.0,Online,London,Oily
YUL-10008,2025-06-10,P003,Scalp Soothing Oil,Hair,1,8,28,0.1,Olive Young,NYC,Dry
YUL-10009,2025-04-20,P005,Ceramide Barrier Cream,Skin,2,14,42,0.25,Online,London,Sensitive
YUL-10010,2025-02-06,P005,Ceramide Barrier Cream,Skin,2,14,42,0.2,Sephora,Seoul,Sensitive
YUL-10011,2025-11-29,P005,Ceramide Barrier Cream,Skin,4,14,42,0.0,Sephora,Tokyo,Sensitive
YUL-10012,2025-01-08,P001,Deep Sea Hair Mask,Hair,1,12,38,0.1,Sephora,Seoul,Sensitive
YUL-10013,2025-04-29,P003,Scalp Soothing Oil,Hair,3,8,28,0.2,Online,NYC,Combination
YUL-10014,2025-07-22,P005,Ceramide Barrier Cream,Skin,1,14,42,0.0,Flagship Store,NYC,Sensitive
YUL-10015,2025-10-30,P005,Ceramide Barrier Cream,Skin,2,14,42,0.0,Olive Young,London,Dry
YUL-10016,2025-05-19,P002,Fermented Rice Serum,Skin,2,15,45,0.0,Olive Young,London,Combination
YUL-10017,2025-07-17,P004,Mugwort Essence,Skin,3,10,32,0.0,Flagship Store,London,Sensitive
YUL-10018,2025-09-09,P001,Deep Sea Hair Mask,Hair,3,12,38,0.25,Online,London,Sensitive
YUL-10019,2025-09-21,P005,Ceramide Barrier Cream,Skin,4,14,42,0.2,Sephora,Seoul,Sensitive
YUL-10020,2024-11-06,P003,Scalp Soothing Oil,Hair,2,8,28,0.0,Online,Seoul,Combination
YUL-10021,2025-01-20,P004,Mugwort Essence,Skin,3,10,32,0.25,Flagship Store,NYC,Oily
YUL-10022,2024-09-15,P004,Mugwort Essence,Skin,3,10,32,0.25,Sephora,London,Combination
YUL-10023,2025-11-27,P003,Scalp Soothing Oil,Hair,1,8,28,0.2,Online,Tokyo,Combination
YUL-10024,2024-03-15,P003,Scalp Soothing Oil,Hair,2,8,28,0.25,Flagship Store,NYC,Dry
YUL-10025,2024-10-27,P004,Mugwort Essence,Skin,4,10,32,0.1,Flagship Store,Seoul,Combination
YUL-10026,2024-05-18,P003,Scalp Soothing Oil,Hair,2,8,28,0.1,Olive Young,London,Combination
YUL-10027,2024-10-09,P004,Mugwort Essence,Skin,3,10,32,0.2,Online,Seoul,Sensitive
YUL-10028,2024-01-27,P004,Mugwort Essence,Skin,4,10,32,0.25,Online,Tokyo,Combination
YUL-10029,2024-12-24,P001,Deep Sea Hair Mask,Hair,2,12,38,0.1,Sephora,Seoul,Combination
YUL-10030,2025-10-29,P004,Mugwort Essence,Skin,1,10,32,0.0,Sephora,Seoul,Oily
YUL-10031,2025-03-27,P003,Scalp Soothing Oil,Hair,1,8,28,0.2,Sephora,Tokyo,Combination
YUL-10032,2025-06-10,P005,Ceramide Barrier Cream,Skin,4,14,42,0.25,Sephora,Seoul,Combination
YUL-10033,2025-03-28,P004,Mugwort Essence,Skin,4,10,32,0.25,Flagship Store,London,Dry
YUL-10034,2025-07-05,P004,Mugwort Essence,Skin,2,10,32,0.0,Olive Young,London,Dry
YUL-10035,2024-05-28,P005,Ceramide Barrier Cream,Skin,2,14,42,0.0,Olive Young,Seoul,Dry
YUL-10036,2024-03-20,P003,Scalp Soothing Oil,Hair,2,8,28,0.1,Sephora,Seoul,Combination
YUL-10037,2025-11-09,P005,Ceramide Barrier Cream,Skin,1,14,42,0.0,Sephora,London,Sensitive
YUL-10038,2024-09-16,P005,Ceramide Barrier Cream,Skin,3,14,42,0.2,Online,Seoul,Oily
YUL-10039,2024-09-02,P002,Fermented Rice Serum,Skin,3,15,45,0.25,Flagship Store,Seoul,Oily
YUL-10040,2025-05-29,P001,Deep Sea Hair Mask,Hair,4,12,38,0.2,Sephora,London,Sensitive
YUL-10041,2024-05-20,P003,Scalp Soothing Oil,Hair,4,8,28,0.0,Flagship Store,Tokyo,Dry
YUL-10042,2025-07-01,P005,Ceramide Barrier Cream,Skin,4,14,42,0.2,Flagship Store,NYC,Dry
YUL-10043,2025-03-07,P003,Scalp Soothing Oil,Hair,3,8,28,0.0,Online,NYC,Sensitive
YUL-10044,2024-05-25,P004,Mugwort Essence,Skin,2,10,32,0.2,Flagship Store,NYC,Oily
YUL-10045,2025-09-18,P005,Ceramide Barrier Cream,Skin,2,14,42,0.0,Olive Young,London,Sensitive
YUL-10046,2025-05-02,P004,Mugwort Essence,Skin,4,10,32,0.0,Online,London,Dry
YUL-10047,2025-11-20,P004,Mugwort Essence,Skin,4,10,32,0.25,Flagship Store,NYC,Sensitive
YUL-10048,2024-03-18,P001,Deep Sea Hair Mask,Hair,3,12,38,0.0,Flagship Store,London,Dry
YUL-10049,2024-09-25,P004,Mugwort Essence,Skin,2,10,32,0.25,Online,NYC,Oily
YUL-10050,2025-01-23,P004,Mugwort Essence,Skin,2,10,32,0.0,Online,London,Sensitive
YUL-10051,2024-04-10,P004,Mugwort Essence,Skin,3,10,32,0.1,Flagship Store,Seoul,Combination
YUL-10052,2024-01-02,P003,Scalp Soothing Oil,Hair,1,8,28,0.1,Flagship Store,Tokyo,Dry
YUL-10053,2024-08-25,P005,Ceramide Barrier Cream,Skin,2,14,42,0.2,Sephora,Seoul,Combination
YUL-10054,2024-05-29,P002,Fermented Rice Serum,Skin,4,15,45,0.0,Flagship Store,Seoul,Dry
YUL-10055,2024-03-29,P005,Ceramide Barrier Cream,Skin,4,14,42,0.0,Online,Tokyo,Sensitive
YUL-10056,2024-02-24,P003,Scalp Soothing Oil,Hair,4,8,28,0.1,Flagship Store,Seoul,Dry
YUL-10057,2025-09-12,P004,Mugwort Essence,Skin,3,10,32,0.25,Sephora,London,Dry
YUL-10058,2024-10-27,P005,Ceramide Barrier Cream,Skin,2,14,42,0.0,Online,NYC,Combination
YUL-10059,2025-06-10,P002,Fermented Rice Serum,Skin,1,15,45,0.1,Sephora,NYC,Combination
YUL-10060,2024-11-26,P002,Fermented Rice Serum,Skin,2,15,45,0.0,Olive Young,NYC,Dry
YUL-10061,2024-04-30,P001,Deep Sea Hair Mask,Hair,1,12,38,0.0,Flagship Store,London,Combination
YUL-10062,2024-02-01,P003,Scalp Soothing Oil,Hair,3,8,28,0.0,Olive Young,NYC,Oily
YUL-10063,2024-01-05,P005,Ceramide Barrier Cream,Skin,3,14,42,0.0,Olive Young,London,Combination
YUL-10064,2024-07-03,P003,Scalp Soothing Oil,Hair,1,8,28,0.0,Online,Seoul,Combination
YUL-10065,2025-07-15,P002,Fermented Rice Serum,Skin,2,15,45,0.0,Flagship Store,Tokyo,Combination
YUL-10066,2024-10-11,P005,Ceramide Barrier Cream,Skin,3,14,42,0.1,Sephora,London,Dry
YUL-10067,2025-04-30,P002,Fermented Rice Serum,Skin,2,15,45,0.0,Sephora,Seoul,Dry
YUL-10068,2024-06-28,P004,Mugwort Essence,Skin,4,10,32,0.2,Flagship Store,Tokyo,Dry
YUL-10069,2024-03-06,P001,Deep Sea Hair Mask,Hair,3,12,38,0.0,Olive Young,Tokyo,Combination
YUL-10070,2025-05-23,P004,Mugwort Essence,Skin,4,10,32,0.0,Sephora,Seoul,Oily
YUL-10071,2025-03-20,P005,Ceramide Barrier Cream,Skin,3,14,42,0.2,Sephora,NYC,Combination
YUL-10072,2024-12-02,P003,Scalp Soothing Oil,Hair,2,8,28,0.0,Sephora,Tokyo,Dry
YUL-10073,2024-03-19,P001,Deep Sea Hair Mask,Hair,4,12,38,0.25,Olive Young,London,Combination
YUL-10074,2024-02-04,P004,Mugwort Essence,Skin,2,10,32,0.0,Sephora,Tokyo,Dry
YUL-10075,2024-11-17,P002,Fermented Rice Serum,Skin,2,15,45,0.2,Online,NYC,Oily
YUL-10076,2025-09-10,P001,Deep Sea Hair Mask,Hair,2,12,38,0.0,Flagship Store,London,Sensitive
YUL-10077,2025-05-03,P001,Deep Sea Hair Mask,Hair,3,12,38,0.0,Online,London,Oily
YUL-10078,2025-03-12,P005,Ceramide Barrier Cream,Skin,3,14,42,0.0,Sephora,Tokyo,Oily
YUL-10079,2024-07-18,P002,Fermented Rice Serum,Skin,4,15,45,0.0,Sephora,Seoul,Oily
YUL-10080,2024-01-25,P003,Scalp Soothing Oil,Hair,4,8,28,0.25,Flagship Store,NYC,Oily
YUL-10081,2024-08-27,P004,Mugwort Essence,Skin,3,10,32,0.0,Online,Tokyo,Oily
YUL-10082,2024-04-01,P001,Deep Sea Hair Mask,Hair,2,12,38,0.0,Sephora,Seoul,Sensitive
YUL-10083,2025-09-06,P002,Fermented Rice Serum,Skin,3,15,45,0.2,Online,London,Oily
YUL-10084,2024-12-11,P003,Scalp Soothing Oil,Hair,4,8,28,0.2,Olive Young,Seoul,Oily
YUL-10085,2024-11-20,P002,Fermented Rice Serum,Skin,4,15,45,0.0,Sephora,Tokyo,Sensitive
YUL-10086,2025-03-08,P003,Scalp Soothing Oil,Hair,2,8,28,0.0,Online,Tokyo,Combination
YUL-10087,2025-10-31,P005,Ceramide Barrier Cream,Skin,3,14,42,0.2,Sephora,NYC,Oily
YUL-10088,2025-01-19,P003,Scalp Soothing Oil,Hair,2,8,28,0.2,Flagship Store,NYC,Oily
YUL-10089,2025-09-05,P002,Fermented Rice Serum,Skin,2,15,45,0.0,Sephora,Tokyo,Combination
YUL-10090,2024-12-09,P005,Ceramide Barrier Cream,Skin,2,14,42,0.0,Flagship Store,NYC,Sensitive
YUL-10091,2025-01-28,P002,Fermented Rice Serum,Skin,1,15,45,0.25,Olive Young,Tokyo,Oily
YUL-10092,2024-09-14,P004,Mugwort Essence,Skin,2,10,32,0.0,Online,NYC,Sensitive
YUL-10093,2024-05-11,P001,Deep Sea Hair Mask,Hair,2,12,38,0.0,Online,Tokyo,Combination
YUL-10094,2025-12-22,P001,Deep Sea Hair Mask,Hair,2,12,38,0.0,Flagship Store,NYC,Dry
YUL-10095,2024-01-23,P002,Fermented Rice Serum,Skin,2,15,45,0.1,Olive Young,Seoul,Combination
YUL-10096,2024-04-30,P002,Fermented Rice Serum,Skin,1,15,45,0.2,Online,NYC,Sensitive
YUL-10097,2025-10-22,P002,Fermented Rice Serum,Skin,1,15,45,0.0,Online,London,Sensitive
YUL-10098,2025-09-04,P002,Fermented Rice Serum,Skin,1,15,45,0.1,Flagship Store,Tokyo,Sensitive
YUL-10099,2025-05-29,P003,Scalp Soothing Oil,Hair,2,8,28,0.0,Olive Young,Seoul,Oily
YUL-10100,2024-07-17,P004,Mugwort Essence,Skin,1,10,32,0.0,Flagship Store,Seoul,Combination
YUL-10101,2025-03-30,P005,Ceramide Barrier Cream,Skin,2,14,42,0.1,Sephora,London,Combination
YUL-10102,2025-03-26,P004,Mugwort Essence,Skin,2,10,32,0.0,Flagship Store,NYC,Dry
YUL-10103,2024-07-29,P003,Scalp Soothing Oil,Hair,1,8,28,0.1,Flagship Store,NYC,Dry
YUL-10104,2024-10-17,P004,Mugwort Essence,Skin,2,10,32,0.1,Sephora,Seoul,Sensitive
YUL-10105,2024-02-26,P002,Fermented Rice Serum,Skin,3,15,45,0.0,Olive Young,NYC,Sensitive
YUL-10106,2025-04-26,P001,Deep Sea Hair Mask,Hair,4,12,38,0.0,Online,Seoul,Oily
YUL-10107,2025-08-15,P003,Scalp Soothing Oil,Hair,3,8,28,0.0,Sephora,NYC,Combination
YUL-10108,2024-08-05,P001,Deep Sea Hair Mask,Hair,1,12,38,0.0,Online,Tokyo,Sensitive
YUL-10109,2025-01-17,P002,Fermented Rice Serum,Skin,1,15,45,0.0,Sephora,Seoul,Dry
YUL-10110,2024-07-06,P004,Mugwort Essence,Skin,1,10,32,0.2,Flagship Store,NYC,Sensitive
YUL-10111,2024-06-18,P002,Fermented Rice Serum,Skin,3,15,45,0.25,Online,Tokyo,Sensitive
YUL-10112,2025-11-28,P001,Deep Sea Hair Mask,Hair,1,12,38,0.25,Flagship Store,NYC,Combination
YUL-10113,2025-12-26,P002,Fermented Rice Serum,Skin,4,15,45,0.1,Sephora,London,Sensitive
YUL-10114,2025-02-19,P005,Ceramide Barrier Cream,Skin,2,14,42,0.1,Flagship Store,London,Dry
YUL-10115,2025-11-12,P005,Ceramide Barrier Cream,Skin,2,14,42,0.1,Sephora,Tokyo,Sensitive
YUL-10116,2024-08-03,P001,Deep Sea Hair Mask,Hair,4,12,38,0.0,Flagship Store,Seoul,Oily
YUL-10117,2024-09-04,P004,Mugwort Essence,Skin,3,10,32,0.1,Sephora,London,Dry
YUL-10118,2024-05-19,P005,Ceramide Barrier Cream,Skin,2,14,42,0.25,Sephora,Seoul,Sensitive
YUL-10119,2025-04-03,P001,Deep Sea Hair Mask,Hair,3,12,38,0.0,Flagship Store,Tokyo,Sensitive
YUL-10120,2025-06-27,P002,Fermented Rice Serum,Skin,3,15,45,0.0,Online,Tokyo,Combination
YUL-10121,2024-11-24,P002,Fermented Rice Serum,Skin,1,15,45,0.0,Sephora,Tokyo,Dry
YUL-10122,2025-06-13,P003,Scalp Soothing Oil,Hair,2,8,28,0.0,Flagship Store,Seoul,Combination
YUL-10123,2025-04-14,P002,Fermented Rice Serum,Skin,3,15,45,0.0,Online,Seoul,Oily
YUL-10124,2025-10-12,P003,Scalp Soothing Oil,Hair,2,8,28,0.1,Olive Young,London,Oily
YUL-10125,2024-04-07,P004,Mugwort Essence,Skin,3,10,32,0.0,Flagship Store,London,Sensitive
YUL-10126,2024-05-12,P002,Fermented Rice Serum,Skin,3,15,45,0.0,Online,NYC,Dry
YUL-10127,2024-10-14,P003,Scalp Soothing Oil,Hair,3,8,28,0.0,Sephora,Tokyo,Dry
YUL-10128,2025-10-25,P004,Mugwort Essence,Skin,3,10,32,0.0,Flagship Store,Seoul,Combination
YUL-10129,2025-03-11,P004,Mugwort Essence,Skin,1,10,32,0.25,Sephora,Tokyo,Combination
YUL-10130,2025-04-10,P005,Ceramide Barrier Cream,Skin,3,14,42,0.0,Olive Young,Tokyo,Oily
YUL-10131,2024-06-16,P003,Scalp Soothing Oil,Hair,4,8,28,0.0,Online,Tokyo,Combination
YUL-10132,2024-12-09,P001,Deep Sea Hair Mask,Hair,1,12,38,0.0,Flagship Store,Tokyo,Dry
YUL-10133,2025-04-26,P004,Mugwort Essence,Skin,4,10,32,0.0,Flagship Store,Tokyo,Combination
YUL-10134,2025-08-01,P003,Scalp Soothing Oil,Hair,4,8,28,0.0,Olive Young,Tokyo,Dry
YUL-10135,2025-04-03,P002,Fermented Rice Serum,Skin,1,15,45,0.0,Sephora,Tokyo,Oily
YUL-10136,2025-04-26,P004,Mugwort Essence,Skin,1,10,32,0.0,Online,London,Combination
YUL-10137,2025-05-05,P003,Scalp Soothing Oil,Hair,3,8,28,0.1,Online,Tokyo,Dry
YUL-10138,2024-03-27,P002,Fermented Rice Serum,Skin,1,15,45,0.0,Sephora,Seoul,Oily
YUL-10139,2024-08-15,P005,Ceramide Barrier Cream,Skin,4,14,42,0.0,Online,Tokyo,Sensitive
YUL-10140,2024-07-01,P004,Mugwort Essence,Skin,3,10,32,0.25,Sephora,London,Combination
YUL-10141,2024-04-14,P002,Fermented Rice Serum,Skin,4,15,45,0.0,Olive Young,Tokyo,Combination
YUL-10142,2024-03-19,P003,Scalp Soothing Oil,Hair,2,8,28,0.0,Sephora,NYC,Dry
YUL-10143,2025-01-14,P003,Scalp Soothing Oil,Hair,4,8,28,0.0,Sephora,NYC,Oily
YUL-10144,2024-06-21,P004,Mugwort Essence,Skin,3,10,32,0.25,Online,Seoul,Oily
YUL-10145,2024-03-08,P001,Deep Sea Hair Mask,Hair,2,12,38,0.0,Flagship Store,London,Dry
YUL-10146,2025-03-30,P001,Deep Sea Hair Mask,Hair,4,12,38,0.0,Flagship Store,Tokyo,Dry
YUL-10147,2024-10-20,P002,Fermented Rice Serum,Skin,1,15,45,0.0,Flagship Store,Seoul,Sensitive
YUL-10148,2025-02-14,P005,Ceramide Barrier Cream,Skin,4,14,42,0.25,Sephora,Seoul,Sensitive
YUL-10149,2025-03-06,P001,Deep Sea Hair Mask,Hair,3,12,38,0.1,Flagship Store,London,Oily
YUL-10150,2025-07-18,P003,Scalp Soothing Oil,Hair,3,8,28,0.0,Olive Young,Seoul,Oily
YUL-10151,2024-05-21,P005,Ceramide Barrier Cream,Skin,4,14,42,0.0,Olive Young,Seoul,Dry
YUL-10152,2024-02-09,P002,Fermented Rice Serum,Skin,3,15,45,0.0,Flagship Store,London,Combination
YUL-10153,2025-11-05,P002,Fermented Rice Serum,Skin,3,15,45,0.0,Flagship Store,Seoul,Oily
YUL-10154,2024-12-28,P005,Ceramide Barrier Cream,Skin,1,14,42,0.2,Flagship Store,NYC,Combination
YUL-10155,2024-06-22,P004,Mugwort Essence,Skin,4,10,32,0.1,Flagship Store,London,Dry
YUL-10156,2024-08-25,P005,Ceramide Barrier Cream,Skin,4,14,42,0.2,Sephora,London,Combination
YUL-10157,2024-12-21,P004,Mugwort Essence,Skin,1,10,32,0.2,Online,London,Dry
YUL-10158,2025-05-06,P004,Mugwort Essence,Skin,4,10,32,0.25,Olive Young,NYC,Combination
YUL-10159,2024-12-25,P005,Ceramide Barrier Cream,Skin,2,14,42,0.25,Flagship Store,Seoul,Combination
YUL-10160,2024-02-21,P001,Deep Sea Hair Mask,Hair,2,12,38,0.0,Sephora,Seoul,Sensitive
YUL-10161,2025-05-26,P005,Ceramide Barrier Cream,Skin,1,14,42,0.0,Sephora,Tokyo,Oily
YUL-10162,2024-11-25,P003,Scalp Soothing Oil,Hair,2,8,28,0.0,Sephora,NYC,Dry
YUL-10163,2024-05-21,P004,Mugwort Essence,Skin,4,10,32,0.25,Olive Young,London,Dry
YUL-10164,2025-09-09,P005,Ceramide Barrier Cream,Skin,4,14,42,0.0,Olive Young,London,Dry
YUL-10165,2024-04-05,P004,Mugwort Essence,Skin,3,10,32,0.2,Flagship Store,Seoul,Oily
YUL-10166,2024-09-22,P003,Scalp Soothing Oil,Hair,1,8,28,0.0,Sephora,Tokyo,Sensitive
YUL-10167,2024-12-11,P004,Mugwort Essence,Skin,3,10,32,0.1,Sephora,Tokyo,Dry
YUL-10168,2024-05-26,P002,Fermented Rice Serum,Skin,1,15,45,0.25,Flagship Store,Seoul,Oily
YUL-10169,2025-09-28,P003,Scalp Soothing Oil,Hair,1,8,28,0.0,Olive Young,NYC,Oily
YUL-10170,2025-06-27,P001,Deep Sea Hair Mask,Hair,3,12,38,0.25,Sephora,London,Combination
YUL-10171,2024-04-18,P002,Fermented Rice Serum,Skin,2,15,45,0.1,Online,Tokyo,Combination
YUL-10172,2025-09-14,P002,Fermented Rice Serum,Skin,1,15,45,0.1,Sephora,Tokyo,Combination
YUL-10173,2024-11-18,P004,Mugwort Essence,Skin,1,10,32,0.0,Sephora,London,Dry
YUL-10174,2025-05-17,P002,Fermented Rice Serum,Skin,4,15,45,0.1,Flagship Store,Seoul,Dry
YUL-10175,2024-12-07,P004,Mugwort Essence,Skin,4,10,32,0.0,Olive Young,Seoul,Dry
YUL-10176,2024-06-03,P005,Ceramide Barrier Cream,Skin,1,14,42,0.0,Sephora,NYC,Combination
YUL-10177,2025-10-07,P001,Deep Sea Hair Mask,Hair,2,12,38,0.0,Sephora,NYC,Oily
YUL-10178,2025-09-29,P004,Mugwort Essence,Skin,4,10,32,0.1,Flagship Store,NYC,Combination
YUL-10179,2024-07-17,P004,Mugwort Essence,Skin,4,10,32,0.1,Flagship Store,Seoul,Oily
YUL-10180,2024-09-09,P004,Mugwort Essence,Skin,2,10,32,0.25,Online,London,Sensitive
YUL-10181,2025-08-16,P001,Deep Sea Hair Mask,Hair,3,12,38,0.0,Sephora,London,Sensitive
YUL-10182,2025-04-07,P001,Deep Sea Hair Mask,Hair,3,12,38,0.25,Online,NYC,Combination
YUL-10183,2025-02-11,P001,Deep Sea Hair Mask,Hair,4,12,38,0.0,Flagship Store,NYC,Combination
YUL-10184,2024-01-05,P003,Scalp Soothing Oil,Hair,1,8,28,0.0,Online,Tokyo,Dry
YUL-10185,2025-02-17,P002,Fermented Rice Serum,Skin,1,15,45,0.2,Sephora,Tokyo,Combination
YUL-10186,2025-03-01,P004,Mugwort Essence,Skin,3,10,32,0.0,Flagship Store,Seoul,Oily
YUL-10187,2025-10-26,P001,Deep Sea Hair Mask,Hair,4,12,38,0.2,Olive Young,London,Oily
YUL-10188,2025-12-01,P004,Mugwort Essence,Skin,1,10,32,0.2,Online,London,Combination
YUL-10189,2025-05-28,P001,Deep Sea Hair Mask,Hair,2,12,38,0.1,Flagship Store,Seoul,Sensitive
YUL-10190,2024-01-22,P005,Ceramide Barrier Cream,Skin,1,14,42,0.2,Online,Tokyo,Combination
YUL-10191,2025-04-30,P001,Deep Sea Hair Mask,Hair,2,12,38,0.1,Olive Young,Seoul,Dry
YUL-10192,2024-02-21,P004,Mugwort Essence,Skin,4,10,32,0.0,Online,London,Dry
YUL-10193,2025-09-22,P001,Deep Sea Hair Mask,Hair,2,12,38,0.1,Olive Young,Seoul,Oily
YUL-10194,2024-12-15,P001,Deep Sea Hair Mask,Hair,4,12,38,0.2,Online,London,Sensitive
YUL-10195,2025-04-05,P001,Deep Sea Hair Mask,Hair,1,12,38,0.0,Sephora,Seoul,Sensitive
YUL-10196,2025-11-05,P001,Deep Sea Hair Mask,Hair,2,12,38,0.0,Olive Young,Seoul,Combination
YUL-10197,2025-09-12,P002,Fermented Rice Serum,Skin,3,15,45,0.25,Olive Young,Seoul,Oily
YUL-10198,2024-11-27,P001,Deep Sea Hair Mask,Hair,1,12,38,0.0,Online,NYC,Dry
YUL-10199,2024-12-10,P001,Deep Sea Hair Mask,Hair,1,12,38,0.0,Sephora,NYC,Combination
YUL-10200,2024-08-15,P001,Deep Sea Hair Mask,Hair,3,12,38,0.1,Sephora,London,Sensitive
YUL-10201,2024-10-09,P004,Mugwort Essence,Skin,3,10,32,0.0,Olive Young,Seoul,Dry
YUL-10202,2024-10-24,P002,Fermented Rice Serum,Skin,3,15,45,0.0,Olive Young,NYC,Combination
YUL-10203,2025-07-03,P002,Fermented Rice Serum,Skin,1,15,45,0.2,Sephora,NYC,Oily
YUL-10204,2025-03-27,P005,Ceramide Barrier Cream,Skin,2,14,42,0.1,Olive Young,NYC,Oily
YUL-10205,2025-02-08,P005,Ceramide Barrier Cream,Skin,2,14,42,0.25,Online,Tokyo,Combination
YUL-10206,2024-05-04,P004,Mugwort Essence,Skin,1,10,32,0.0,Flagship Store,Seoul,Sensitive
YUL-10207,2025-04-13,P004,Mugwort Essence,Skin,2,10,32,0.2,Olive Young,Seoul,Sensitive
YUL-10208,2024-09-30,P005,Ceramide Barrier Cream,Skin,1,14,42,0.0,Flagship Store,NYC,Combination
YUL-10209,2024-08-29,P001,Deep Sea Hair Mask,Hair,2,12,38,0.0,Sephora,NYC,Dry
YUL-10210,2025-01-30,P005,Ceramide Barrier Cream,Skin,3,14,42,0.1,Flagship Store,Seoul,Sensitive
YUL-10211,2025-06-25,P005,Ceramide Barrier Cream,Skin,1,14,42,0.2,Flagship Store,Tokyo,Sensitive
YUL-10212,2024-12-22,P003,Scalp Soothing Oil,Hair,2,8,28,0.0,Sephora,London,Sensitive
YUL-10213,2024-12-15,P003,Scalp Soothing Oil,Hair,4,8,28,0.25,Olive Young,Seoul,Dry
YUL-10214,2024-01-13,P005,Ceramide Barrier Cream,Skin,1,14,42,0.0,Sephora,London,Dry
YUL-10215,2024-03-06,P003,Scalp Soothing Oil,Hair,3,8,28,0.0,Sephora,Seoul,Combination
YUL-10216,2024-03-02,P003,Scalp Soothing Oil,Hair,1,8,28,0.0,Online,London,Oily
YUL-10217,2025-11-21,P001,Deep Sea Hair Mask,Hair,2,12,38,0.1,Online,NYC,Sensitive
YUL-10218,2024-07-30,P002,Fermented Rice Serum,Skin,3,15,45,0.0,Flagship Store,Tokyo,Dry
YUL-10219,2025-12-22,P004,Mugwort Essence,Skin,3,10,32,0.2,Sephora,Tokyo,Oily
YUL-10220,2025-05-08,P005,Ceramide Barrier Cream,Skin,2,14,42,0.1,Flagship Store,London,Combination
YUL-10221,2025-04-08,P001,Deep Sea Hair Mask,Hair,3,12,38,0.1,Flagship Store,Seoul,Combination
YUL-10222,2025-11-08,P001,Deep Sea Hair Mask,Hair,3,12,38,0.0,Online,Tokyo,Combination
YUL-10223,2024-06-06,P005,Ceramide Barrier Cream,Skin,3,14,42,0.1,Sephora,London,Oily
YUL-10224,2025-05-15,P005,Ceramide Barrier Cream,Skin,2,14,42,0.1,Sephora,Tokyo,Oily
YUL-10225,2025-01-24,P001,Deep Sea Hair Mask,Hair,1,12,38,0.25,Online,Seoul,Combination
YUL-10226,2024-09-17,P001,Deep Sea Hair Mask,Hair,4,12,38,0.0,Olive Young,Tokyo,Dry
YUL-10227,2024-02-20,P005,Ceramide Barrier Cream,Skin,4,14,42,0.25,Online,NYC,Oily
YUL-10228,2025-05-28,P003,Scalp Soothing Oil,Hair,2,8,28,0.2,Sephora,London,Combination
YUL-10229,2024-01-22,P004,Mugwort Essence,Skin,4,10,32,0.25,Flagship Store,Tokyo,Oily
YUL-10230,2024-11-27,P002,Fermented Rice Serum,Skin,3,15,45,0.25,Online,London,Oily
YUL-10231,2024-02-03,P005,Ceramide Barrier Cream,Skin,1,14,42,0.0,Sephora,NYC,Combination
YUL-10232,2025-01-03,P004,Mugwort Essence,Skin,1,10,32,0.2,Olive Young,Seoul,Sensitive
YUL-10233,2024-03-24,P003,Scalp Soothing Oil,Hair,1,8,28,0.0,Olive Young,NYC,Dry
YUL-10234,2024-06-19,P004,Mugwort Essence,Skin,4,10,32,0.0,Sephora,Tokyo,Oily
YUL-10235,2024-03-09,P002,Fermented Rice Serum,Skin,1,15,45,0.2,Olive Young,NYC,Sensitive
YUL-10236,2024-08-22,P002,Fermented Rice Serum,Skin,4,15,45,0.2,Online,NYC,Dry
YUL-10237,2025-06-02,P003,Scalp Soothing Oil,Hair,3,8,28,0.0,Online,Seoul,Dry
YUL-10238,2024-08-28,P001,Deep Sea Hair Mask,Hair,4,12,38,0.2,Sephora,NYC,Sensitive
YUL-10239,2024-05-05,P003,Scalp Soothing Oil,Hair,1,8,28,0.0,Online,Seoul,Dry
YUL-10240,2024-06-22,P004,Mugwort Essence,Skin,2,10,32,0.25,Flagship Store,Tokyo,Sensitive
YUL-10241,2024-03-23,P003,Scalp Soothing Oil,Hair,1,8,28,0.0,Olive Young,London,Combination
YUL-10242,2024-09-28,P001,Deep Sea Hair Mask,Hair,3,12,38,0.0,Online,NYC,Sensitive
YUL-10243,2025-08-19,P001,Deep Sea Hair Mask,Hair,3,12,38,0.1,Olive Young,London,Oily
YUL-10244,2025-07-19,P004,Mugwort Essence,Skin,1,10,32,0.25,Online,Seoul,Sensitive
YUL-10245,2024-05-01,P001,Deep Sea Hair Mask,Hair,3,12,38,0.1,Olive Young,NYC,Combination
YUL-10246,2025-10-27,P001,Deep Sea Hair Mask,Hair,1,12,38,0.0,Flagship Store,NYC,Dry
YUL-10247,2025-03-27,P001,Deep Sea Hair Mask,Hair,4,12,38,0.2,Sephora,Seoul,Oily
YUL-10248,2025-04-07,P002,Fermented Rice Serum,Skin,4,15,45,0.25,Olive Young,Seoul,Oily
YUL-10249,2024-08-11,P002,Fermented Rice Serum,Skin,2,15,45,0.25,Flagship Store,Seoul,Oily
YUL-10250,2025-01-09,P004,Mugwort Essence,Skin,1,10,32,0.1,Flagship Store,NYC,Dry
YUL-10251,2024-08-09,P005,Ceramide Barrier Cream,Skin,4,14,42,0.0,Sephora,Seoul,Oily
YUL-10252,2024-01-30,P002,Fermented Rice Serum,Skin,3,15,45,0.2,Flagship Store,Seoul,Combination
YUL-10253,2025-10-14,P005,Ceramide Barrier Cream,Skin,3,14,42,0.25,Olive Young,NYC,Sensitive
YUL-10254,2025-02-03,P001,Deep Sea Hair Mask,Hair,1,12,38,0.0,Olive Young,NYC,Combination
YUL-10255,2024-06-08,P001,Deep Sea Hair Mask,Hair,2,12,38,0.1,Olive Young,Seoul,Dry
YUL-10256,2025-08-09,P004,Mugwort Essence,Skin,2,10,32,0.25,Sephora,London,Dry
YUL-10257,2024-07-23,P004,Mugwort Essence,Skin,4,10,32,0.0,Olive Young,Tokyo,Oily
YUL-10258,2025-06-13,P001,Deep Sea Hair Mask,Hair,3,12,38,0.0,Olive Young,NYC,Dry
YUL-10259,2025-06-15,P004,Mugwort Essence,Skin,4,10,32,0.0,Flagship Store,London,Dry
YUL-10260,2025-08-19,P002,Fermented Rice Serum,Skin,4,15,45,0.0,Olive Young,Tokyo,Dry
YUL-10261,2024-09-16,P004,Mugwort Essence,Skin,2,10,32,0.0,Sephora,NYC,Sensitive
YUL-10262,2024-01-07,P003,Scalp Soothing Oil,Hair,4,8,28,0.0,Online,NYC,Dry
YUL-10263,2024-10-23,P002,Fermented Rice Serum,Skin,4,15,45,0.2,Olive Young,London,Sensitive
YUL-10264,2024-05-18,P002,Fermented Rice Serum,Skin,1,15,45,0.0,Online,Seoul,Dry
YUL-10265,2025-04-18,P002,Fermented Rice Serum,Skin,4,15,45,0.0,Online,London,Sensitive
YUL-10266,2025-05-10,P005,Ceramide Barrier Cream,Skin,3,14,42,0.25,Online,Tokyo,Dry
YUL-10267,2025-07-08,P003,Scalp Soothing Oil,Hair,4,8,28,0.25,Flagship Store,London,Combination
YUL-10268,2024-12-20,P003,Scalp Soothing Oil,Hair,3,8,28,0.2,Flagship Store,London,Dry
YUL-10269,2024-04-18,P003,Scalp Soothing Oil,Hair,2,8,28,0.0,Sephora,Tokyo,Dry
YUL-10270,2024-01-05,P005,Ceramide Barrier Cream,Skin,1,14,42,0.2,Online,NYC,Sensitive
YUL-10271,2024-09-30,P002,Fermented Rice Serum,Skin,1,15,45,0.0,Online,Tokyo,Combination
YUL-10272,2024-11-11,P002,Fermented Rice Serum,Skin,2,15,45,0.1,Online,Tokyo,Sensitive
YUL-10273,2025-11-05,P002,Fermented Rice Serum,Skin,4,15,45,0.0,Online,Seoul,Dry
YUL-10274,2025-06-05,P001,Deep Sea Hair Mask,Hair,2,12,38,0.0,Flagship Store,NYC,Sensitive
YUL-10275,2025-04-05,P001,Deep Sea Hair Mask,Hair,3,12,38,0.2,Flagship Store,London,Oily
YUL-10276,2025-11-27,P004,Mugwort Essence,Skin,3,10,32,0.0,Online,Tokyo,Sensitive
YUL-10277,2024-12-18,P004,Mugwort Essence,Skin,1,10,32,0.0,Flagship Store,London,Combination
YUL-10278,2025-06-08,P002,Fermented Rice Serum,Skin,1,15,45,0.1,Olive Young,NYC,Dry
YUL-10279,2024-12-31,P002,Fermented Rice Serum,Skin,4,15,45,0.1,Sephora,Tokyo,Oily
YUL-10280,2025-02-16,P004,Mugwort Essence,Skin,3,10,32,0.0,Sephora,Seoul,Sensitive
YUL-10281,2024-04-22,P001,Deep Sea Hair Mask,Hair,3,12,38,0.0,Online,London,Dry
YUL-10282,2024-05-14,P003,Scalp Soothing Oil,Hair,2,8,28,0.1,Sephora,NYC,Dry
YUL-10283,2025-12-02,P005,Ceramide Barrier Cream,Skin,1,14,42,0.0,Flagship Store,Seoul,Oily
YUL-10284,2024-06-14,P004,Mugwort Essence,Skin,4,10,32,0.0,Sephora,London,Sensitive
YUL-10285,2025-06-18,P005,Ceramide Barrier Cream,Skin,1,14,42,0.0,Online,NYC,Oily
YUL-10286,2024-12-19,P002,Fermented Rice Serum,Skin,3,15,45,0.2,Olive Young,Seoul,Sensitive
YUL-10287,2024-03-22,P003,Scalp Soothing Oil,Hair,1,8,28,0.0,Flagship Store,Seoul,Oily
YUL-10288,2025-04-09,P004,Mugwort Essence,Skin,1,10,32,0.0,Sephora,NYC,Oily
YUL-10289,2024-03-10,P005,Ceramide Barrier Cream,Skin,1,14,42,0.1,Olive Young,NYC,Combination
YUL-10290,2025-01-27,P004,Mugwort Essence,Skin,1,10,32,0.1,Sephora,Tokyo,Combination
YUL-10291,2025-03-22,P001,Deep Sea Hair Mask,Hair,3,12,38,0.0,Olive Young,Tokyo,Sensitive
YUL-10292,2024-08-01,P005,Ceramide Barrier Cream,Skin,4,14,42,0.1,Sephora,NYC,Combination
YUL-10293,2025-11-07,P005,Ceramide Barrier Cream,Skin,1,14,42,0.0,Online,London,Sensitive
YUL-10294,2024-07-25,P005,Ceramide Barrier Cream,Skin,4,14,42,0.0,Olive Young,NYC,Oily
YUL-10295,2025-08-17,P004,Mugwort Essence,Skin,2,10,32,0.2,Olive Young,London,Dry
YUL-10296,2024-01-04,P003,Scalp Soothing Oil,Hair,4,8,28,0.1,Online,Seoul,Sensitive
YUL-10297,2025-03-03,P004,Mugwort Essence,Skin,4,10,32,0.0,Flagship Store,Seoul,Oily
YUL-10298,2024-09-10,P002,Fermented Rice Serum,Skin,1,15,45,0.25,Sephora,Tokyo,Dry
YUL-10299,2025-06-23,P004,Mugwort Essence,Skin,2,10,32,0.0,Olive Young,Seoul,Combination
YUL-10300,2025-08-09,P001,Deep Sea Hair Mask,Hair,3,12,38,0.0,Olive Young,Tokyo,Dry
YUL-10301,2024-10-16,P001,Deep Sea Hair Mask,Hair,1,12,38,0.2,Sephora,Seoul,Sensitive
YUL-10302,2025-12-24,P004,Mugwort Essence,Skin,4,10,32,0.0,Online,Tokyo,Combination
YUL-10303,2025-09-03,P005,Ceramide Barrier Cream,Skin,4,14,42,0.0,Olive Young,London,Sensitive
YUL-10304,2024-09-10,P003,Scalp Soothing Oil,Hair,2,8,28,0.25,Olive Young,NYC,Combination
YUL-10305,2024-06-26,P001,Deep Sea Hair Mask,Hair,2,12,38,0.0,Olive Young,Tokyo,Dry
YUL-10306,2024-07-18,P003,Scalp Soothing Oil,Hair,1,8,28,0.0,Online,London,Oily
YUL-10307,2025-03-07,P004,Mugwort Essence,Skin,1,10,32,0.0,Online,NYC,Oily
YUL-10308,2025-12-30,P003,Scalp Soothing Oil,Hair,4,8,28,0.0,Flagship Store,London,Dry
YUL-10309,2025-07-28,P004,Mugwort Essence,Skin,4,10,32,0.0,Flagship Store,Tokyo,Combination
YUL-10310,2024-07-06,P005,Ceramide Barrier Cream,Skin,1,14,42,0.0,Flagship Store,NYC,Dry
YUL-10311,2024-05-07,P003,Scalp Soothing Oil,Hair,1,8,28,0.0,Flagship Store,NYC,Combination
YUL-10312,2025-12-14,P005,Ceramide Barrier Cream,Skin,4,14,42,0.2,Sephora,Tokyo,Combination
YUL-10313,2025-01-30,P005,Ceramide Barrier Cream,Skin,4,14,42,0.0,Flagship Store,London,Sensitive
YUL-10314,2025-02-15,P002,Fermented Rice Serum,Skin,4,15,45,0.1,Flagship Store,Tokyo,Dry
YUL-10315,2025-04-09,P001,Deep Sea Hair Mask,Hair,3,12,38,0.1,Flagship Store,Seoul,Dry
YUL-10316,2024-05-11,P001,Deep Sea Hair Mask,Hair,3,12,38,0.0,Sephora,Tokyo,Dry
YUL-10317,2025-10-03,P001,Deep Sea Hair Mask,Hair,3,12,38,0.25,Flagship Store,London,Combination
YUL-10318,2025-05-13,P001,Deep Sea Hair Mask,Hair,3,12,38,0.0,Sephora,Tokyo,Sensitive
YUL-10319,2024-04-11,P002,Fermented Rice Serum,Skin,4,15,45,0.1,Olive Young,Seoul,Sensitive
YUL-10320,2025-11-12,P005,Ceramide Barrier Cream,Skin,1,14,42,0.0,Online,NYC,Oily
YUL-10321,2025-01-07,P005,Ceramide Barrier Cream,Skin,2,14,42,0.0,Olive Young,NYC,Oily
YUL-10322,2024-09-17,P005,Ceramide Barrier Cream,Skin,4,14,42,0.2,Sephora,Tokyo,Oily
YUL-10323,2025-11-23,P003,Scalp Soothing Oil,Hair,1,8,28,0.0,Flagship Store,Tokyo,Combination
YUL-10324,2025-09-30,P002,Fermented Rice Serum,Skin,3,15,45,0.2,Olive Young,London,Oily
YUL-10325,2024-12-14,P001,Deep Sea Hair Mask,Hair,3,12,38,0.0,Flagship Store,Seoul,Sensitive
YUL-10326,2024-08-09,P005,Ceramide Barrier Cream,Skin,4,14,42,0.1,Olive Young,NYC,Dry
YUL-10327,2025-08-09,P003,Scalp Soothing Oil,Hair,2,8,28,0.0,Flagship Store,Seoul,Sensitive
YUL-10328,2024-12-03,P001,Deep Sea Hair Mask,Hair,4,12,38,0.1,Olive Young,NYC,Sensitive
YUL-10329,2024-03-23,P002,Fermented Rice Serum,Skin,3,15,45,0.1,Online,NYC,Combination
YUL-10330,2024-09-06,P004,Mugwort Essence,Skin,3,10,32,0.0,Flagship Store,NYC,Sensitive
YUL-10331,2025-08-12,P003,Scalp Soothing Oil,Hair,2,8,28,0.0,Olive Young,London,Sensitive
YUL-10332,2025-09-25,P004,Mugwort Essence,Skin,3,10,32,0.25,Olive Young,NYC,Combination
YUL-10333,2024-03-11,P003,Scalp Soothing Oil,Hair,3,8,28,0.0,Olive Young,London,Dry
YUL-10334,2024-12-14,P005,Ceramide Barrier Cream,Skin,1,14,42,0.25,Flagship Store,NYC,Oily
YUL-10335,2024-10-15,P002,Fermented Rice Serum,Skin,4,15,45,0.0,Olive Young,NYC,Oily
YUL-10336,2025-10-03,P001,Deep Sea Hair Mask,Hair,4,12,38,0.0,Sephora,NYC,Oily
YUL-10337,2024-10-05,P001,Deep Sea Hair Mask,Hair,4,12,38,0.1,Sephora,Seoul,Oily
YUL-10338,2025-03-26,P003,Scalp Soothing Oil,Hair,4,8,28,0.1,Olive Young,NYC,Dry
YUL-10339,2025-10-01,P004,Mugwort Essence,Skin,2,10,32,0.2,Olive Young,NYC,Sensitive
YUL-10340,2024-01-23,P002,Fermented Rice Serum,Skin,4,15,45,0.25,Online,London,Dry
YUL-10341,2024-10-15,P003,Scalp Soothing Oil,Hair,1,8,28,0.0,Online,NYC,Dry
YUL-10342,2024-04-02,P002,Fermented Rice Serum,Skin,4,15,45,0.25,Olive Young,NYC,Dry
YUL-10343,2025-11-30,P002,Fermented Rice Serum,Skin,3,15,45,0.25,Sephora,Tokyo,Dry
YUL-10344,2024-06-12,P003,Scalp Soothing Oil,Hair,1,8,28,0.0,Sephora,Tokyo,Oily
YUL-10345,2024-08-19,P005,Ceramide Barrier Cream,Skin,2,14,42,0.0,Flagship Store,Tokyo,Sensitive
YUL-10346,2025-05-02,P002,Fermented Rice Serum,Skin,2,15,45,0.0,Flagship Store,NYC,Dry
YUL-10347,2024-08-23,P002,Fermented Rice Serum,Skin,4,15,45,0.0,Flagship Store,Seoul,Combination
YUL-10348,2025-08-26,P001,Deep Sea Hair Mask,Hair,4,12,38,0.2,Online,NYC,Sensitive
YUL-10349,2024-03-27,P001,Deep Sea Hair Mask,Hair,4,12,38,0.2,Flagship Store,NYC,Oily
YUL-10350,2025-06-23,P004,Mugwort Essence,Skin,1,10,32,0.25,Flagship Store,NYC,Oily
YUL-10351,2024-10-31,P002,Fermented Rice Serum,Skin,4,15,45,0.2,Olive Young,Seoul,Sensitive
YUL-10352,2025-07-01,P002,Fermented Rice Serum,Skin,3,15,45,0.2,Olive Young,Tokyo,Combination
YUL-10353,2024-11-11,P001,Deep Sea Hair Mask,Hair,1,12,38,0.0,Sephora,Seoul,Dry
YUL-10354,2025-05-01,P001,Deep Sea Hair Mask,Hair,3,12,38,0.0,Sephora,Tokyo,Combination
YUL-10355,2024-07-07,P003,Scalp Soothing Oil,Hair,3,8,28,0.25,Olive Young,Seoul,Sensitive
YUL-10356,2025-03-06,P001,Deep Sea Hair Mask,Hair,4,12,38,0.25,Sephora,London,Dry
YUL-10357,2025-07-04,P004,Mugwort Essence,Skin,1,10,32,0.0,Sephora,Tokyo,Sensitive
YUL-10358,2025-09-29,P003,Scalp Soothing Oil,Hair,4,8,28,0.0,Flagship Store,NYC,Oily
YUL-10359,2024-07-11,P003,Scalp Soothing Oil,Hair,1,8,28,0.0,Flagship Store,London,Combination
YUL-10360,2024-07-03,P005,Ceramide Barrier Cream,Skin,4,14,42,0.0,Sephora,Tokyo,Combination
YUL-10361,2025-11-02,P005,Ceramide Barrier Cream,Skin,2,14,42,0.1,Olive Young,London,Combination
YUL-10362,2025-11-08,P005,Ceramide Barrier Cream,Skin,2,14,42,0.0,Flagship Store,Seoul,Dry
YUL-10363,2025-05-29,P003,Scalp Soothing Oil,Hair,3,8,28,0.25,Online,London,Oily
YUL-10364,2024-01-17,P004,Mugwort Essence,Skin,2,10,32,0.0,Olive Young,Tokyo,Sensitive
YUL-10365,2024-11-24,P003,Scalp Soothing Oil,Hair,3,8,28,0.0,Sephora,Seoul,Sensitive
YUL-10366,2024-12-22,P004,Mugwort Essence,Skin,3,10,32,0.2,Flagship Store,London,Dry
YUL-10367,2024-08-07,P005,Ceramide Barrier Cream,Skin,2,14,42,0.1,Olive Young,London,Dry
YUL-10368,2025-04-02,P002,Fermented Rice Serum,Skin,1,15,45,0.0,Olive Young,NYC,Combination
YUL-10369,2024-05-08,P001,Deep Sea Hair Mask,Hair,3,12,38,0.1,Flagship Store,Tokyo,Oily
YUL-10370,2025-11-16,P001,Deep Sea Hair Mask,Hair,4,12,38,0.1,Flagship Store,Seoul,Sensitive
YUL-10371,2025-06-20,P001,Deep Sea Hair Mask,Hair,3,12,38,0.25,Flagship Store,London,Dry
YUL-10372,2024-09-14,P002,Fermented Rice Serum,Skin,4,15,45,0.2,Sephora,NYC,Oily
YUL-10373,2024-01-31,P001,Deep Sea Hair Mask,Hair,4,12,38,0.2,Online,London,Dry
YUL-10374,2025-08-17,P005,Ceramide Barrier Cream,Skin,4,14,42,0.0,Sephora,London,Dry
YUL-10375,2024-07-24,P003,Scalp Soothing Oil,Hair,2,8,28,0.0,Olive Young,London,Dry
YUL-10376,2025-08-28,P003,Scalp Soothing Oil,Hair,4,8,28,0.25,Sephora,Seoul,Combination
YUL-10377,2025-03-12,P002,Fermented Rice Serum,Skin,3,15,45,0.25,Online,NYC,Oily
YUL-10378,2024-07-12,P004,Mugwort Essence,Skin,4,10,32,0.1,Olive Young,London,Combination
YUL-10379,2025-01-09,P005,Ceramide Barrier Cream,Skin,2,14,42,0.25,Online,Tokyo,Sensitive
YUL-10380,2024-04-04,P004,Mugwort Essence,Skin,4,10,32,0.25,Olive Young,Seoul,Combination
YUL-10381,2024-10-26,P005,Ceramide Barrier Cream,Skin,4,14,42,0.25,Sephora,Tokyo,Sensitive
YUL-10382,2024-02-01,P004,Mugwort Essence,Skin,3,10,32,0.0,Olive Young,Seoul,Dry
YUL-10383,2024-02-13,P001,Deep Sea Hair Mask,Hair,1,12,38,0.0,Sephora,London,Oily
YUL-10384,2025-08-11,P003,Scalp Soothing Oil,Hair,4,8,28,0.0,Olive Young,Tokyo,Oily
YUL-10385,2025-10-24,P004,Mugwort Essence,Skin,4,10,32,0.2,Online,NYC,Combination
YUL-10386,2024-03-21,P005,Ceramide Barrier Cream,Skin,2,14,42,0.0,Flagship Store,Tokyo,Sensitive
YUL-10387,2024-02-24,P004,Mugwort Essence,Skin,4,10,32,0.25,Online,Tokyo,Dry
YUL-10388,2025-06-08,P005,Ceramide Barrier Cream,Skin,3,14,42,0.2,Sephora,London,Sensitive
YUL-10389,2024-11-07,P001,Deep Sea Hair Mask,Hair,3,12,38,0.0,Olive Young,Seoul,Combination
YUL-10390,2025-06-21,P002,Fermented Rice Serum,Skin,4,15,45,0.0,Olive Young,London,Dry
YUL-10391,2025-11-05,P001,Deep Sea Hair Mask,Hair,4,12,38,0.1,Flagship Store,NYC,Oily
YUL-10392,2025-03-25,P003,Scalp Soothing Oil,Hair,2,8,28,0.25,Online,NYC,Combination
YUL-10393,2025-05-01,P005,Ceramide Barrier Cream,Skin,1,14,42,0.1,Flagship Store,Seoul,Combination
YUL-10394,2025-06-30,P002,Fermented Rice Serum,Skin,4,15,45,0.1,Sephora,Seoul,Oily
YUL-10395,2024-04-29,P004,Mugwort Essence,Skin,1,10,32,0.25,Sephora,Tokyo,Oily
YUL-10396,2025-12-05,P001,Deep Sea Hair Mask,Hair,4,12,38,0.0,Flagship Store,NYC,Sensitive
YUL-10397,2024-12-15,P003,Scalp Soothing Oil,Hair,3,8,28,0.0,Flagship Store,London,Dry
YUL-10398,2025-03-13,P002,Fermented Rice Serum,Skin,2,15,45,0.0,Olive Young,London,Dry
YUL-10399,2024-04-16,P002,Fermented Rice Serum,Skin,2,15,45,0.1,Online,London,Combination
YUL-10400,2024-12-07,P003,Scalp Soothing Oil,Hair,1,8,28,0.0,Flagship Store,NYC,Combination
YUL-10401,2024-01-12,P002,Fermented Rice Serum,Skin,2,15,45,0.1,Olive Young,London,Combination
YUL-10402,2025-01-04,P001,Deep Sea Hair Mask,Hair,2,12,38,0.25,Sephora,NYC,Combination
YUL-10403,2025-03-14,P005,Ceramide Barrier Cream,Skin,3,14,42,0.25,Online,NYC,Sensitive
YUL-10404,2025-11-09,P002,Fermented Rice Serum,Skin,1,15,45,0.0,Online,London,Combination
YUL-10405,2025-04-14,P003,Scalp Soothing Oil,Hair,2,8,28,0.25,Sephora,Seoul,Combination
YUL-10406,2024-09-14,P003,Scalp Soothing Oil,Hair,4,8,28,0.0,Olive Young,Seoul,Oily
YUL-10407,2025-11-01,P004,Mugwort Essence,Skin,3,10,32,0.2,Sephora,NYC,Sensitive
YUL-10408,2025-09-30,P005,Ceramide Barrier Cream,Skin,1,14,42,0.2,Online,London,Oily
YUL-10409,2024-12-21,P002,Fermented Rice Serum,Skin,2,15,45,0.2,Online,NYC,Dry
YUL-10410,2024-03-23,P004,Mugwort Essence,Skin,1,10,32,0.1,Flagship Store,Tokyo,Oily
YUL-10411,2025-08-09,P003,Scalp Soothing Oil,Hair,1,8,28,0.0,Flagship Store,NYC,Sensitive
YUL-10412,2025-09-17,P001,Deep Sea Hair Mask,Hair,3,12,38,0.0,Flagship Store,Seoul,Dry
YUL-10413,2024-11-17,P004,Mugwort Essence,Skin,1,10,32,0.1,Sephora,Tokyo,Oily
YUL-10414,2024-06-17,P005,Ceramide Barrier Cream,Skin,3,14,42,0.0,Olive Young,NYC,Combination
YUL-10415,2024-06-24,P002,Fermented Rice Serum,Skin,4,15,45,0.0,Flagship Store,Seoul,Dry
YUL-10416,2025-03-21,P001,Deep Sea Hair Mask,Hair,4,12,38,0.0,Sephora,Seoul,Sensitive
YUL-10417,2025-10-21,P001,Deep Sea Hair Mask,Hair,4,12,38,0.1,Online,London,Combination
YUL-10418,2025-01-15,P005,Ceramide Barrier Cream,Skin,1,14,42,0.0,Sephora,Seoul,Sensitive
YUL-10419,2025-01-25,P005,Ceramide Barrier Cream,Skin,2,14,42,0.0,Flagship Store,London,Combination
YUL-10420,2024-05-23,P003,Scalp Soothing Oil,Hair,2,8,28,0.0,Sephora,NYC,Oily
YUL-10421,2025-12-08,P001,Deep Sea Hair Mask,Hair,3,12,38,0.0,Sephora,Seoul,Sensitive
YUL-10422,2024-12-14,P001,Deep Sea Hair Mask,Hair,4,12,38,0.2,Sephora,Tokyo,Sensitive
YUL-10423,2025-06-08,P002,Fermented Rice Serum,Skin,4,15,45,0.1,Flagship Store,Tokyo,Dry
YUL-10424,2024-03-30,P002,Fermented Rice Serum,Skin,2,15,45,0.0,Flagship Store,NYC,Dry
YUL-10425,2025-02-06,P003,Scalp Soothing Oil,Hair,3,8,28,0.25,Flagship Store,London,Combination
YUL-10426,2024-12-15,P002,Fermented Rice Serum,Skin,3,15,45,0.0,Flagship Store,Tokyo,Combination
YUL-10427,2025-07-05,P005,Ceramide Barrier Cream,Skin,2,14,42,0.1,Sephora,Seoul,Oily
YUL-10428,2024-09-23,P005,Ceramide Barrier Cream,Skin,2,14,42,0.0,Olive Young,London,Combination
YUL-10429,2024-07-23,P003,Scalp Soothing Oil,Hair,3,8,28,0.25,Olive Young,London,Oily
YUL-10430,2025-04-10,P001,Deep Sea Hair Mask,Hair,3,12,38,0.0,Flagship Store,Tokyo,Dry
YUL-10431,2024-02-13,P004,Mugwort Essence,Skin,3,10,32,0.2,Flagship Store,London,Oily
YUL-10432,2024-02-21,P004,Mugwort Essence,Skin,2,10,32,0.0,Online,Tokyo,Combination
YUL-10433,2025-06-10,P002,Fermented Rice Serum,Skin,3,15,45,0.2,Online,Tokyo,Dry
YUL-10434,2024-03-20,P001,Deep Sea Hair Mask,Hair,3,12,38,0.2,Sephora,Seoul,Sensitive
YUL-10435,2025-08-13,P005,Ceramide Barrier Cream,Skin,2,14,42,0.0,Online,Tokyo,Oily
YUL-10436,2024-04-04,P005,Ceramide Barrier Cream,Skin,4,14,42,0.2,Online,Seoul,Oily
YUL-10437,2024-10-19,P003,Scalp Soothing Oil,Hair,2,8,28,0.2,Olive Young,Seoul,Dry
YUL-10438,2025-02-17,P005,Ceramide Barrier Cream,Skin,1,14,42,0.0,Online,Seoul,Combination
YUL-10439,2025-11-25,P004,Mugwort Essence,Skin,4,10,32,0.0,Flagship Store,Seoul,Combination
YUL-10440,2025-05-30,P003,Scalp Soothing Oil,Hair,3,8,28,0.0,Flagship Store,London,Combination
YUL-10441,2025-10-31,P001,Deep Sea Hair Mask,Hair,1,12,38,0.0,Flagship Store,Seoul,Oily
YUL-10442,2024-12-31,P002,Fermented Rice Serum,Skin,1,15,45,0.0,Online,Tokyo,Combination
YUL-10443,2024-12-18,P005,Ceramide Barrier Cream,Skin,1,14,42,0.1,Flagship Store,Tokyo,Sensitive
YUL-10444,2025-05-15,P001,Deep Sea Hair Mask,Hair,2,12,38,0.1,Sephora,Tokyo,Combination
YUL-10445,2024-09-04,P004,Mugwort Essence,Skin,2,10,32,0.1,Olive Young,London,Sensitive
YUL-10446,2025-04-22,P001,Deep Sea Hair Mask,Hair,4,12,38,0.25,Sephora,Tokyo,Combination
YUL-10447,2024-08-03,P005,Ceramide Barrier Cream,Skin,2,14,42,0.0,Sephora,Tokyo,Sensitive
YUL-10448,2024-01-06,P005,Ceramide Barrier Cream,Skin,1,14,42,0.25,Olive Young,London,Sensitive
YUL-10449,2024-04-17,P005,Ceramide Barrier Cream,Skin,1,14,42,0.1,Olive Young,London,Combination
YUL-10450,2024-02-12,P001,Deep Sea Hair Mask,Hair,2,12,38,0.0,Olive Young,Tokyo,Dry
YUL-10451,2025-05-06,P002,Fermented Rice Serum,Skin,4,15,45,0.25,Flagship Store,Seoul,Combination
YUL-10452,2024-05-22,P003,Scalp Soothing Oil,Hair,1,8,28,0.0,Sephora,NYC,Oily
YUL-10453,2025-09-04,P005,Ceramide Barrier Cream,Skin,1,14,42,0.1,Olive Young,Seoul,Oily
YUL-10454,2025-11-04,P005,Ceramide Barrier Cream,Skin,3,14,42,0.25,Olive Young,Tokyo,Dry
YUL-10455,2025-07-13,P001,Deep Sea Hair Mask,Hair,4,12,38,0.0,Online,London,Sensitive
YUL-10456,2024-03-21,P003,Scalp Soothing Oil,Hair,3,8,28,0.25,Online,Tokyo,Dry
YUL-10457,2025-05-31,P002,Fermented Rice Serum,Skin,1,15,45,0.2,Flagship Store,Tokyo,Combination
YUL-10458,2025-03-09,P005,Ceramide Barrier Cream,Skin,3,14,42,0.1,Flagship Store,London,Oily
YUL-10459,2024-07-07,P004,Mugwort Essence,Skin,4,10,32,0.0,Sephora,Seoul,Sensitive
YUL-10460,2025-04-14,P005,Ceramide Barrier Cream,Skin,4,14,42,0.0,Flagship Store,Tokyo,Sensitive
YUL-10461,2025-05-05,P004,Mugwort Essence,Skin,2,10,32,0.25,Flagship Store,NYC,Sensitive
YUL-10462,2024-06-07,P004,Mugwort Essence,Skin,4,10,32,0.0,Olive Young,NYC,Dry
YUL-10463,2024-07-02,P001,Deep Sea Hair Mask,Hair,3,12,38,0.0,Olive Young,NYC,Combination
YUL-10464,2025-05-26,P004,Mugwort Essence,Skin,1,10,32,0.0,Online,Tokyo,Combination
YUL-10465,2025-05-31,P001,Deep Sea Hair Mask,Hair,4,12,38,0.1,Sephora,Tokyo,Combination
YUL-10466,2024-06-22,P003,Scalp Soothing Oil,Hair,3,8,28,0.1,Sephora,Seoul,Sensitive
YUL-10467,2025-08-23,P004,Mugwort Essence,Skin,1,10,32,0.1,Sephora,NYC,Sensitive
YUL-10468,2025-10-04,P002,Fermented Rice Serum,Skin,4,15,45,0.0,Sephora,NYC,Combination
YUL-10469,2024-12-05,P003,Scalp Soothing Oil,Hair,4,8,28,0.0,Sephora,London,Oily
YUL-10470,2024-05-10,P003,Scalp Soothing Oil,Hair,2,8,28,0.1,Olive Young,Tokyo,Sensitive
YUL-10471,2024-04-09,P002,Fermented Rice Serum,Skin,4,15,45,0.25,Online,Seoul,Combination
YUL-10472,2024-11-12,P002,Fermented Rice Serum,Skin,4,15,45,0.25,Flagship Store,London,Sensitive
YUL-10473,2025-11-01,P005,Ceramide Barrier Cream,Skin,4,14,42,0.1,Olive Young,Tokyo,Combination
YUL-10474,2025-04-07,P002,Fermented Rice Serum,Skin,1,15,45,0.0,Olive Young,NYC,Combination
YUL-10475,2025-03-18,P004,Mugwort Essence,Skin,3,10,32,0.1,Flagship Store,Seoul,Combination
YUL-10476,2025-06-12,P003,Scalp Soothing Oil,Hair,1,8,28,0.25,Olive Young,London,Dry
YUL-10477,2025-10-10,P002,Fermented Rice Serum,Skin,2,15,45,0.1,Online,Seoul,Dry
YUL-10478,2024-07-03,P002,Fermented Rice Serum,Skin,1,15,45,0.0,Sephora,Seoul,Dry
YUL-10479,2024-12-09,P002,Fermented Rice Serum,Skin,1,15,45,0.2,Olive Young,NYC,Dry
YUL-10480,2024-05-06,P005,Ceramide Barrier Cream,Skin,1,14,42,0.2,Olive Young,Tokyo,Sensitive
YUL-10481,2024-06-18,P004,Mugwort Essence,Skin,3,10,32,0.2,Sephora,London,Combination
YUL-10482,2024-09-26,P004,Mugwort Essence,Skin,2,10,32,0.1,Flagship Store,Tokyo,Combination
YUL-10483,2025-07-29,P003,Scalp Soothing Oil,Hair,1,8,28,0.25,Flagship Store,NYC,Oily
YUL-10484,2025-03-25,P001,Deep Sea Hair Mask,Hair,1,12,38,0.0,Flagship Store,London,Dry
YUL-10485,2025-02-01,P005,Ceramide Barrier Cream,Skin,3,14,42,0.1,Online,London,Oily
YUL-10486,2025-09-18,P003,Scalp Soothing Oil,Hair,1,8,28,0.2,Online,Tokyo,Combination
YUL-10487,2025-04-12,P001,Deep Sea Hair Mask,Hair,1,12,38,0.2,Olive Young,NYC,Oily
YUL-10488,2024-07-15,P005,Ceramide Barrier Cream,Skin,3,14,42,0.0,Online,London,Combination
YUL-10489,2024-11-04,P002,Fermented Rice Serum,Skin,2,15,45,0.0,Olive Young,London,Sensitive
YUL-10490,2025-12-23,P004,Mugwort Essence,Skin,2,10,32,0.0,Online,Tokyo,Oily
YUL-10491,2025-09-23,P001,Deep Sea Hair Mask,Hair,1,12,38,0.0,Flagship Store,Tokyo,Oily
YUL-10492,2024-11-04,P003,Scalp Soothing Oil,Hair,2,8,28,0.2,Flagship Store,NYC,Combination
YUL-10493,2025-03-03,P001,Deep Sea Hair Mask,Hair,2,12,38,0.25,Sephora,Tokyo,Oily
YUL-10494,2025-07-07,P002,Fermented Rice Serum,Skin,1,15,45,0.2,Online,Tokyo,Combination
YUL-10495,2025-07-17,P004,Mugwort Essence,Skin,2,10,32,0.0,Olive Young,Tokyo,Dry
YUL-10496,2025-07-17,P001,Deep Sea Hair Mask,Hair,2,12,38,0.1,Olive Young,NYC,Dry
YUL-10497,2025-11-06,P001,Deep Sea Hair Mask,Hair,1,12,38,0.2,Sephora,Tokyo,Dry
YUL-10498,2025-12-17,P002,Fermented Rice Serum,Skin,1,15,45,0.0,Online,Tokyo,Oily
YUL-10499,2025-04-11,P003,Scalp Soothing Oil,Hair,3,8,28,0.2,Online,Seoul,Dry
YUL-10500,2024-08-12,P005,Ceramide Barrier Cream,Skin,2,14,42,0.0,Sephora,NYC,Sensitive
YUL-10501,2024-06-07,P003,Scalp Soothing Oil,Hair,1,8,28,0.0,Online,Tokyo,Dry
YUL-10502,2024-04-11,P005,Ceramide Barrier Cream,Skin,3,14,42,0.0,Sephora,NYC,Dry
YUL-10503,2025-01-12,P001,Deep Sea Hair Mask,Hair,2,12,38,0.25,Sephora,NYC,Oily
YUL-10504,2025-11-15,P005,Ceramide Barrier Cream,Skin,4,14,42,0.0,Flagship Store,NYC,Dry
YUL-10505,2024-11-21,P002,Fermented Rice Serum,Skin,3,15,45,0.0,Online,Seoul,Oily
YUL-10506,2025-04-13,P004,Mugwort Essence,Skin,2,10,32,0.0,Sephora,Tokyo,Dry
YUL-10507,2024-02-04,P004,Mugwort Essence,Skin,2,10,32,0.2,Online,NYC,Combination
YUL-10508,2024-02-15,P001,Deep Sea Hair Mask,Hair,2,12,38,0.0,Sephora,London,Sensitive
YUL-10509,2024-05-19,P005,Ceramide Barrier Cream,Skin,3,14,42,0.2,Olive Young,London,Sensitive
YUL-10510,2025-07-29,P004,Mugwort Essence,Skin,1,10,32,0.0,Olive Young,NYC,Oily
YUL-10511,2024-04-23,P001,Deep Sea Hair Mask,Hair,1,12,38,0.25,Flagship Store,London,Sensitive
YUL-10512,2024-11-09,P005,Ceramide Barrier Cream,Skin,4,14,42,0.0,Sephora,Seoul,Sensitive
YUL-10513,2024-07-17,P005,Ceramide Barrier Cream,Skin,1,14,42,0.1,Flagship Store,NYC,Oily
YUL-10514,2024-10-04,P003,Scalp Soothing Oil,Hair,3,8,28,0.1,Olive Young,Tokyo,Oily
YUL-10515,2025-06-23,P002,Fermented Rice Serum,Skin,1,15,45,0.0,Online,London,Dry
YUL-10516,2024-12-23,P005,Ceramide Barrier Cream,Skin,4,14,42,0.0,Flagship Store,NYC,Combination
YUL-10517,2024-11-11,P004,Mugwort Essence,Skin,3,10,32,0.0,Sephora,NYC,Oily
YUL-10518,2024-01-30,P001,Deep Sea Hair Mask,Hair,3,12,38,0.0,Sephora,Tokyo,Oily
YUL-10519,2024-01-09,P005,Ceramide Barrier Cream,Skin,1,14,42,0.0,Sephora,NYC,Oily
YUL-10520,2025-01-08,P002,Fermented Rice Serum,Skin,4,15,45,0.2,Sephora,London,Oily
YUL-10521,2025-08-27,P003,Scalp Soothing Oil,Hair,4,8,28,0.25,Online,Tokyo,Sensitive
YUL-10522,2025-11-13,P002,Fermented Rice Serum,Skin,4,15,45,0.0,Sephora,NYC,Dry
YUL-10523,2025-06-16,P002,Fermented Rice Serum,Skin,3,15,45,0.25,Flagship Store,Tokyo,Combination
YUL-10524,2024-10-12,P004,Mugwort Essence,Skin,2,10,32,0.0,Olive Young,London,Dry
YUL-10525,2025-09-16,P005,Ceramide Barrier Cream,Skin,4,14,42,0.0,Sephora,Tokyo,Combination
YUL-10526,2024-07-30,P005,Ceramide Barrier Cream,Skin,1,14,42,0.1,Flagship Store,London,Sensitive
YUL-10527,2024-03-19,P004,Mugwort Essence,Skin,2,10,32,0.1,Flagship Store,Seoul,Oily
YUL-10528,2024-05-13,P005,Ceramide Barrier Cream,Skin,3,14,42,0.0,Sephora,NYC,Sensitive
YUL-10529,2024-04-15,P004,Mugwort Essence,Skin,2,10,32,0.0,Sephora,Tokyo,Combination
YUL-10530,2025-01-24,P003,Scalp Soothing Oil,Hair,1,8,28,0.1,Olive Young,Seoul,Oily
YUL-10531,2024-09-15,P005,Ceramide Barrier Cream,Skin,3,14,42,0.0,Sephora,Seoul,Oily
YUL-10532,2024-01-01,P003,Scalp Soothing Oil,Hair,2,8,28,0.1,Online,NYC,Dry
YUL-10533,2025-04-02,P005,Ceramide Barrier Cream,Skin,4,14,42,0.1,Online,London,Combination
YUL-10534,2024-11-12,P004,Mugwort Essence,Skin,4,10,32,0.2,Flagship Store,Tokyo,Sensitive
YUL-10535,2024-02-08,P003,Scalp Soothing Oil,Hair,4,8,28,0.0,Flagship Store,Seoul,Sensitive
YUL-10536,2024-05-23,P002,Fermented Rice Serum,Skin,4,15,45,0.2,Online,Seoul,Combination
YUL-10537,2024-10-08,P001,Deep Sea Hair Mask,Hair,3,12,38,0.1,Online,Tokyo,Oily
YUL-10538,2025-08-13,P003,Scalp Soothing Oil,Hair,3,8,28,0.25,Online,London,Combination
YUL-10539,2024-08-25,P002,Fermented Rice Serum,Skin,3,15,45,0.1,Sephora,London,Sensitive
YUL-10540,2024-01-17,P005,Ceramide Barrier Cream,Skin,4,14,42,0.25,Olive Young,NYC,Oily
YUL-10541,2025-08-10,P005,Ceramide Barrier Cream,Skin,1,14,42,0.0,Sephora,Seoul,Dry
YUL-10542,2025-04-09,P003,Scalp Soothing Oil,Hair,3,8,28,0.1,Flagship Store,Seoul,Combination
YUL-10543,2025-09-09,P004,Mugwort Essence,Skin,3,10,32,0.25,Flagship Store,Tokyo,Combination
YUL-10544,2025-05-10,P004,Mugwort Essence,Skin,2,10,32,0.0,Olive Young,Seoul,Sensitive
YUL-10545,2024-10-20,P001,Deep Sea Hair Mask,Hair,4,12,38,0.0,Flagship Store,Seoul,Combination
YUL-10546,2024-02-05,P005,Ceramide Barrier Cream,Skin,3,14,42,0.1,Olive Young,Tokyo,Sensitive
YUL-10547,2024-04-22,P002,Fermented Rice Serum,Skin,2,15,45,0.0,Flagship Store,Tokyo,Dry
YUL-10548,2025-10-13,P003,Scalp Soothing Oil,Hair,2,8,28,0.1,Online,London,Oily
YUL-10549,2025-08-11,P003,Scalp Soothing Oil,Hair,1,8,28,0.25,Olive Young,NYC,Sensitive
YUL-10550,2025-01-19,P001,Deep Sea Hair Mask,Hair,3,12,38,0.2,Olive Young,Seoul,Combination
YUL-10551,2025-04-11,P001,Deep Sea Hair Mask,Hair,4,12,38,0.2,Flagship Store,Seoul,Oily
YUL-10552,2025-08-10,P001,Deep Sea Hair Mask,Hair,4,12,38,0.0,Sephora,Tokyo,Sensitive
YUL-10553,2024-09-18,P001,Deep Sea Hair Mask,Hair,2,12,38,0.0,Online,London,Combination
YUL-10554,2025-08-20,P005,Ceramide Barrier Cream,Skin,2,14,42,0.2,Online,Seoul,Dry
YUL-10555,2024-06-25,P004,Mugwort Essence,Skin,3,10,32,0.0,Flagship Store,London,Dry
YUL-10556,2024-12-06,P003,Scalp Soothing Oil,Hair,3,8,28,0.0,Olive Young,Tokyo,Combination
YUL-10557,2025-09-29,P003,Scalp Soothing Oil,Hair,1,8,28,0.2,Flagship Store,NYC,Sensitive
YUL-10558,2025-03-19,P002,Fermented Rice Serum,Skin,4,15,45,0.0,Flagship Store,NYC,Sensitive
YUL-10559,2025-11-08,P005,Ceramide Barrier Cream,Skin,1,14,42,0.0,Flagship Store,Seoul,Dry
YUL-10560,2024-05-20,P003,Scalp Soothing Oil,Hair,4,8,28,0.25,Olive Young,Seoul,Combination
YUL-10561,2025-02-27,P005,Ceramide Barrier Cream,Skin,3,14,42,0.0,Online,NYC,Combination
YUL-10562,2025-05-05,P001,Deep Sea Hair Mask,Hair,2,12,38,0.0,Sephora,NYC,Combination
YUL-10563,2025-11-22,P001,Deep Sea Hair Mask,Hair,2,12,38,0.0,Flagship Store,London,Sensitive
YUL-10564,2024-12-18,P005,Ceramide Barrier Cream,Skin,4,14,42,0.2,Online,London,Oily
YUL-10565,2025-04-03,P005,Ceramide Barrier Cream,Skin,2,14,42,0.25,Sephora,NYC,Dry
YUL-10566,2024-03-02,P003,Scalp Soothing Oil,Hair,1,8,28,0.0,Olive Young,Tokyo,Dry
YUL-10567,2024-11-02,P004,Mugwort Essence,Skin,1,10,32,0.0,Olive Young,NYC,Sensitive
YUL-10568,2025-10-25,P002,Fermented Rice Serum,Skin,1,15,45,0.25,Olive Young,NYC,Sensitive
YUL-10569,2024-11-07,P001,Deep Sea Hair Mask,Hair,3,12,38,0.0,Online,NYC,Dry
YUL-10570,2024-02-01,P003,Scalp Soothing Oil,Hair,3,8,28,0.1,Olive Young,NYC,Combination
YUL-10571,2025-03-19,P003,Scalp Soothing Oil,Hair,2,8,28,0.1,Sephora,Seoul,Dry
YUL-10572,2025-02-27,P003,Scalp Soothing Oil,Hair,1,8,28,0.0,Flagship Store,Tokyo,Combination
YUL-10573,2025-08-24,P005,Ceramide Barrier Cream,Skin,1,14,42,0.25,Flagship Store,Tokyo,Sensitive
YUL-10574,2024-10-28,P005,Ceramide Barrier Cream,Skin,2,14,42,0.0,Sephora,NYC,Sensitive
YUL-10575,2025-12-19,P003,Scalp Soothing Oil,Hair,4,8,28,0.0,Flagship Store,Tokyo,Dry
YUL-10576,2024-01-15,P003,Scalp Soothing Oil,Hair,4,8,28,0.0,Online,NYC,Dry
YUL-10577,2025-10-30,P003,Scalp Soothing Oil,Hair,3,8,28,0.0,Olive Young,London,Oily
YUL-10578,2024-05-18,P005,Ceramide Barrier Cream,Skin,4,14,42,0.0,Online,London,Sensitive
YUL-10579,2024-04-24,P003,Scalp Soothing Oil,Hair,4,8,28,0.0,Sephora,NYC,Dry
YUL-10580,2024-09-19,P001,Deep Sea Hair Mask,Hair,3,12,38,0.2,Flagship Store,NYC,Dry
YUL-10581,2024-02-27,P002,Fermented Rice Serum,Skin,4,15,45,0.0,Olive Young,NYC,Dry
YUL-10582,2024-12-11,P003,Scalp Soothing Oil,Hair,2,8,28,0.0,Sephora,NYC,Oily
YUL-10583,2024-05-30,P005,Ceramide Barrier Cream,Skin,3,14,42,0.25,Online,NYC,Oily
YUL-10584,2025-03-18,P004,Mugwort Essence,Skin,3,10,32,0.0,Online,London,Combination
YUL-10585,2025-05-24,P001,Deep Sea Hair Mask,Hair,2,12,38,0.1,Olive Young,Seoul,Oily
YUL-10586,2024-12-21,P004,Mugwort Essence,Skin,1,10,32,0.2,Online,Seoul,Sensitive
YUL-10587,2024-11-10,P002,Fermented Rice Serum,Skin,4,15,45,0.0,Flagship Store,NYC,Combination
YUL-10588,2024-10-01,P003,Scalp Soothing Oil,Hair,1,8,28,0.0,Sephora,Seoul,Dry
YUL-10589,2025-03-28,P004,Mugwort Essence,Skin,2,10,32,0.0,Sephora,London,Combination
YUL-10590,2024-08-07,P004,Mugwort Essence,Skin,3,10,32,0.25,Sephora,Tokyo,Dry
YUL-10591,2024-05-12,P002,Fermented Rice Serum,Skin,1,15,45,0.1,Sephora,Tokyo,Combination
YUL-10592,2025-01-06,P005,Ceramide Barrier Cream,Skin,2,14,42,0.2,Sephora,Seoul,Dry
YUL-10593,2024-07-11,P003,Scalp Soothing Oil,Hair,3,8,28,0.0,Sephora,NYC,Sensitive
YUL-10594,2024-10-29,P003,Scalp Soothing Oil,Hair,1,8,28,0.25,Sephora,Seoul,Combination
YUL-10595,2025-04-08,P001,Deep Sea Hair Mask,Hair,4,12,38,0.0,Olive Young,Tokyo,Combination
YUL-10596,2024-05-16,P002,Fermented Rice Serum,Skin,4,15,45,0.0,Flagship Store,Tokyo,Dry
YUL-10597,2025-10-23,P004,Mugwort Essence,Skin,3,10,32,0.2,Sephora,London,Oily
YUL-10598,2024-08-15,P003,Scalp Soothing Oil,Hair,2,8,28,0.1,Online,NYC,Oily
YUL-10599,2024-12-01,P002,Fermented Rice Serum,Skin,4,15,45,0.2,Online,London,Sensitive
YUL-10600,2024-06-11,P005,Ceramide Barrier Cream,Skin,4,14,42,0.0,Olive Young,London,Oily
YUL-10601,2024-02-07,P003,Scalp Soothing Oil,Hair,2,8,28,0.0,Flagship Store,London,Dry
YUL-10602,2025-08-24,P001,Deep Sea Hair Mask,Hair,3,12,38,0.2,Flagship Store,Tokyo,Sensitive
YUL-10603,2025-05-16,P001,Deep Sea Hair Mask,Hair,3,12,38,0.25,Online,NYC,Oily
YUL-10604,2024-09-06,P004,Mugwort Essence,Skin,2,10,32,0.1,Flagship Store,London,Sensitive
YUL-10605,2025-03-04,P004,Mugwort Essence,Skin,4,10,32,0.0,Flagship Store,Seoul,Dry
YUL-10606,2024-06-05,P004,Mugwort Essence,Skin,4,10,32,0.0,Sephora,Seoul,Oily
YUL-10607,2024-10-27,P003,Scalp Soothing Oil,Hair,1,8,28,0.0,Sephora,London,Oily
YUL-10608,2024-02-07,P005,Ceramide Barrier Cream,Skin,2,14,42,0.25,Olive Young,NYC,Sensitive
YUL-10609,2025-01-25,P002,Fermented Rice Serum,Skin,1,15,45,0.0,Flagship Store,Seoul,Dry
YUL-10610,2024-11-20,P002,Fermented Rice Serum,Skin,2,15,45,0.0,Olive Young,London,Oily
YUL-10611,2025-08-27,P004,Mugwort Essence,Skin,3,10,32,0.0,Sephora,London,Combination
YUL-10612,2025-05-25,P003,Scalp Soothing Oil,Hair,4,8,28,0.0,Online,NYC,Sensitive
YUL-10613,2024-09-06,P003,Scalp Soothing Oil,Hair,4,8,28,0.1,Olive Young,Tokyo,Dry
YUL-10614,2024-05-08,P004,Mugwort Essence,Skin,1,10,32,0.1,Sephora,Seoul,Combination
YUL-10615,2024-02-13,P002,Fermented Rice Serum,Skin,3,15,45,0.1,Online,London,Combination
YUL-10616,2025-03-27,P001,Deep Sea Hair Mask,Hair,4,12,38,0.25,Online,Seoul,Oily
YUL-10617,2025-11-23,P004,Mugwort Essence,Skin,4,10,32,0.2,Online,NYC,Sensitive
YUL-10618,2025-05-12,P004,Mugwort Essence,Skin,3,10,32,0.2,Flagship Store,NYC,Sensitive
YUL-10619,2024-10-05,P004,Mugwort Essence,Skin,2,10,32,0.1,Flagship Store,Seoul,Oily
YUL-10620,2024-06-08,P003,Scalp Soothing Oil,Hair,2,8,28,0.25,Olive Young,Tokyo,Dry
YUL-10621,2024-01-13,P001,Deep Sea Hair Mask,Hair,4,12,38,0.1,Olive Young,Seoul,Sensitive
YUL-10622,2025-01-28,P001,Deep Sea Hair Mask,Hair,1,12,38,0.25,Flagship Store,Seoul,Sensitive
YUL-10623,2024-10-16,P004,Mugwort Essence,Skin,4,10,32,0.0,Sephora,Tokyo,Dry
YUL-10624,2025-08-08,P004,Mugwort Essence,Skin,1,10,32,0.2,Sephora,London,Sensitive
YUL-10625,2024-03-13,P002,Fermented Rice Serum,Skin,2,15,45,0.25,Online,London,Dry
YUL-10626,2024-01-02,P002,Fermented Rice Serum,Skin,1,15,45,0.0,Online,Tokyo,Oily
YUL-10627,2024-02-17,P004,Mugwort Essence,Skin,4,10,32,0.25,Flagship Store,NYC,Dry
YUL-10628,2025-01-24,P001,Deep Sea Hair Mask,Hair,3,12,38,0.2,Olive Young,London,Dry
YUL-10629,2025-06-30,P003,Scalp Soothing Oil,Hair,4,8,28,0.25,Flagship Store,Seoul,Sensitive
YUL-10630,2025-07-09,P001,Deep Sea Hair Mask,Hair,4,12,38,0.0,Sephora,London,Dry
YUL-10631,2024-06-02,P005,Ceramide Barrier Cream,Skin,4,14,42,0.0,Olive Young,Seoul,Combination
YUL-10632,2025-04-20,P004,Mugwort Essence,Skin,4,10,32,0.0,Flagship Store,Tokyo,Dry
YUL-10633,2025-03-31,P004,Mugwort Essence,Skin,4,10,32,0.25,Olive Young,London,Combination
YUL-10634,2025-08-21,P001,Deep Sea Hair Mask,Hair,3,12,38,0.0,Flagship Store,NYC,Sensitive
YUL-10635,2025-12-20,P004,Mugwort Essence,Skin,1,10,32,0.0,Online,Seoul,Dry
YUL-10636,2025-01-08,P001,Deep Sea Hair Mask,Hair,4,12,38,0.2,Olive Young,London,Dry
YUL-10637,2024-10-06,P003,Scalp Soothing Oil,Hair,3,8,28,0.25,Online,Seoul,Combination
YUL-10638,2025-01-01,P004,Mugwort Essence,Skin,1,10,32,0.1,Sephora,NYC,Dry
YUL-10639,2025-09-24,P003,Scalp Soothing Oil,Hair,4,8,28,0.25,Sephora,Tokyo,Dry
YUL-10640,2025-01-09,P001,Deep Sea Hair Mask,Hair,1,12,38,0.0,Sephora,London,Oily
YUL-10641,2025-09-16,P001,Deep Sea Hair Mask,Hair,4,12,38,0.0,Online,Seoul,Dry
YUL-10642,2025-09-01,P005,Ceramide Barrier Cream,Skin,1,14,42,0.0,Sephora,Tokyo,Dry
YUL-10643,2025-01-03,P003,Scalp Soothing Oil,Hair,3,8,28,0.0,Online,Seoul,Oily
YUL-10644,2025-07-24,P001,Deep Sea Hair Mask,Hair,4,12,38,0.1,Sephora,NYC,Combination
YUL-10645,2025-04-22,P002,Fermented Rice Serum,Skin,2,15,45,0.1,Flagship Store,NYC,Sensitive
YUL-10646,2025-06-13,P001,Deep Sea Hair Mask,Hair,4,12,38,0.0,Online,NYC,Dry
YUL-10647,2024-08-11,P001,Deep Sea Hair Mask,Hair,2,12,38,0.0,Online,Tokyo,Dry
YUL-10648,2024-10-15,P005,Ceramide Barrier Cream,Skin,1,14,42,0.0,Olive Young,London,Combination
YUL-10649,2025-12-11,P002,Fermented Rice Serum,Skin,1,15,45,0.25,Online,London,Oily
YUL-10650,2025-08-06,P001,Deep Sea Hair Mask,Hair,3,12,38,0.25,Olive Young,NYC,Combination
YUL-10651,2024-10-30,P003,Scalp Soothing Oil,Hair,3,8,28,0.0,Olive Young,Seoul,Sensitive
YUL-10652,2024-03-03,P001,Deep Sea Hair Mask,Hair,4,12,38,0.2,Olive Young,Tokyo,Dry
YUL-10653,2025-01-10,P001,Deep Sea Hair Mask,Hair,3,12,38,0.0,Online,Seoul,Sensitive
YUL-10654,2025-01-23,P001,Deep Sea Hair Mask,Hair,1,12,38,0.0,Flagship Store,London,Dry
YUL-10655,2025-07-21,P003,Scalp Soothing Oil,Hair,1,8,28,0.0,Sephora,Seoul,Sensitive
YUL-10656,2025-06-05,P004,Mugwort Essence,Skin,4,10,32,0.25,Flagship Store,Seoul,Oily
YUL-10657,2025-01-01,P002,Fermented Rice Serum,Skin,3,15,45,0.0,Flagship Store,Tokyo,Dry
YUL-10658,2024-06-11,P001,Deep Sea Hair Mask,Hair,4,12,38,0.2,Flagship Store,Seoul,Dry
YUL-10659,2025-08-04,P003,Scalp Soothing Oil,Hair,3,8,28,0.0,Olive Young,Seoul,Dry
YUL-10660,2024-06-14,P001,Deep Sea Hair Mask,Hair,2,12,38,0.0,Olive Young,Seoul,Combination
YUL-10661,2025-02-02,P001,Deep Sea Hair Mask,Hair,4,12,38,0.2,Online,Tokyo,Oily
YUL-10662,2024-05-25,P004,Mugwort Essence,Skin,1,10,32,0.0,Olive Young,London,Oily
YUL-10663,2024-02-26,P002,Fermented Rice Serum,Skin,2,15,45,0.0,Olive Young,NYC,Sensitive
YUL-10664,2025-02-12,P004,Mugwort Essence,Skin,2,10,32,0.0,Olive Young,Tokyo,Oily
YUL-10665,2024-07-31,P005,Ceramide Barrier Cream,Skin,2,14,42,0.0,Online,Seoul,Dry
YUL-10666,2025-05-02,P002,Fermented Rice Serum,Skin,3,15,45,0.0,Flagship Store,NYC,Oily
YUL-10667,2024-08-13,P005,Ceramide Barrier Cream,Skin,3,14,42,0.0,Sephora,Tokyo,Combination
YUL-10668,2024-11-23,P003,Scalp Soothing Oil,Hair,3,8,28,0.0,Sephora,Tokyo,Dry
YUL-10669,2024-12-01,P002,Fermented Rice Serum,Skin,3,15,45,0.0,Sephora,NYC,Oily
YUL-10670,2024-08-22,P001,Deep Sea Hair Mask,Hair,4,12,38,0.1,Online,NYC,Oily
YUL-10671,2025-02-11,P003,Scalp Soothing Oil,Hair,1,8,28,0.2,Olive Young,NYC,Dry
YUL-10672,2024-02-22,P004,Mugwort Essence,Skin,2,10,32,0.0,Online,London,Dry
YUL-10673,2025-09-14,P005,Ceramide Barrier Cream,Skin,1,14,42,0.0,Flagship Store,Tokyo,Sensitive
YUL-10674,2024-08-31,P001,Deep Sea Hair Mask,Hair,1,12,38,0.25,Flagship Store,Tokyo,Combination
YUL-10675,2025-11-26,P002,Fermented Rice Serum,Skin,3,15,45,0.1,Flagship Store,Seoul,Dry
YUL-10676,2024-04-03,P005,Ceramide Barrier Cream,Skin,1,14,42,0.0,Sephora,NYC,Combination
YUL-10677,2024-05-12,P004,Mugwort Essence,Skin,4,10,32,0.2,Online,NYC,Sensitive
YUL-10678,2025-12-18,P002,Fermented Rice Serum,Skin,2,15,45,0.0,Flagship Store,NYC,Dry
YUL-10679,2025-07-11,P001,Deep Sea Hair Mask,Hair,2,12,38,0.1,Flagship Store,NYC,Dry
YUL-10680,2025-05-28,P002,Fermented Rice Serum,Skin,4,15,45,0.0,Flagship Store,Seoul,Dry
YUL-10681,2024-10-07,P004,Mugwort Essence,Skin,4,10,32,0.1,Flagship Store,London,Dry
YUL-10682,2025-11-26,P004,Mugwort Essence,Skin,3,10,32,0.0,Flagship Store,NYC,Oily
YUL-10683,2025-01-31,P004,Mugwort Essence,Skin,3,10,32,0.25,Sephora,NYC,Combination
YUL-10684,2025-08-01,P004,Mugwort Essence,Skin,1,10,32,0.2,Olive Young,London,Sensitive
YUL-10685,2025-11-18,P001,Deep Sea Hair Mask,Hair,2,12,38,0.0,Olive Young,London,Oily
YUL-10686,2024-03-20,P001,Deep Sea Hair Mask,Hair,2,12,38,0.25,Flagship Store,NYC,Combination
YUL-10687,2024-10-21,P003,Scalp Soothing Oil,Hair,1,8,28,0.0,Olive Young,NYC,Dry
YUL-10688,2025-03-25,P002,Fermented Rice Serum,Skin,3,15,45,0.2,Online,Seoul,Sensitive
YUL-10689,2025-04-06,P002,Fermented Rice Serum,Skin,3,15,45,0.0,Sephora,NYC,Oily
YUL-10690,2024-07-11,P002,Fermented Rice Serum,Skin,2,15,45,0.0,Sephora,Tokyo,Sensitive
YUL-10691,2024-11-02,P005,Ceramide Barrier Cream,Skin,4,14,42,0.1,Flagship Store,London,Oily
YUL-10692,2025-08-07,P003,Scalp Soothing Oil,Hair,4,8,28,0.1,Online,Tokyo,Combination
YUL-10693,2025-01-02,P002,Fermented Rice Serum,Skin,4,15,45,0.25,Online,Seoul,Oily
YUL-10694,2025-08-16,P004,Mugwort Essence,Skin,4,10,32,0.2,Sephora,NYC,Sensitive
YUL-10695,2025-08-20,P003,Scalp Soothing Oil,Hair,3,8,28,0.1,Olive Young,NYC,Sensitive
YUL-10696,2024-10-22,P001,Deep Sea Hair Mask,Hair,2,12,38,0.0,Olive Young,NYC,Dry
YUL-10697,2025-04-27,P001,Deep Sea Hair Mask,Hair,1,12,38,0.0,Flagship Store,London,Combination
YUL-10698,2024-12-17,P001,Deep Sea Hair Mask,Hair,1,12,38,0.1,Online,Tokyo,Oily
YUL-10699,2024-03-10,P001,Deep Sea Hair Mask,Hair,2,12,38,0.1,Online,Seoul,Combination
YUL-10700,2024-12-03,P001,Deep Sea Hair Mask,Hair,1,12,38,0.0,Sephora,Tokyo,Oily
YUL-10701,2025-09-25,P004,Mugwort Essence,Skin,3,10,32,0.1,Online,Seoul,Sensitive
YUL-10702,2025-05-05,P003,Scalp Soothing Oil,Hair,2,8,28,0.2,Olive Young,Seoul,Sensitive
YUL-10703,2025-01-09,P005,Ceramide Barrier Cream,Skin,2,14,42,0.0,Online,NYC,Combination
YUL-10704,2025-08-09,P002,Fermented Rice Serum,Skin,3,15,45,0.0,Sephora,Seoul,Dry
YUL-10705,2024-11-09,P005,Ceramide Barrier Cream,Skin,2,14,42,0.0,Flagship Store,London,Oily
YUL-10706,2024-05-20,P003,Scalp Soothing Oil,Hair,1,8,28,0.2,Online,London,Oily
YUL-10707,2025-10-28,P002,Fermented Rice Serum,Skin,3,15,45,0.0,Sephora,Seoul,Sensitive
YUL-10708,2025-10-26,P005,Ceramide Barrier Cream,Skin,1,14,42,0.0,Sephora,London,Oily
YUL-10709,2024-10-31,P004,Mugwort Essence,Skin,2,10,32,0.0,Olive Young,Seoul,Combination
YUL-10710,2024-08-04,P005,Ceramide Barrier Cream,Skin,3,14,42,0.1,Olive Young,Tokyo,Oily
YUL-10711,2025-04-12,P003,Scalp Soothing Oil,Hair,2,8,28,0.2,Olive Young,NYC,Combination
YUL-10712,2025-07-25,P003,Scalp Soothing Oil,Hair,2,8,28,0.0,Sephora,London,Combination
YUL-10713,2024-09-07,P001,Deep Sea Hair Mask,Hair,1,12,38,0.2,Sephora,Seoul,Dry
YUL-10714,2024-09-03,P002,Fermented Rice Serum,Skin,4,15,45,0.0,Sephora,NYC,Oily
YUL-10715,2025-05-10,P003,Scalp Soothing Oil,Hair,1,8,28,0.0,Online,London,Dry
YUL-10716,2024-03-06,P002,Fermented Rice Serum,Skin,3,15,45,0.2,Online,Tokyo,Combination
YUL-10717,2025-02-20,P005,Ceramide Barrier Cream,Skin,2,14,42,0.25,Sephora,NYC,Sensitive
YUL-10718,2024-08-09,P003,Scalp Soothing Oil,Hair,1,8,28,0.2,Online,Tokyo,Combination
YUL-10719,2025-09-30,P004,Mugwort Essence,Skin,4,10,32,0.0,Flagship Store,Seoul,Sensitive
YUL-10720,2024-05-15,P005,Ceramide Barrier Cream,Skin,2,14,42,0.25,Sephora,London,Sensitive
YUL-10721,2024-01-09,P003,Scalp Soothing Oil,Hair,1,8,28,0.2,Online,Tokyo,Combination
YUL-10722,2024-09-12,P005,Ceramide Barrier Cream,Skin,3,14,42,0.25,Sephora,NYC,Dry
YUL-10723,2024-11-20,P004,Mugwort Essence,Skin,2,10,32,0.2,Sephora,Seoul,Sensitive
YUL-10724,2025-06-04,P004,Mugwort Essence,Skin,3,10,32,0.0,Flagship Store,NYC,Combination
YUL-10725,2024-03-08,P002,Fermented Rice Serum,Skin,4,15,45,0.0,Flagship Store,Seoul,Dry
YUL-10726,2025-11-19,P004,Mugwort Essence,Skin,2,10,32,0.2,Olive Young,Tokyo,Oily
YUL-10727,2024-04-15,P003,Scalp Soothing Oil,Hair,2,8,28,0.2,Olive Young,Seoul,Oily
YUL-10728,2024-01-30,P005,Ceramide Barrier Cream,Skin,1,14,42,0.25,Sephora,NYC,Oily
YUL-10729,2024-07-09,P002,Fermented Rice Serum,Skin,2,15,45,0.0,Online,Tokyo,Sensitive
YUL-10730,2024-01-04,P005,Ceramide Barrier Cream,Skin,3,14,42,0.0,Flagship Store,Seoul,Sensitive
YUL-10731,2025-08-23,P001,Deep Sea Hair Mask,Hair,4,12,38,0.25,Olive Young,London,Sensitive
YUL-10732,2025-10-04,P004,Mugwort Essence,Skin,3,10,32,0.0,Olive Young,London,Dry
YUL-10733,2024-02-02,P001,Deep Sea Hair Mask,Hair,3,12,38,0.0,Olive Young,Tokyo,Sensitive
YUL-10734,2024-10-31,P004,Mugwort Essence,Skin,3,10,32,0.25,Olive Young,London,Dry
YUL-10735,2024-01-10,P002,Fermented Rice Serum,Skin,2,15,45,0.1,Flagship Store,London,Combination
YUL-10736,2025-06-08,P001,Deep Sea Hair Mask,Hair,3,12,38,0.1,Online,Tokyo,Combination
YUL-10737,2025-11-29,P002,Fermented Rice Serum,Skin,1,15,45,0.0,Olive Young,NYC,Combination
YUL-10738,2025-09-07,P004,Mugwort Essence,Skin,1,10,32,0.0,Flagship Store,Tokyo,Sensitive
YUL-10739,2025-08-08,P002,Fermented Rice Serum,Skin,2,15,45,0.0,Flagship Store,NYC,Oily
YUL-10740,2024-07-16,P003,Scalp Soothing Oil,Hair,1,8,28,0.1,Sephora,Tokyo,Sensitive
YUL-10741,2025-01-17,P004,Mugwort Essence,Skin,3,10,32,0.1,Olive Young,Tokyo,Combination
YUL-10742,2024-12-18,P005,Ceramide Barrier Cream,Skin,1,14,42,0.0,Sephora,Seoul,Combination
YUL-10743,2024-12-18,P005,Ceramide Barrier Cream,Skin,4,14,42,0.1,Online,NYC,Combination
YUL-10744,2024-09-09,P004,Mugwort Essence,Skin,2,10,32,0.0,Olive Young,NYC,Oily
YUL-10745,2025-11-24,P002,Fermented Rice Serum,Skin,1,15,45,0.2,Sephora,London,Combination
YUL-10746,2024-02-05,P004,Mugwort Essence,Skin,2,10,32,0.0,Flagship Store,London,Oily
YUL-10747,2025-11-10,P002,Fermented Rice Serum,Skin,2,15,45,0.0,Flagship Store,Seoul,Oily
YUL-10748,2025-01-18,P005,Ceramide Barrier Cream,Skin,4,14,42,0.2,Online,Seoul,Sensitive
YUL-10749,2025-10-16,P004,Mugwort Essence,Skin,4,10,32,0.0,Sephora,Tokyo,Combination
YUL-10750,2024-04-15,P004,Mugwort Essence,Skin,4,10,32,0.25,Flagship Store,London,Oily
YUL-10751,2025-02-19,P005,Ceramide Barrier Cream,Skin,4,14,42,0.0,Sephora,Tokyo,Combination
YUL-10752,2024-12-20,P004,Mugwort Essence,Skin,4,10,32,0.0,Olive Young,London,Dry
YUL-10753,2025-04-14,P001,Deep Sea Hair Mask,Hair,3,12,38,0.2,Olive Young,NYC,Dry
YUL-10754,2024-11-14,P002,Fermented Rice Serum,Skin,4,15,45,0.1,Flagship Store,Seoul,Dry
YUL-10755,2024-06-30,P001,Deep Sea Hair Mask,Hair,2,12,38,0.1,Sephora,Seoul,Dry
YUL-10756,2025-07-15,P005,Ceramide Barrier Cream,Skin,1,14,42,0.1,Sephora,NYC,Oily
YUL-10757,2024-01-16,P001,Deep Sea Hair Mask,Hair,4,12,38,0.0,Online,Seoul,Sensitive
YUL-10758,2024-03-06,P001,Deep Sea Hair Mask,Hair,2,12,38,0.1,Flagship Store,Tokyo,Oily
YUL-10759,2025-03-11,P003,Scalp Soothing Oil,Hair,4,8,28,0.0,Online,London,Dry
YUL-10760,2025-09-09,P003,Scalp Soothing Oil,Hair,3,8,28,0.2,Olive Young,London,Oily
YUL-10761,2025-06-24,P005,Ceramide Barrier Cream,Skin,4,14,42,0.0,Flagship Store,NYC,Combination
YUL-10762,2025-01-25,P004,Mugwort Essence,Skin,1,10,32,0.0,Olive Young,Seoul,Dry
YUL-10763,2024-03-02,P004,Mugwort Essence,Skin,2,10,32,0.1,Online,Seoul,Combination
YUL-10764,2025-08-17,P004,Mugwort Essence,Skin,3,10,32,0.25,Online,Seoul,Oily
YUL-10765,2025-02-17,P001,Deep Sea Hair Mask,Hair,2,12,38,0.0,Online,London,Sensitive
YUL-10766,2024-01-24,P005,Ceramide Barrier Cream,Skin,2,14,42,0.2,Olive Young,London,Sensitive
YUL-10767,2025-08-02,P005,Ceramide Barrier Cream,Skin,1,14,42,0.25,Sephora,NYC,Oily
YUL-10768,2024-09-23,P002,Fermented Rice Serum,Skin,1,15,45,0.1,Olive Young,London,Dry
YUL-10769,2025-04-30,P001,Deep Sea Hair Mask,Hair,4,12,38,0.0,Online,NYC,Dry
YUL-10770,2024-01-16,P005,Ceramide Barrier Cream,Skin,1,14,42,0.0,Olive Young,NYC,Oily
YUL-10771,2025-10-28,P001,Deep Sea Hair Mask,Hair,1,12,38,0.0,Sephora,London,Combination
YUL-10772,2024-12-16,P003,Scalp Soothing Oil,Hair,1,8,28,0.25,Flagship Store,Seoul,Dry
YUL-10773,2024-02-16,P001,Deep Sea Hair Mask,Hair,2,12,38,0.1,Flagship Store,NYC,Sensitive
YUL-10774,2024-09-02,P003,Scalp Soothing Oil,Hair,1,8,28,0.0,Online,NYC,Oily
YUL-10775,2025-08-12,P004,Mugwort Essence,Skin,2,10,32,0.0,Flagship Store,Seoul,Combination
YUL-10776,2024-05-04,P002,Fermented Rice Serum,Skin,4,15,45,0.0,Online,NYC,Dry
YUL-10777,2025-09-24,P004,Mugwort Essence,Skin,4,10,32,0.0,Sephora,Seoul,Combination
YUL-10778,2024-03-19,P002,Fermented Rice Serum,Skin,1,15,45,0.0,Flagship Store,Tokyo,Oily
YUL-10779,2024-08-12,P004,Mugwort Essence,Skin,1,10,32,0.25,Olive Young,NYC,Dry
YUL-10780,2024-12-15,P004,Mugwort Essence,Skin,1,10,32,0.2,Online,Seoul,Sensitive
YUL-10781,2025-08-02,P001,Deep Sea Hair Mask,Hair,4,12,38,0.25,Flagship Store,London,Dry
YUL-10782,2024-03-03,P004,Mugwort Essence,Skin,3,10,32,0.0,Online,Tokyo,Oily
YUL-10783,2025-08-27,P004,Mugwort Essence,Skin,1,10,32,0.0,Online,NYC,Combination
YUL-10784,2024-07-11,P001,Deep Sea Hair Mask,Hair,1,12,38,0.0,Sephora,Tokyo,Dry
YUL-10785,2024-09-13,P003,Scalp Soothing Oil,Hair,1,8,28,0.0,Online,Tokyo,Combination
YUL-10786,2025-04-15,P005,Ceramide Barrier Cream,Skin,2,14,42,0.25,Sephora,Seoul,Oily
YUL-10787,2025-02-07,P001,Deep Sea Hair Mask,Hair,3,12,38,0.1,Sephora,Seoul,Dry
YUL-10788,2025-01-09,P005,Ceramide Barrier Cream,Skin,1,14,42,0.1,Flagship Store,Tokyo,Dry
YUL-10789,2025-06-05,P004,Mugwort Essence,Skin,2,10,32,0.0,Sephora,Tokyo,Combination
YUL-10790,2025-01-13,P003,Scalp Soothing Oil,Hair,3,8,28,0.0,Olive Young,London,Dry
YUL-10791,2024-09-10,P004,Mugwort Essence,Skin,4,10,32,0.25,Sephora,Tokyo,Combination
YUL-10792,2025-01-23,P003,Scalp Soothing Oil,Hair,3,8,28,0.0,Sephora,NYC,Sensitive
YUL-10793,2024-05-05,P001,Deep Sea Hair Mask,Hair,4,12,38,0.0,Online,Seoul,Dry
YUL-10794,2024-08-22,P005,Ceramide Barrier Cream,Skin,4,14,42,0.25,Online,Seoul,Oily
YUL-10795,2025-03-18,P004,Mugwort Essence,Skin,4,10,32,0.0,Sephora,Seoul,Combination
YUL-10796,2024-05-01,P001,Deep Sea Hair Mask,Hair,2,12,38,0.0,Olive Young,Tokyo,Sensitive
YUL-10797,2025-03-04,P004,Mugwort Essence,Skin,2,10,32,0.2,Online,Tokyo,Sensitive
YUL-10798,2024-01-27,P002,Fermented Rice Serum,Skin,1,15,45,0.25,Flagship Store,NYC,Dry
YUL-10799,2024-11-24,P001,Deep Sea Hair Mask,Hair,2,12,38,0.1,Olive Young,Seoul,Combination
YUL-10800,2025-10-30,P003,Scalp Soothing Oil,Hair,1,8,28,0.2,Sephora,Seoul,Dry
YUL-10801,2024-12-09,P001,Deep Sea Hair Mask,Hair,4,12,38,0.25,Flagship Store,NYC,Dry
YUL-10802,2025-01-23,P003,Scalp Soothing Oil,Hair,4,8,28,0.0,Olive Young,London,Dry
YUL-10803,2024-03-09,P004,Mugwort Essence,Skin,4,10,32,0.25,Sephora,Seoul,Dry
YUL-10804,2025-07-17,P003,Scalp Soothing Oil,Hair,4,8,28,0.0,Olive Young,London,Oily
YUL-10805,2024-10-18,P005,Ceramide Barrier Cream,Skin,1,14,42,0.1,Online,NYC,Oily
YUL-10806,2024-05-02,P003,Scalp Soothing Oil,Hair,3,8,28,0.0,Online,London,Oily
YUL-10807,2024-04-17,P005,Ceramide Barrier Cream,Skin,4,14,42,0.2,Olive Young,Seoul,Combination
YUL-10808,2024-03-09,P003,Scalp Soothing Oil,Hair,4,8,28,0.0,Online,Seoul,Oily
YUL-10809,2024-01-20,P005,Ceramide Barrier Cream,Skin,3,14,42,0.0,Sephora,NYC,Sensitive
YUL-10810,2024-06-14,P005,Ceramide Barrier Cream,Skin,2,14,42,0.0,Online,Seoul,Combination
YUL-10811,2025-08-14,P002,Fermented Rice Serum,Skin,2,15,45,0.2,Flagship Store,Tokyo,Sensitive
YUL-10812,2024-07-13,P002,Fermented Rice Serum,Skin,4,15,45,0.25,Olive Young,London,Dry
YUL-10813,2025-05-21,P001,Deep Sea Hair Mask,Hair,3,12,38,0.1,Online,Seoul,Sensitive
YUL-10814,2025-08-04,P004,Mugwort Essence,Skin,3,10,32,0.2,Olive Young,London,Dry
YUL-10815,2025-06-25,P002,Fermented Rice Serum,Skin,3,15,45,0.2,Olive Young,Tokyo,Dry
YUL-10816,2024-09-08,P004,Mugwort Essence,Skin,1,10,32,0.1,Sephora,Tokyo,Dry
YUL-10817,2024-01-23,P003,Scalp Soothing Oil,Hair,2,8,28,0.25,Flagship Store,Seoul,Oily
YUL-10818,2024-09-18,P005,Ceramide Barrier Cream,Skin,4,14,42,0.1,Olive Young,NYC,Sensitive
YUL-10819,2024-05-19,P002,Fermented Rice Serum,Skin,2,15,45,0.0,Sephora,Tokyo,Dry
YUL-10820,2025-06-06,P002,Fermented Rice Serum,Skin,1,15,45,0.0,Flagship Store,London,Combination
YUL-10821,2024-03-28,P005,Ceramide Barrier Cream,Skin,3,14,42,0.0,Online,London,Sensitive
YUL-10822,2024-07-28,P004,Mugwort Essence,Skin,2,10,32,0.0,Sephora,London,Combination
YUL-10823,2025-02-11,P002,Fermented Rice Serum,Skin,4,15,45,0.2,Online,Seoul,Oily
YUL-10824,2024-03-12,P004,Mugwort Essence,Skin,3,10,32,0.25,Flagship Store,London,Combination
YUL-10825,2024-08-11,P002,Fermented Rice Serum,Skin,2,15,45,0.0,Olive Young,Seoul,Sensitive
YUL-10826,2025-07-15,P001,Deep Sea Hair Mask,Hair,3,12,38,0.0,Sephora,London,Dry
YUL-10827,2024-02-03,P004,Mugwort Essence,Skin,4,10,32,0.2,Online,London,Sensitive
YUL-10828,2025-10-31,P003,Scalp Soothing Oil,Hair,2,8,28,0.0,Sephora,London,Sensitive
YUL-10829,2024-02-29,P005,Ceramide Barrier Cream,Skin,3,14,42,0.1,Flagship Store,London,Oily
YUL-10830,2024-05-07,P005,Ceramide Barrier Cream,Skin,4,14,42,0.1,Sephora,Seoul,Sensitive
YUL-10831,2025-02-23,P003,Scalp Soothing Oil,Hair,2,8,28,0.0,Flagship Store,London,Combination
YUL-10832,2025-07-30,P003,Scalp Soothing Oil,Hair,1,8,28,0.0,Flagship Store,London,Combination
YUL-10833,2024-06-05,P003,Scalp Soothing Oil,Hair,4,8,28,0.0,Flagship Store,NYC,Combination
YUL-10834,2025-01-06,P003,Scalp Soothing Oil,Hair,1,8,28,0.0,Olive Young,Seoul,Oily
YUL-10835,2024-04-12,P001,Deep Sea Hair Mask,Hair,2,12,38,0.1,Online,London,Oily
YUL-10836,2024-06-05,P002,Fermented Rice Serum,Skin,4,15,45,0.0,Flagship Store,NYC,Combination
YUL-10837,2025-08-22,P002,Fermented Rice Serum,Skin,4,15,45,0.0,Sephora,London,Sensitive
YUL-10838,2025-05-09,P003,Scalp Soothing Oil,Hair,1,8,28,0.0,Flagship Store,Tokyo,Combination
YUL-10839,2024-04-13,P002,Fermented Rice Serum,Skin,1,15,45,0.25,Olive Young,London,Combination
YUL-10840,2024-08-01,P001,Deep Sea Hair Mask,Hair,2,12,38,0.0,Sephora,London,Combination
YUL-10841,2025-08-15,P002,Fermented Rice Serum,Skin,1,15,45,0.0,Flagship Store,NYC,Dry
YUL-10842,2024-01-30,P003,Scalp Soothing Oil,Hair,2,8,28,0.0,Online,NYC,Combination
YUL-10843,2025-09-10,P005,Ceramide Barrier Cream,Skin,3,14,42,0.0,Online,Tokyo,Combination
YUL-10844,2025-05-16,P002,Fermented Rice Serum,Skin,1,15,45,0.1,Flagship Store,NYC,Combination
YUL-10845,2025-05-06,P003,Scalp Soothing Oil,Hair,3,8,28,0.0,Flagship Store,Tokyo,Combination
YUL-10846,2024-05-04,P001,Deep Sea Hair Mask,Hair,1,12,38,0.0,Olive Young,NYC,Sensitive
YUL-10847,2025-12-09,P003,Scalp Soothing Oil,Hair,2,8,28,0.0,Flagship Store,NYC,Dry
YUL-10848,2025-09-22,P005,Ceramide Barrier Cream,Skin,3,14,42,0.25,Olive Young,Tokyo,Oily
YUL-10849,2024-03-02,P002,Fermented Rice Serum,Skin,3,15,45,0.0,Online,Seoul,Oily
YUL-10850,2024-11-23,P005,Ceramide Barrier Cream,Skin,1,14,42,0.2,Olive Young,Tokyo,Oily
YUL-10851,2024-01-15,P002,Fermented Rice Serum,Skin,4,15,45,0.0,Olive Young,Seoul,Combination
YUL-10852,2025-06-17,P003,Scalp Soothing Oil,Hair,4,8,28,0.1,Online,NYC,Oily
YUL-10853,2025-08-03,P002,Fermented Rice Serum,Skin,1,15,45,0.1,Sephora,NYC,Oily
YUL-10854,2025-07-12,P002,Fermented Rice Serum,Skin,2,15,45,0.0,Olive Young,NYC,Dry
YUL-10855,2024-09-14,P003,Scalp Soothing Oil,Hair,3,8,28,0.0,Sephora,Tokyo,Oily
YUL-10856,2024-04-14,P001,Deep Sea Hair Mask,Hair,3,12,38,0.0,Olive Young,Seoul,Oily
YUL-10857,2024-03-28,P004,Mugwort Essence,Skin,4,10,32,0.0,Olive Young,NYC,Dry
YUL-10858,2025-02-07,P002,Fermented Rice Serum,Skin,1,15,45,0.2,Olive Young,London,Dry
YUL-10859,2024-10-07,P004,Mugwort Essence,Skin,4,10,32,0.0,Flagship Store,Tokyo,Sensitive
YUL-10860,2025-03-22,P004,Mugwort Essence,Skin,4,10,32,0.0,Olive Young,Seoul,Sensitive
YUL-10861,2024-05-30,P005,Ceramide Barrier Cream,Skin,2,14,42,0.1,Flagship Store,NYC,Combination
YUL-10862,2024-09-26,P002,Fermented Rice Serum,Skin,3,15,45,0.0,Flagship Store,London,Sensitive
YUL-10863,2024-08-21,P004,Mugwort Essence,Skin,1,10,32,0.0,Sephora,NYC,Combination
YUL-10864,2024-10-06,P002,Fermented Rice Serum,Skin,4,15,45,0.25,Online,Tokyo,Combination
YUL-10865,2024-11-09,P003,Scalp Soothing Oil,Hair,1,8,28,0.0,Sephora,Seoul,Combination
YUL-10866,2024-11-09,P004,Mugwort Essence,Skin,3,10,32,0.0,Flagship Store,Tokyo,Sensitive
YUL-10867,2025-11-19,P002,Fermented Rice Serum,Skin,2,15,45,0.1,Flagship Store,Tokyo,Combination
YUL-10868,2025-01-09,P004,Mugwort Essence,Skin,3,10,32,0.2,Olive Young,London,Dry
YUL-10869,2025-10-19,P004,Mugwort Essence,Skin,2,10,32,0.0,Sephora,Seoul,Sensitive
YUL-10870,2024-01-31,P003,Scalp Soothing Oil,Hair,3,8,28,0.0,Online,Tokyo,Dry
YUL-10871,2025-05-31,P004,Mugwort Essence,Skin,4,10,32,0.25,Online,Tokyo,Oily
YUL-10872,2024-11-19,P004,Mugwort Essence,Skin,2,10,32,0.25,Olive Young,Tokyo,Sensitive
YUL-10873,2025-03-08,P005,Ceramide Barrier Cream,Skin,3,14,42,0.0,Flagship Store,London,Dry
YUL-10874,2024-05-08,P003,Scalp Soothing Oil,Hair,3,8,28,0.0,Flagship Store,London,Dry
YUL-10875,2025-11-20,P004,Mugwort Essence,Skin,2,10,32,0.1,Sephora,Tokyo,Sensitive
YUL-10876,2024-05-13,P001,Deep Sea Hair Mask,Hair,1,12,38,0.25,Flagship Store,Tokyo,Dry
YUL-10877,2025-03-25,P003,Scalp Soothing Oil,Hair,3,8,28,0.1,Flagship Store,London,Dry
YUL-10878,2025-10-05,P003,Scalp Soothing Oil,Hair,3,8,28,0.1,Flagship Store,Tokyo,Oily
YUL-10879,2025-09-20,P005,Ceramide Barrier Cream,Skin,4,14,42,0.0,Online,London,Sensitive
YUL-10880,2024-07-28,P002,Fermented Rice Serum,Skin,2,15,45,0.0,Sephora,London,Dry
YUL-10881,2024-10-15,P002,Fermented Rice Serum,Skin,2,15,45,0.2,Flagship Store,Tokyo,Oily
YUL-10882,2025-04-29,P005,Ceramide Barrier Cream,Skin,3,14,42,0.0,Flagship Store,Seoul,Oily
YUL-10883,2025-10-06,P002,Fermented Rice Serum,Skin,2,15,45,0.0,Sephora,NYC,Combination
YUL-10884,2024-05-17,P004,Mugwort Essence,Skin,1,10,32,0.25,Sephora,Tokyo,Oily
YUL-10885,2025-12-30,P005,Ceramide Barrier Cream,Skin,4,14,42,0.1,Flagship Store,Tokyo,Combination
YUL-10886,2024-02-01,P001,Deep Sea Hair Mask,Hair,4,12,38,0.25,Olive Young,London,Combination
YUL-10887,2024-11-22,P002,Fermented Rice Serum,Skin,1,15,45,0.0,Olive Young,London,Oily
YUL-10888,2024-03-24,P001,Deep Sea Hair Mask,Hair,3,12,38,0.0,Flagship Store,London,Combination
YUL-10889,2024-01-19,P003,Scalp Soothing Oil,Hair,2,8,28,0.0,Olive Young,London,Sensitive
YUL-10890,2024-11-19,P002,Fermented Rice Serum,Skin,2,15,45,0.2,Online,NYC,Oily
YUL-10891,2025-12-03,P004,Mugwort Essence,Skin,2,10,32,0.25,Flagship Store,Seoul,Oily
YUL-10892,2025-06-27,P004,Mugwort Essence,Skin,2,10,32,0.25,Olive Young,Tokyo,Dry
YUL-10893,2025-03-17,P002,Fermented Rice Serum,Skin,4,15,45,0.0,Online,Seoul,Sensitive
YUL-10894,2024-02-10,P004,Mugwort Essence,Skin,1,10,32,0.0,Flagship Store,London,Sensitive
YUL-10895,2025-09-14,P004,Mugwort Essence,Skin,2,10,32,0.2,Online,London,Dry
YUL-10896,2025-06-23,P005,Ceramide Barrier Cream,Skin,2,14,42,0.0,Flagship Store,NYC,Combination
YUL-10897,2024-02-17,P001,Deep Sea Hair Mask,Hair,1,12,38,0.0,Flagship Store,Tokyo,Combination
YUL-10898,2025-06-13,P002,Fermented Rice Serum,Skin,1,15,45,0.25,Olive Young,Tokyo,Dry
YUL-10899,2025-06-04,P004,Mugwort Essence,Skin,3,10,32,0.0,Online,Seoul,Oily
YUL-10900,2024-06-01,P005,Ceramide Barrier Cream,Skin,1,14,42,0.2,Olive Young,Tokyo,Oily
YUL-10901,2024-01-05,P005,Ceramide Barrier Cream,Skin,3,14,42,0.0,Flagship Store,Seoul,Oily
YUL-10902,2024-04-19,P005,Ceramide Barrier Cream,Skin,3,14,42,0.0,Online,NYC,Sensitive
YUL-10903,2024-12-24,P005,Ceramide Barrier Cream,Skin,2,14,42,0.2,Sephora,Tokyo,Sensitive
YUL-10904,2024-08-15,P005,Ceramide Barrier Cream,Skin,3,14,42,0.0,Olive Young,Seoul,Dry
YUL-10905,2025-11-07,P003,Scalp Soothing Oil,Hair,2,8,28,0.2,Online,NYC,Combination
YUL-10906,2025-02-20,P001,Deep Sea Hair Mask,Hair,4,12,38,0.0,Online,London,Sensitive
YUL-10907,2025-07-18,P002,Fermented Rice Serum,Skin,2,15,45,0.1,Sephora,Tokyo,Dry
YUL-10908,2024-03-19,P002,Fermented Rice Serum,Skin,4,15,45,0.2,Online,Seoul,Dry
YUL-10909,2024-10-16,P002,Fermented Rice Serum,Skin,3,15,45,0.2,Flagship Store,London,Oily
YUL-10910,2025-09-16,P005,Ceramide Barrier Cream,Skin,2,14,42,0.2,Flagship Store,Tokyo,Dry
YUL-10911,2025-02-12,P005,Ceramide Barrier Cream,Skin,4,14,42,0.25,Online,London,Oily
YUL-10912,2025-08-02,P003,Scalp Soothing Oil,Hair,4,8,28,0.1,Sephora,Seoul,Dry
YUL-10913,2024-05-08,P003,Scalp Soothing Oil,Hair,1,8,28,0.0,Sephora,Seoul,Sensitive
YUL-10914,2024-08-04,P001,Deep Sea Hair Mask,Hair,1,12,38,0.0,Sephora,Tokyo,Sensitive
YUL-10915,2024-12-19,P002,Fermented Rice Serum,Skin,2,15,45,0.0,Olive Young,NYC,Oily
YUL-10916,2024-09-25,P005,Ceramide Barrier Cream,Skin,2,14,42,0.0,Online,London,Sensitive
YUL-10917,2025-02-01,P003,Scalp Soothing Oil,Hair,4,8,28,0.0,Sephora,London,Dry
YUL-10918,2025-03-01,P004,Mugwort Essence,Skin,3,10,32,0.0,Olive Young,London,Dry
YUL-10919,2025-12-29,P003,Scalp Soothing Oil,Hair,3,8,28,0.25,Online,Tokyo,Combination
YUL-10920,2025-08-04,P002,Fermented Rice Serum,Skin,2,15,45,0.2,Sephora,London,Oily
YUL-10921,2025-07-29,P001,Deep Sea Hair Mask,Hair,3,12,38,0.0,Flagship Store,London,Oily
YUL-10922,2024-10-28,P003,Scalp Soothing Oil,Hair,4,8,28,0.0,Flagship Store,London,Dry
YUL-10923,2024-07-29,P002,Fermented Rice Serum,Skin,2,15,45,0.2,Online,Seoul,Oily
YUL-10924,2024-06-20,P001,Deep Sea Hair Mask,Hair,3,12,38,0.25,Sephora,Seoul,Oily
YUL-10925,2025-10-29,P004,Mugwort Essence,Skin,4,10,32,0.0,Online,NYC,Sensitive
YUL-10926,2025-02-11,P002,Fermented Rice Serum,Skin,4,15,45,0.0,Online,Seoul,Oily
YUL-10927,2024-02-24,P002,Fermented Rice Serum,Skin,1,15,45,0.0,Online,NYC,Dry
YUL-10928,2025-04-23,P005,Ceramide Barrier Cream,Skin,3,14,42,0.0,Online,Tokyo,Sensitive
YUL-10929,2024-09-15,P003,Scalp Soothing Oil,Hair,2,8,28,0.0,Sephora,Tokyo,Combination
YUL-10930,2025-10-19,P004,Mugwort Essence,Skin,2,10,32,0.2,Olive Young,NYC,Combination
YUL-10931,2024-09-23,P001,Deep Sea Hair Mask,Hair,1,12,38,0.2,Flagship Store,Seoul,Dry
YUL-10932,2024-09-30,P005,Ceramide Barrier Cream,Skin,3,14,42,0.0,Flagship Store,Seoul,Combination
YUL-10933,2025-02-03,P005,Ceramide Barrier Cream,Skin,3,14,42,0.2,Olive Young,London,Oily
YUL-10934,2024-03-20,P001,Deep Sea Hair Mask,Hair,3,12,38,0.0,Flagship Store,Seoul,Combination
YUL-10935,2025-04-04,P005,Ceramide Barrier Cream,Skin,4,14,42,0.2,Sephora,Seoul,Combination
YUL-10936,2025-03-15,P005,Ceramide Barrier Cream,Skin,3,14,42,0.25,Sephora,Tokyo,Dry
YUL-10937,2025-08-26,P004,Mugwort Essence,Skin,3,10,32,0.0,Online,Tokyo,Oily
YUL-10938,2024-11-30,P001,Deep Sea Hair Mask,Hair,1,12,38,0.0,Online,NYC,Dry
YUL-10939,2024-02-01,P001,Deep Sea Hair Mask,Hair,2,12,38,0.0,Online,NYC,Oily
YUL-10940,2024-06-28,P002,Fermented Rice Serum,Skin,4,15,45,0.1,Sephora,London,Sensitive
YUL-10941,2024-10-14,P004,Mugwort Essence,Skin,3,10,32,0.0,Sephora,Tokyo,Combination
YUL-10942,2024-04-04,P001,Deep Sea Hair Mask,Hair,3,12,38,0.0,Flagship Store,NYC,Sensitive
YUL-10943,2025-12-06,P005,Ceramide Barrier Cream,Skin,2,14,42,0.0,Flagship Store,London,Combination
YUL-10944,2025-05-02,P002,Fermented Rice Serum,Skin,4,15,45,0.1,Flagship Store,Seoul,Combination
YUL-10945,2025-03-10,P002,Fermented Rice Serum,Skin,4,15,45,0.0,Flagship Store,Tokyo,Oily
YUL-10946,2025-02-23,P003,Scalp Soothing Oil,Hair,2,8,28,0.0,Olive Young,London,Oily
YUL-10947,2024-03-30,P001,Deep Sea Hair Mask,Hair,3,12,38,0.2,Online,London,Oily
YUL-10948,2024-10-29,P001,Deep Sea Hair Mask,Hair,3,12,38,0.25,Sephora,Seoul,Oily
YUL-10949,2025-06-07,P002,Fermented Rice Serum,Skin,4,15,45,0.0,Online,London,Dry
YUL-10950,2024-01-04,P004,Mugwort Essence,Skin,4,10,32,0.2,Olive Young,Tokyo,Sensitive
YUL-10951,2025-07-08,P001,Deep Sea Hair Mask,Hair,1,12,38,0.0,Online,London,Sensitive
YUL-10952,2025-12-27,P004,Mugwort Essence,Skin,3,10,32,0.25,Olive Young,Seoul,Sensitive
YUL-10953,2025-10-20,P005,Ceramide Barrier Cream,Skin,3,14,42,0.1,Sephora,Seoul,Oily
YUL-10954,2025-08-11,P004,Mugwort Essence,Skin,1,10,32,0.1,Online,London,Dry
YUL-10955,2024-09-10,P004,Mugwort Essence,Skin,4,10,32,0.2,Flagship Store,Seoul,Dry
YUL-10956,2025-12-10,P003,Scalp Soothing Oil,Hair,2,8,28,0.25,Olive Young,London,Oily
YUL-10957,2024-06-07,P002,Fermented Rice Serum,Skin,2,15,45,0.1,Olive Young,Tokyo,Dry
YUL-10958,2024-12-11,P005,Ceramide Barrier Cream,Skin,3,14,42,0.25,Sephora,London,Sensitive
YUL-10959,2025-02-23,P005,Ceramide Barrier Cream,Skin,1,14,42,0.0,Sephora,NYC,Oily
YUL-10960,2024-04-28,P004,Mugwort Essence,Skin,4,10,32,0.2,Olive Young,London,Oily
YUL-10961,2025-08-07,P005,Ceramide Barrier Cream,Skin,3,14,42,0.2,Sephora,London,Dry
YUL-10962,2025-01-23,P002,Fermented Rice Serum,Skin,4,15,45,0.25,Olive Young,Seoul,Oily
YUL-10963,2024-04-30,P002,Fermented Rice Serum,Skin,4,15,45,0.0,Online,Seoul,Oily
YUL-10964,2025-12-06,P001,Deep Sea Hair Mask,Hair,2,12,38,0.0,Olive Young,NYC,Sensitive
YUL-10965,2025-07-31,P004,Mugwort Essence,Skin,4,10,32,0.0,Flagship Store,London,Sensitive
YUL-10966,2025-06-05,P004,Mugwort Essence,Skin,1,10,32,0.0,Olive Young,Tokyo,Combination
YUL-10967,2024-11-03,P001,Deep Sea Hair Mask,Hair,1,12,38,0.25,Online,Seoul,Oily
YUL-10968,2025-04-07,P003,Scalp Soothing Oil,Hair,2,8,28,0.1,Sephora,London,Combination
YUL-10969,2024-01-07,P005,Ceramide Barrier Cream,Skin,3,14,42,0.0,Online,London,Oily
YUL-10970,2025-11-26,P001,Deep Sea Hair Mask,Hair,2,12,38,0.0,Online,London,Sensitive
YUL-10971,2024-10-20,P001,Deep Sea Hair Mask,Hair,2,12,38,0.25,Flagship Store,Seoul,Dry
YUL-10972,2025-12-27,P005,Ceramide Barrier Cream,Skin,4,14,42,0.1,Flagship Store,NYC,Oily
YUL-10973,2025-11-27,P002,Fermented Rice Serum,Skin,4,15,45,0.25,Sephora,NYC,Combination
YUL-10974,2024-08-19,P003,Scalp Soothing Oil,Hair,1,8,28,0.1,Sephora,NYC,Oily
YUL-10975,2024-05-15,P002,Fermented Rice Serum,Skin,3,15,45,0.0,Online,London,Combination
YUL-10976,2024-03-11,P004,Mugwort Essence,Skin,1,10,32,0.25,Sephora,Tokyo,Sensitive
YUL-10977,2025-04-21,P005,Ceramide Barrier Cream,Skin,1,14,42,0.2,Olive Young,Tokyo,Oily
YUL-10978,2025-06-17,P005,Ceramide Barrier Cream,Skin,2,14,42,0.25,Flagship Store,Seoul,Sensitive
YUL-10979,2025-07-21,P002,Fermented Rice Serum,Skin,1,15,45,0.0,Online,Seoul,Sensitive
YUL-10980,2024-01-06,P002,Fermented Rice Serum,Skin,4,15,45,0.2,Flagship Store,Tokyo,Oily
YUL-10981,2024-03-30,P002,Fermented Rice Serum,Skin,2,15,45,0.0,Olive Young,NYC,Combination
YUL-10982,2024-02-28,P004,Mugwort Essence,Skin,3,10,32,0.1,Flagship Store,London,Oily
YUL-10983,2025-05-13,P005,Ceramide Barrier Cream,Skin,2,14,42,0.1,Online,NYC,Dry
YUL-10984,2025-05-01,P002,Fermented Rice Serum,Skin,2,15,45,0.2,Online,NYC,Oily
YUL-10985,2025-10-16,P003,Scalp Soothing Oil,Hair,3,8,28,0.25,Flagship Store,Tokyo,Combination
YUL-10986,2025-10-26,P004,Mugwort Essence,Skin,1,10,32,0.1,Sephora,London,Sensitive
YUL-10987,2025-01-27,P001,Deep Sea Hair Mask,Hair,1,12,38,0.0,Flagship Store,Tokyo,Combination
YUL-10988,2025-06-27,P002,Fermented Rice Serum,Skin,3,15,45,0.1,Flagship Store,Seoul,Dry
YUL-10989,2025-10-06,P005,Ceramide Barrier Cream,Skin,3,14,42,0.0,Sephora,Seoul,Oily
YUL-10990,2024-03-13,P004,Mugwort Essence,Skin,2,10,32,0.0,Online,Tokyo,Combination
YUL-10991,2024-08-30,P003,Scalp Soothing Oil,Hair,2,8,28,0.25,Olive Young,Tokyo,Sensitive
YUL-10992,2025-03-29,P001,Deep Sea Hair Mask,Hair,2,12,38,0.2,Online,NYC,Sensitive
YUL-10993,2024-08-25,P002,Fermented Rice Serum,Skin,2,15,45,0.2,Online,Tokyo,Combination
YUL-10994,2025-08-08,P004,Mugwort Essence,Skin,2,10,32,0.0,Olive Young,Tokyo,Oily
YUL-10995,2025-02-27,P005,Ceramide Barrier Cream,Skin,3,14,42,0.1,Flagship Store,Tokyo,Dry
YUL-10996,2024-07-21,P002,Fermented Rice Serum,Skin,2,15,45,0.0,Flagship Store,NYC,Oily
YUL-10997,2025-11-26,P004,Mugwort Essence,Skin,1,10,32,0.0,Flagship Store,Tokyo,Dry
YUL-10998,2025-03-02,P005,Ceramide Barrier Cream,Skin,2,14,42,0.25,Online,Tokyo,Sensitive
YUL-10999,2025-09-16,P001,Deep Sea Hair Mask,Hair,2,12,38,0.25,Flagship Store,London,Combination
YUL-11000,2025-08-12,P002,Fermented Rice Serum,Skin,3,15,45,0.2,Online,London,Combination
YUL-11001,2024-10-27,P004,Mugwort Essence,Skin,4,10,32,0.1,Sephora,Tokyo,Dry
YUL-11002,2025-02-23,P005,Ceramide Barrier Cream,Skin,1,14,42,0.1,Flagship Store,Seoul,Oily
YUL-11003,2024-01-03,P003,Scalp Soothing Oil,Hair,2,8,28,0.25,Olive Young,Seoul,Dry
YUL-11004,2024-01-03,P005,Ceramide Barrier Cream,Skin,3,14,42,0.0,Olive Young,Tokyo,Oily
YUL-11005,2025-08-07,P004,Mugwort Essence,Skin,2,10,32,0.0,Flagship Store,London,Sensitive
YUL-11006,2025-03-06,P003,Scalp Soothing Oil,Hair,1,8,28,0.2,Sephora,Seoul,Dry
YUL-11007,2024-02-07,P003,Scalp Soothing Oil,Hair,2,8,28,0.25,Olive Young,Seoul,Sensitive
YUL-11008,2025-09-09,P003,Scalp Soothing Oil,Hair,1,8,28,0.25,Sephora,NYC,Oily
YUL-11009,2024-12-23,P002,Fermented Rice Serum,Skin,2,15,45,0.0,Flagship Store,Seoul,Oily
YUL-11010,2024-11-06,P001,Deep Sea Hair Mask,Hair,2,12,38,0.0,Olive Young,London,Oily
YUL-11011,2025-01-13,P004,Mugwort Essence,Skin,1,10,32,0.0,Sephora,Tokyo,Combination
YUL-11012,2025-12-16,P005,Ceramide Barrier Cream,Skin,2,14,42,0.0,Online,NYC,Dry
YUL-11013,2025-12-20,P003,Scalp Soothing Oil,Hair,4,8,28,0.0,Sephora,Tokyo,Oily
YUL-11014,2024-10-07,P004,Mugwort Essence,Skin,3,10,32,0.0,Flagship Store,London,Sensitive
YUL-11015,2024-05-02,P002,Fermented Rice Serum,Skin,3,15,45,0.0,Olive Young,London,Oily
YUL-11016,2024-10-08,P001,Deep Sea Hair Mask,Hair,3,12,38,0.0,Online,Tokyo,Sensitive
YUL-11017,2024-05-21,P002,Fermented Rice Serum,Skin,4,15,45,0.1,Online,Tokyo,Sensitive
YUL-11018,2024-11-10,P001,Deep Sea Hair Mask,Hair,1,12,38,0.0,Olive Young,Tokyo,Oily
YUL-11019,2024-12-18,P001,Deep Sea Hair Mask,Hair,4,12,38,0.2,Online,Seoul,Dry
YUL-11020,2025-03-27,P001,Deep Sea Hair Mask,Hair,1,12,38,0.2,Sephora,NYC,Combination
YUL-11021,2025-11-23,P004,Mugwort Essence,Skin,3,10,32,0.0,Olive Young,Tokyo,Sensitive
YUL-11022,2024-03-31,P001,Deep Sea Hair Mask,Hair,4,12,38,0.2,Sephora,NYC,Combination
YUL-11023,2025-12-02,P004,Mugwort Essence,Skin,4,10,32,0.0,Online,NYC,Oily
YUL-11024,2025-09-19,P002,Fermented Rice Serum,Skin,4,15,45,0.1,Olive Young,London,Dry
YUL-11025,2024-06-15,P005,Ceramide Barrier Cream,Skin,4,14,42,0.0,Sephora,NYC,Dry
YUL-11026,2025-04-10,P003,Scalp Soothing Oil,Hair,4,8,28,0.0,Online,NYC,Oily
YUL-11027,2025-10-17,P002,Fermented Rice Serum,Skin,2,15,45,0.0,Sephora,London,Dry
YUL-11028,2024-09-21,P005,Ceramide Barrier Cream,Skin,4,14,42,0.2,Olive Young,London,Sensitive
YUL-11029,2025-08-07,P002,Fermented Rice Serum,Skin,3,15,45,0.0,Sephora,Seoul,Sensitive
YUL-11030,2025-03-03,P003,Scalp Soothing Oil,Hair,4,8,28,0.0,Olive Young,Tokyo,Sensitive
YUL-11031,2024-11-06,P005,Ceramide Barrier Cream,Skin,2,14,42,0.2,Sephora,Tokyo,Dry
YUL-11032,2025-06-02,P001,Deep Sea Hair Mask,Hair,3,12,38,0.25,Flagship Store,NYC,Oily
YUL-11033,2024-07-27,P001,Deep Sea Hair Mask,Hair,1,12,38,0.0,Sephora,Tokyo,Dry
YUL-11034,2024-07-11,P003,Scalp Soothing Oil,Hair,1,8,28,0.2,Online,Tokyo,Combination
YUL-11035,2024-03-19,P003,Scalp Soothing Oil,Hair,2,8,28,0.0,Sephora,Tokyo,Dry
YUL-11036,2024-07-08,P002,Fermented Rice Serum,Skin,3,15,45,0.1,Olive Young,London,Combination
YUL-11037,2025-08-28,P001,Deep Sea Hair Mask,Hair,3,12,38,0.25,Olive Young,Seoul,Combination
YUL-11038,2024-11-27,P003,Scalp Soothing Oil,Hair,4,8,28,0.25,Olive Young,Seoul,Dry
YUL-11039,2024-08-30,P004,Mugwort Essence,Skin,4,10,32,0.25,Olive Young,Tokyo,Sensitive
YUL-11040,2025-12-23,P005,Ceramide Barrier Cream,Skin,4,14,42,0.25,Flagship Store,NYC,Oily
YUL-11041,2025-03-22,P002,Fermented Rice Serum,Skin,1,15,45,0.0,Sephora,Tokyo,Sensitive
YUL-11042,2025-09-24,P001,Deep Sea Hair Mask,Hair,3,12,38,0.0,Online,Tokyo,Combination
YUL-11043,2025-04-14,P004,Mugwort Essence,Skin,1,10,32,0.25,Olive Young,London,Sensitive
YUL-11044,2024-05-06,P005,Ceramide Barrier Cream,Skin,2,14,42,0.0,Flagship Store,London,Dry
YUL-11045,2024-08-16,P005,Ceramide Barrier Cream,Skin,1,14,42,0.0,Olive Young,Tokyo,Oily
YUL-11046,2024-04-10,P002,Fermented Rice Serum,Skin,4,15,45,0.1,Online,Seoul,Combination
YUL-11047,2024-02-20,P002,Fermented Rice Serum,Skin,1,15,45,0.2,Flagship Store,London,Combination
YUL-11048,2025-06-15,P005,Ceramide Barrier Cream,Skin,1,14,42,0.0,Flagship Store,Seoul,Combination
YUL-11049,2024-01-08,P005,Ceramide Barrier Cream,Skin,4,14,42,0.0,Olive Young,Tokyo,Sensitive
YUL-11050,2024-11-24,P001,Deep Sea Hair Mask,Hair,1,12,38,0.2,Sephora,London,Combination
YUL-11051,2025-04-22,P003,Scalp Soothing Oil,Hair,3,8,28,0.0,Olive Young,Tokyo,Oily
YUL-11052,2025-09-18,P004,Mugwort Essence,Skin,3,10,32,0.1,Olive Young,Seoul,Sensitive
YUL-11053,2024-08-14,P004,Mugwort Essence,Skin,2,10,32,0.2,Online,Tokyo,Sensitive
YUL-11054,2024-10-30,P003,Scalp Soothing Oil,Hair,4,8,28,0.0,Olive Young,Seoul,Sensitive
YUL-11055,2025-01-23,P004,Mugwort Essence,Skin,2,10,32,0.0,Olive Young,NYC,Sensitive
YUL-11056,2025-01-27,P003,Scalp Soothing Oil,Hair,3,8,28,0.1,Online,NYC,Sensitive
YUL-11057,2024-08-15,P003,Scalp Soothing Oil,Hair,4,8,28,0.25,Sephora,Seoul,Dry
YUL-11058,2024-10-04,P001,Deep Sea Hair Mask,Hair,1,12,38,0.0,Sephora,London,Sensitive
YUL-11059,2025-07-01,P001,Deep Sea Hair Mask,Hair,3,12,38,0.0,Sephora,London,Sensitive
YUL-11060,2025-03-11,P001,Deep Sea Hair Mask,Hair,4,12,38,0.25,Sephora,Seoul,Dry
YUL-11061,2024-05-05,P002,Fermented Rice Serum,Skin,4,15,45,0.0,Flagship Store,Tokyo,Dry
YUL-11062,2025-09-07,P001,Deep Sea Hair Mask,Hair,3,12,38,0.0,Flagship Store,Tokyo,Dry
YUL-11063,2024-05-15,P002,Fermented Rice Serum,Skin,3,15,45,0.2,Olive Young,London,Oily
YUL-11064,2024-09-19,P003,Scalp Soothing Oil,Hair,4,8,28,0.0,Olive Young,Tokyo,Oily
YUL-11065,2025-09-28,P003,Scalp Soothing Oil,Hair,3,8,28,0.0,Online,NYC,Combination
YUL-11066,2024-08-21,P002,Fermented Rice Serum,Skin,2,15,45,0.25,Olive Young,Seoul,Oily
YUL-11067,2024-05-07,P003,Scalp Soothing Oil,Hair,2,8,28,0.25,Sephora,Tokyo,Sensitive
YUL-11068,2024-04-03,P004,Mugwort Essence,Skin,1,10,32,0.0,Online,London,Oily
YUL-11069,2025-02-11,P003,Scalp Soothing Oil,Hair,1,8,28,0.0,Olive Young,NYC,Oily
YUL-11070,2025-02-11,P001,Deep Sea Hair Mask,Hair,4,12,38,0.25,Online,London,Dry
YUL-11071,2025-04-20,P001,Deep Sea Hair Mask,Hair,1,12,38,0.2,Flagship Store,London,Oily
YUL-11072,2025-11-22,P003,Scalp Soothing Oil,Hair,4,8,28,0.0,Flagship Store,Tokyo,Sensitive
YUL-11073,2024-08-14,P003,Scalp Soothing Oil,Hair,3,8,28,0.0,Flagship Store,Tokyo,Oily
YUL-11074,2025-04-17,P003,Scalp Soothing Oil,Hair,3,8,28,0.1,Online,NYC,Dry
YUL-11075,2025-10-09,P003,Scalp Soothing Oil,Hair,4,8,28,0.0,Flagship Store,Seoul,Dry
YUL-11076,2025-07-09,P005,Ceramide Barrier Cream,Skin,4,14,42,0.25,Sephora,London,Dry
YUL-11077,2025-07-05,P004,Mugwort Essence,Skin,2,10,32,0.0,Sephora,NYC,Combination
YUL-11078,2024-07-14,P003,Scalp Soothing Oil,Hair,4,8,28,0.0,Olive Young,Tokyo,Combination
YUL-11079,2025-04-04,P001,Deep Sea Hair Mask,Hair,4,12,38,0.25,Sephora,Tokyo,Dry
YUL-11080,2024-03-17,P001,Deep Sea Hair Mask,Hair,1,12,38,0.0,Sephora,London,Oily
YUL-11081,2024-10-17,P002,Fermented Rice Serum,Skin,1,15,45,0.0,Sephora,Seoul,Dry
YUL-11082,2024-02-15,P002,Fermented Rice Serum,Skin,4,15,45,0.25,Flagship Store,London,Dry
YUL-11083,2025-10-21,P001,Deep Sea Hair Mask,Hair,2,12,38,0.2,Flagship Store,Seoul,Combination
YUL-11084,2024-04-11,P002,Fermented Rice Serum,Skin,1,15,45,0.2,Flagship Store,London,Dry
YUL-11085,2025-03-01,P005,Ceramide Barrier Cream,Skin,4,14,42,0.0,Flagship Store,NYC,Combination
YUL-11086,2024-10-19,P002,Fermented Rice Serum,Skin,3,15,45,0.2,Online,NYC,Dry
YUL-11087,2024-11-20,P001,Deep Sea Hair Mask,Hair,1,12,38,0.0,Sephora,London,Sensitive
YUL-11088,2025-08-30,P002,Fermented Rice Serum,Skin,2,15,45,0.0,Sephora,Seoul,Dry
YUL-11089,2025-06-15,P004,Mugwort Essence,Skin,1,10,32,0.0,Online,London,Oily
YUL-11090,2024-04-04,P005,Ceramide Barrier Cream,Skin,3,14,42,0.0,Olive Young,Tokyo,Dry
YUL-11091,2025-03-29,P002,Fermented Rice Serum,Skin,2,15,45,0.0,Sephora,London,Oily
YUL-11092,2025-08-27,P001,Deep Sea Hair Mask,Hair,2,12,38,0.1,Olive Young,Tokyo,Combination
YUL-11093,2025-08-02,P002,Fermented Rice Serum,Skin,3,15,45,0.1,Olive Young,Tokyo,Oily
YUL-11094,2025-09-26,P005,Ceramide Barrier Cream,Skin,4,14,42,0.2,Flagship Store,NYC,Combination
YUL-11095,2024-08-01,P001,Deep Sea Hair Mask,Hair,2,12,38,0.2,Online,London,Combination
YUL-11096,2025-05-06,P002,Fermented Rice Serum,Skin,1,15,45,0.25,Flagship Store,Tokyo,Combination
YUL-11097,2025-05-12,P005,Ceramide Barrier Cream,Skin,3,14,42,0.0,Olive Young,Tokyo,Oily
YUL-11098,2025-09-28,P005,Ceramide Barrier Cream,Skin,4,14,42,0.25,Olive Young,Tokyo,Sensitive
YUL-11099,2024-11-12,P001,Deep Sea Hair Mask,Hair,2,12,38,0.0,Olive Young,Tokyo,Dry
YUL-11100,2024-10-23,P002,Fermented Rice Serum,Skin,3,15,45,0.25,Online,Seoul,Sensitive
YUL-11101,2025-04-07,P005,Ceramide Barrier Cream,Skin,1,14,42,0.1,Sephora,Tokyo,Oily
YUL-11102,2025-03-23,P004,Mugwort Essence,Skin,4,10,32,0.0,Online,Seoul,Dry
YUL-11103,2025-12-10,P002,Fermented Rice Serum,Skin,2,15,45,0.0,Flagship Store,Seoul,Combination
YUL-11104,2025-09-21,P002,Fermented Rice Serum,Skin,2,15,45,0.2,Sephora,Seoul,Dry
YUL-11105,2025-09-09,P005,Ceramide Barrier Cream,Skin,3,14,42,0.0,Flagship Store,NYC,Sensitive
YUL-11106,2024-03-27,P004,Mugwort Essence,Skin,2,10,32,0.1,Olive Young,London,Oily
YUL-11107,2024-04-14,P004,Mugwort Essence,Skin,4,10,32,0.25,Olive Young,London,Combination
YUL-11108,2024-01-20,P002,Fermented Rice Serum,Skin,1,15,45,0.25,Flagship Store,London,Combination
YUL-11109,2024-01-17,P002,Fermented Rice Serum,Skin,3,15,45,0.2,Sephora,Seoul,Sensitive
YUL-11110,2025-02-25,P005,Ceramide Barrier Cream,Skin,4,14,42,0.0,Olive Young,NYC,Oily
YUL-11111,2025-04-06,P001,Deep Sea Hair Mask,Hair,3,12,38,0.0,Online,Seoul,Combination
YUL-11112,2025-03-28,P005,Ceramide Barrier Cream,Skin,1,14,42,0.0,Online,Tokyo,Dry
YUL-11113,2024-04-25,P002,Fermented Rice Serum,Skin,1,15,45,0.1,Online,NYC,Oily
YUL-11114,2024-01-31,P001,Deep Sea Hair Mask,Hair,2,12,38,0.1,Sephora,Tokyo,Oily
YUL-11115,2025-04-12,P003,Scalp Soothing Oil,Hair,2,8,28,0.0,Sephora,NYC,Dry
YUL-11116,2024-01-27,P004,Mugwort Essence,Skin,4,10,32,0.2,Online,NYC,Dry
YUL-11117,2024-01-14,P005,Ceramide Barrier Cream,Skin,4,14,42,0.0,Sephora,London,Sensitive
YUL-11118,2024-09-04,P001,Deep Sea Hair Mask,Hair,3,12,38,0.2,Sephora,NYC,Oily
YUL-11119,2024-02-23,P001,Deep Sea Hair Mask,Hair,2,12,38,0.0,Olive Young,Tokyo,Oily
YUL-11120,2024-10-29,P003,Scalp Soothing Oil,Hair,4,8,28,0.0,Olive Young,NYC,Oily
YUL-11121,2025-11-23,P002,Fermented Rice Serum,Skin,1,15,45,0.2,Sephora,Tokyo,Oily
YUL-11122,2025-03-12,P005,Ceramide Barrier Cream,Skin,4,14,42,0.2,Flagship Store,Tokyo,Combination
YUL-11123,2024-02-14,P001,Deep Sea Hair Mask,Hair,4,12,38,0.2,Online,NYC,Oily
YUL-11124,2024-11-18,P004,Mugwort Essence,Skin,1,10,32,0.0,Flagship Store,NYC,Sensitive
YUL-11125,2024-08-03,P004,Mugwort Essence,Skin,4,10,32,0.0,Olive Young,NYC,Combination
YUL-11126,2024-12-24,P001,Deep Sea Hair Mask,Hair,2,12,38,0.1,Sephora,London,Dry
YUL-11127,2025-08-12,P004,Mugwort Essence,Skin,1,10,32,0.0,Online,NYC,Combination
YUL-11128,2025-06-18,P003,Scalp Soothing Oil,Hair,1,8,28,0.0,Online,Seoul,Dry
YUL-11129,2025-05-01,P005,Ceramide Barrier Cream,Skin,2,14,42,0.1,Olive Young,Seoul,Oily
YUL-11130,2024-10-28,P003,Scalp Soothing Oil,Hair,3,8,28,0.0,Online,Seoul,Combination
YUL-11131,2025-05-07,P001,Deep Sea Hair Mask,Hair,3,12,38,0.0,Online,NYC,Sensitive
YUL-11132,2024-07-09,P004,Mugwort Essence,Skin,4,10,32,0.0,Flagship Store,London,Combination
YUL-11133,2025-06-18,P001,Deep Sea Hair Mask,Hair,1,12,38,0.2,Flagship Store,Tokyo,Dry
YUL-11134,2024-04-11,P003,Scalp Soothing Oil,Hair,1,8,28,0.25,Olive Young,Seoul,Dry
YUL-11135,2025-01-11,P002,Fermented Rice Serum,Skin,1,15,45,0.0,Sephora,NYC,Oily
YUL-11136,2025-11-22,P005,Ceramide Barrier Cream,Skin,2,14,42,0.0,Flagship Store,Seoul,Oily
YUL-11137,2025-06-12,P005,Ceramide Barrier Cream,Skin,3,14,42,0.0,Olive Young,Tokyo,Sensitive
YUL-11138,2024-04-14,P002,Fermented Rice Serum,Skin,1,15,45,0.0,Flagship Store,Tokyo,Sensitive
YUL-11139,2025-02-08,P001,Deep Sea Hair Mask,Hair,3,12,38,0.25,Olive Young,London,Combination
YUL-11140,2025-03-24,P002,Fermented Rice Serum,Skin,4,15,45,0.25,Online,Tokyo,Sensitive
YUL-11141,2025-08-24,P003,Scalp Soothing Oil,Hair,4,8,28,0.1,Online,NYC,Sensitive
YUL-11142,2024-10-24,P005,Ceramide Barrier Cream,Skin,3,14,42,0.0,Online,London,Oily
YUL-11143,2024-06-06,P003,Scalp Soothing Oil,Hair,2,8,28,0.1,Sephora,NYC,Oily
YUL-11144,2025-03-19,P001,Deep Sea Hair Mask,Hair,4,12,38,0.0,Olive Young,London,Oily
YUL-11145,2025-03-31,P005,Ceramide Barrier Cream,Skin,1,14,42,0.2,Flagship Store,London,Sensitive
YUL-11146,2025-07-16,P001,Deep Sea Hair Mask,Hair,4,12,38,0.0,Olive Young,Tokyo,Sensitive
YUL-11147,2024-02-13,P003,Scalp Soothing Oil,Hair,4,8,28,0.2,Olive Young,NYC,Dry
YUL-11148,2024-06-26,P005,Ceramide Barrier Cream,Skin,4,14,42,0.0,Sephora,London,Oily
YUL-11149,2025-12-16,P003,Scalp Soothing Oil,Hair,1,8,28,0.2,Online,London,Dry
YUL-11150,2025-09-12,P001,Deep Sea Hair Mask,Hair,4,12,38,0.25,Online,Seoul,Oily
YUL-11151,2024-07-15,P004,Mugwort Essence,Skin,4,10,32,0.1,Online,NYC,Sensitive
YUL-11152,2025-09-23,P002,Fermented Rice Serum,Skin,2,15,45,0.25,Sephora,London,Dry
YUL-11153,2024-11-06,P004,Mugwort Essence,Skin,2,10,32,0.2,Online,Tokyo,Sensitive
YUL-11154,2024-09-06,P003,Scalp Soothing Oil,Hair,2,8,28,0.2,Flagship Store,Tokyo,Combination
YUL-11155,2025-12-20,P002,Fermented Rice Serum,Skin,2,15,45,0.0,Online,NYC,Combination
YUL-11156,2025-03-05,P001,Deep Sea Hair Mask,Hair,1,12,38,0.0,Olive Young,Seoul,Sensitive
YUL-11157,2024-09-24,P005,Ceramide Barrier Cream,Skin,1,14,42,0.1,Online,NYC,Combination
YUL-11158,2024-12-02,P005,Ceramide Barrier Cream,Skin,1,14,42,0.25,Olive Young,NYC,Oily
YUL-11159,2025-06-01,P002,Fermented Rice Serum,Skin,4,15,45,0.0,Sephora,Tokyo,Sensitive
YUL-11160,2024-03-12,P002,Fermented Rice Serum,Skin,3,15,45,0.0,Sephora,London,Combination
YUL-11161,2025-12-28,P001,Deep Sea Hair Mask,Hair,4,12,38,0.0,Online,Seoul,Oily
YUL-11162,2025-12-03,P001,Deep Sea Hair Mask,Hair,3,12,38,0.1,Sephora,Tokyo,Dry
YUL-11163,2024-12-22,P005,Ceramide Barrier Cream,Skin,4,14,42,0.25,Olive Young,Seoul,Combination
YUL-11164,2025-04-16,P003,Scalp Soothing Oil,Hair,2,8,28,0.25,Online,London,Oily
YUL-11165,2024-03-10,P002,Fermented Rice Serum,Skin,1,15,45,0.2,Online,Seoul,Dry
YUL-11166,2025-03-14,P002,Fermented Rice Serum,Skin,4,15,45,0.0,Flagship Store,Seoul,Combination
YUL-11167,2024-02-19,P001,Deep Sea Hair Mask,Hair,3,12,38,0.0,Olive Young,London,Combination
YUL-11168,2024-12-14,P001,Deep Sea Hair Mask,Hair,1,12,38,0.0,Olive Young,Tokyo,Combination
YUL-11169,2024-03-31,P003,Scalp Soothing Oil,Hair,4,8,28,0.0,Flagship Store,Tokyo,Dry
YUL-11170,2025-01-22,P004,Mugwort Essence,Skin,1,10,32,0.2,Sephora,London,Sensitive
YUL-11171,2025-05-07,P005,Ceramide Barrier Cream,Skin,3,14,42,0.0,Flagship Store,Seoul,Oily
YUL-11172,2025-12-21,P002,Fermented Rice Serum,Skin,1,15,45,0.0,Flagship Store,Tokyo,Sensitive
YUL-11173,2025-01-08,P003,Scalp Soothing Oil,Hair,4,8,28,0.1,Olive Young,Seoul,Sensitive
YUL-11174,2024-01-07,P005,Ceramide Barrier Cream,Skin,1,14,42,0.1,Olive Young,NYC,Oily
YUL-11175,2025-05-05,P001,Deep Sea Hair Mask,Hair,3,12,38,0.0,Flagship Store,NYC,Oily
YUL-11176,2025-07-24,P001,Deep Sea Hair Mask,Hair,3,12,38,0.1,Olive Young,Seoul,Sensitive
YUL-11177,2025-09-25,P004,Mugwort Essence,Skin,4,10,32,0.25,Online,NYC,Oily
YUL-11178,2025-02-16,P003,Scalp Soothing Oil,Hair,1,8,28,0.1,Flagship Store,NYC,Sensitive
YUL-11179,2025-03-04,P002,Fermented Rice Serum,Skin,4,15,45,0.1,Olive Young,Tokyo,Sensitive
YUL-11180,2025-05-11,P003,Scalp Soothing Oil,Hair,1,8,28,0.2,Flagship Store,NYC,Combination
YUL-11181,2024-12-09,P002,Fermented Rice Serum,Skin,2,15,45,0.0,Flagship Store,Seoul,Oily
YUL-11182,2025-02-14,P002,Fermented Rice Serum,Skin,1,15,45,0.25,Flagship Store,NYC,Sensitive
YUL-11183,2024-05-10,P001,Deep Sea Hair Mask,Hair,2,12,38,0.2,Online,Tokyo,Combination
YUL-11184,2024-01-10,P002,Fermented Rice Serum,Skin,1,15,45,0.0,Flagship Store,London,Dry
YUL-11185,2024-09-13,P004,Mugwort Essence,Skin,2,10,32,0.0,Online,London,Combination
YUL-11186,2024-02-25,P001,Deep Sea Hair Mask,Hair,1,12,38,0.0,Flagship Store,London,Dry
YUL-11187,2024-09-18,P003,Scalp Soothing Oil,Hair,4,8,28,0.1,Sephora,NYC,Combination
YUL-11188,2024-01-15,P001,Deep Sea Hair Mask,Hair,4,12,38,0.1,Online,Seoul,Dry
YUL-11189,2024-07-22,P002,Fermented Rice Serum,Skin,4,15,45,0.1,Online,NYC,Oily
YUL-11190,2025-03-07,P001,Deep Sea Hair Mask,Hair,4,12,38,0.0,Online,NYC,Combination
YUL-11191,2024-01-08,P001,Deep Sea Hair Mask,Hair,3,12,38,0.2,Flagship Store,London,Oily
YUL-11192,2025-08-21,P002,Fermented Rice Serum,Skin,1,15,45,0.0,Sephora,Seoul,Combination
YUL-11193,2024-12-17,P002,Fermented Rice Serum,Skin,3,15,45,0.0,Online,Tokyo,Dry
YUL-11194,2025-06-01,P001,Deep Sea Hair Mask,Hair,2,12,38,0.0,Online,Seoul,Oily
YUL-11195,2024-07-09,P004,Mugwort Essence,Skin,2,10,32,0.2,Online,Seoul,Dry
YUL-11196,2025-01-10,P003,Scalp Soothing Oil,Hair,4,8,28,0.0,Online,London,Dry
YUL-11197,2024-03-07,P003,Scalp Soothing Oil,Hair,4,8,28,0.25,Sephora,Tokyo,Sensitive
YUL-11198,2024-12-27,P002,Fermented Rice Serum,Skin,2,15,45,0.2,Sephora,Seoul,Dry
YUL-11199,2024-11-08,P003,Scalp Soothing Oil,Hair,1,8,28,0.2,Sephora,Seoul,Combination
YUL-11200,2025-07-07,P001,Deep Sea Hair Mask,Hair,3,12,38,0.1,Flagship Store,London,Dry
YUL-11201,2024-08-24,P004,Mugwort Essence,Skin,3,10,32,0.25,Sephora,NYC,Sensitive
YUL-11202,2024-05-16,P002,Fermented Rice Serum,Skin,4,15,45,0.1,Sephora,London,Dry
YUL-11203,2024-09-17,P004,Mugwort Essence,Skin,4,10,32,0.0,Flagship Store,Tokyo,Sensitive
YUL-11204,2025-04-18,P002,Fermented Rice Serum,Skin,4,15,45,0.25,Online,London,Oily
YUL-11205,2025-06-06,P004,Mugwort Essence,Skin,2,10,32,0.2,Online,London,Dry
YUL-11206,2024-08-29,P003,Scalp Soothing Oil,Hair,4,8,28,0.0,Flagship Store,Seoul,Combination
YUL-11207,2025-10-16,P005,Ceramide Barrier Cream,Skin,1,14,42,0.0,Flagship Store,Tokyo,Combination
YUL-11208,2025-09-11,P003,Scalp Soothing Oil,Hair,4,8,28,0.0,Flagship Store,London,Oily
YUL-11209,2025-07-26,P004,Mugwort Essence,Skin,2,10,32,0.0,Olive Young,London,Oily
YUL-11210,2024-04-28,P002,Fermented Rice Serum,Skin,1,15,45,0.25,Flagship Store,Seoul,Combination
YUL-11211,2025-07-22,P001,Deep Sea Hair Mask,Hair,2,12,38,0.25,Olive Young,NYC,Oily
YUL-11212,2025-12-04,P002,Fermented Rice Serum,Skin,2,15,45,0.0,Flagship Store,Tokyo,Oily
YUL-11213,2024-01-24,P005,Ceramide Barrier Cream,Skin,3,14,42,0.0,Online,London,Dry
YUL-11214,2025-07-19,P003,Scalp Soothing Oil,Hair,1,8,28,0.25,Online,NYC,Dry
YUL-11215,2024-01-14,P003,Scalp Soothing Oil,Hair,3,8,28,0.0,Sephora,London,Dry
YUL-11216,2024-12-05,P005,Ceramide Barrier Cream,Skin,3,14,42,0.0,Online,Seoul,Dry
YUL-11217,2025-01-29,P005,Ceramide Barrier Cream,Skin,1,14,42,0.0,Sephora,Tokyo,Oily
YUL-11218,2024-10-05,P002,Fermented Rice Serum,Skin,2,15,45,0.0,Sephora,London,Combination
YUL-11219,2024-10-22,P002,Fermented Rice Serum,Skin,2,15,45,0.0,Flagship Store,Seoul,Combination
YUL-11220,2025-10-19,P003,Scalp Soothing Oil,Hair,2,8,28,0.1,Sephora,NYC,Dry
YUL-11221,2024-07-10,P003,Scalp Soothing Oil,Hair,4,8,28,0.0,Flagship Store,London,Oily
YUL-11222,2024-05-21,P003,Scalp Soothing Oil,Hair,3,8,28,0.1,Online,Tokyo,Dry
YUL-11223,2025-02-07,P002,Fermented Rice Serum,Skin,4,15,45,0.25,Olive Young,London,Combination
YUL-11224,2025-03-08,P005,Ceramide Barrier Cream,Skin,4,14,42,0.2,Flagship Store,Seoul,Dry
YUL-11225,2025-08-22,P004,Mugwort Essence,Skin,2,10,32,0.2,Sephora,NYC,Dry
YUL-11226,2025-06-14,P005,Ceramide Barrier Cream,Skin,3,14,42,0.1,Olive Young,NYC,Dry
YUL-11227,2024-12-30,P005,Ceramide Barrier Cream,Skin,2,14,42,0.2,Online,London,Combination
YUL-11228,2024-10-10,P002,Fermented Rice Serum,Skin,2,15,45,0.25,Olive Young,NYC,Dry
YUL-11229,2025-04-28,P001,Deep Sea Hair Mask,Hair,3,12,38,0.1,Online,Seoul,Dry
YUL-11230,2024-03-30,P005,Ceramide Barrier Cream,Skin,1,14,42,0.0,Olive Young,Seoul,Combination
YUL-11231,2024-11-11,P004,Mugwort Essence,Skin,2,10,32,0.1,Sephora,London,Dry
YUL-11232,2025-01-18,P004,Mugwort Essence,Skin,1,10,32,0.25,Online,Seoul,Oily
YUL-11233,2024-05-14,P001,Deep Sea Hair Mask,Hair,2,12,38,0.0,Olive Young,Tokyo,Combination
YUL-11234,2025-07-29,P001,Deep Sea Hair Mask,Hair,2,12,38,0.0,Olive Young,Seoul,Dry
YUL-11235,2025-09-20,P001,Deep Sea Hair Mask,Hair,3,12,38,0.0,Sephora,London,Sensitive
YUL-11236,2024-12-21,P001,Deep Sea Hair Mask,Hair,1,12,38,0.2,Sephora,London,Dry
YUL-11237,2025-01-10,P004,Mugwort Essence,Skin,3,10,32,0.25,Flagship Store,Seoul,Oily
YUL-11238,2025-08-03,P005,Ceramide Barrier Cream,Skin,4,14,42,0.0,Online,Seoul,Dry
YUL-11239,2025-06-21,P002,Fermented Rice Serum,Skin,2,15,45,0.0,Online,Seoul,Oily
YUL-11240,2024-09-15,P004,Mugwort Essence,Skin,3,10,32,0.1,Flagship Store,Seoul,Dry
YUL-11241,2024-07-25,P005,Ceramide Barrier Cream,Skin,4,14,42,0.1,Sephora,London,Combination
YUL-11242,2024-12-24,P005,Ceramide Barrier Cream,Skin,3,14,42,0.0,Sephora,Tokyo,Dry
YUL-11243,2024-03-08,P003,Scalp Soothing Oil,Hair,1,8,28,0.1,Sephora,London,Combination
YUL-11244,2024-09-29,P005,Ceramide Barrier Cream,Skin,1,14,42,0.0,Olive Young,NYC,Combination
YUL-11245,2024-05-22,P002,Fermented Rice Serum,Skin,1,15,45,0.0,Flagship Store,NYC,Combination
YUL-11246,2025-08-12,P003,Scalp Soothing Oil,Hair,2,8,28,0.2,Flagship Store,Seoul,Sensitive
YUL-11247,2025-08-13,P001,Deep Sea Hair Mask,Hair,2,12,38,0.0,Online,London,Dry
YUL-11248,2025-06-22,P005,Ceramide Barrier Cream,Skin,2,14,42,0.0,Sephora,Tokyo,Sensitive
YUL-11249,2024-03-18,P001,Deep Sea Hair Mask,Hair,3,12,38,0.25,Online,London,Combination
YUL-11250,2025-06-10,P003,Scalp Soothing Oil,Hair,1,8,28,0.0,Olive Young,London,Sensitive
YUL-11251,2024-01-18,P004,Mugwort Essence,Skin,3,10,32,0.1,Olive Young,NYC,Dry
YUL-11252,2025-01-06,P003,Scalp Soothing Oil,Hair,1,8,28,0.0,Flagship Store,Seoul,Combination
YUL-11253,2024-08-01,P001,Deep Sea Hair Mask,Hair,1,12,38,0.25,Online,NYC,Combination
YUL-11254,2025-01-25,P001,Deep Sea Hair Mask,Hair,2,12,38,0.0,Olive Young,NYC,Oily
YUL-11255,2024-01-29,P005,Ceramide Barrier Cream,Skin,4,14,42,0.0,Flagship Store,NYC,Combination
YUL-11256,2025-02-02,P002,Fermented Rice Serum,Skin,4,15,45,0.0,Online,London,Oily
YUL-11257,2024-07-10,P001,Deep Sea Hair Mask,Hair,4,12,38,0.0,Online,Tokyo,Oily
YUL-11258,2024-06-08,P004,Mugwort Essence,Skin,3,10,32,0.0,Sephora,Tokyo,Combination
YUL-11259,2024-10-22,P004,Mugwort Essence,Skin,1,10,32,0.0,Flagship Store,NYC,Combination
YUL-11260,2024-02-25,P001,Deep Sea Hair Mask,Hair,2,12,38,0.2,Online,Tokyo,Sensitive
YUL-11261,2025-04-25,P001,Deep Sea Hair Mask,Hair,3,12,38,0.2,Olive Young,London,Sensitive
YUL-11262,2025-04-25,P002,Fermented Rice Serum,Skin,1,15,45,0.0,Flagship Store,NYC,Sensitive
YUL-11263,2024-11-23,P001,Deep Sea Hair Mask,Hair,1,12,38,0.25,Flagship Store,London,Dry
YUL-11264,2024-10-11,P005,Ceramide Barrier Cream,Skin,4,14,42,0.0,Flagship Store,Seoul,Oily
YUL-11265,2025-11-28,P004,Mugwort Essence,Skin,3,10,32,0.25,Olive Young,London,Combination
YUL-11266,2024-10-12,P004,Mugwort Essence,Skin,2,10,32,0.0,Online,NYC,Combination
YUL-11267,2024-05-15,P001,Deep Sea Hair Mask,Hair,1,12,38,0.1,Sephora,NYC,Oily
YUL-11268,2024-07-03,P001,Deep Sea Hair Mask,Hair,2,12,38,0.1,Olive Young,Seoul,Oily
YUL-11269,2024-02-03,P005,Ceramide Barrier Cream,Skin,2,14,42,0.25,Olive Young,London,Combination
YUL-11270,2024-11-12,P003,Scalp Soothing Oil,Hair,1,8,28,0.2,Online,London,Sensitive
YUL-11271,2025-10-24,P002,Fermented Rice Serum,Skin,1,15,45,0.25,Online,NYC,Combination
YUL-11272,2024-12-29,P002,Fermented Rice Serum,Skin,3,15,45,0.2,Sephora,Tokyo,Combination
YUL-11273,2025-05-18,P001,Deep Sea Hair Mask,Hair,4,12,38,0.0,Sephora,London,Combination
YUL-11274,2024-04-24,P005,Ceramide Barrier Cream,Skin,3,14,42,0.0,Flagship Store,London,Dry
YUL-11275,2024-06-02,P004,Mugwort Essence,Skin,3,10,32,0.0,Flagship Store,London,Oily
YUL-11276,2025-12-27,P004,Mugwort Essence,Skin,1,10,32,0.1,Olive Young,NYC,Dry
YUL-11277,2024-02-13,P004,Mugwort Essence,Skin,4,10,32,0.0,Online,Tokyo,Sensitive
YUL-11278,2024-05-28,P004,Mugwort Essence,Skin,2,10,32,0.1,Flagship Store,London,Oily
YUL-11279,2024-11-13,P002,Fermented Rice Serum,Skin,3,15,45,0.1,Olive Young,Tokyo,Sensitive
YUL-11280,2024-08-04,P005,Ceramide Barrier Cream,Skin,3,14,42,0.2,Flagship Store,Tokyo,Combination
YUL-11281,2025-09-16,P005,Ceramide Barrier Cream,Skin,4,14,42,0.2,Olive Young,NYC,Sensitive
YUL-11282,2024-07-15,P004,Mugwort Essence,Skin,3,10,32,0.1,Olive Young,NYC,Sensitive
YUL-11283,2025-01-04,P001,Deep Sea Hair Mask,Hair,2,12,38,0.0,Flagship Store,London,Sensitive
YUL-11284,2024-12-20,P004,Mugwort Essence,Skin,4,10,32,0.25,Sephora,Seoul,Combination
YUL-11285,2025-11-22,P002,Fermented Rice Serum,Skin,4,15,45,0.2,Olive Young,London,Oily
YUL-11286,2025-06-05,P005,Ceramide Barrier Cream,Skin,2,14,42,0.0,Flagship Store,Tokyo,Sensitive
YUL-11287,2024-10-30,P003,Scalp Soothing Oil,Hair,1,8,28,0.1,Olive Young,Tokyo,Dry
YUL-11288,2025-05-26,P005,Ceramide Barrier Cream,Skin,2,14,42,0.0,Sephora,Tokyo,Oily
YUL-11289,2025-11-04,P001,Deep Sea Hair Mask,Hair,3,12,38,0.2,Olive Young,NYC,Sensitive
YUL-11290,2024-03-20,P001,Deep Sea Hair Mask,Hair,2,12,38,0.0,Olive Young,NYC,Sensitive
YUL-11291,2024-07-18,P003,Scalp Soothing Oil,Hair,4,8,28,0.2,Flagship Store,Seoul,Dry
YUL-11292,2025-12-11,P005,Ceramide Barrier Cream,Skin,3,14,42,0.0,Sephora,London,Oily
YUL-11293,2025-01-11,P005,Ceramide Barrier Cream,Skin,1,14,42,0.0,Sephora,Seoul,Combination
YUL-11294,2024-12-24,P004,Mugwort Essence,Skin,1,10,32,0.0,Sephora,NYC,Oily
YUL-11295,2024-08-17,P001,Deep Sea Hair Mask,Hair,2,12,38,0.0,Olive Young,Tokyo,Oily
YUL-11296,2024-06-17,P002,Fermented Rice Serum,Skin,1,15,45,0.1,Olive Young,Seoul,Dry
YUL-11297,2024-11-09,P001,Deep Sea Hair Mask,Hair,1,12,38,0.25,Flagship Store,Seoul,Sensitive
YUL-11298,2025-08-18,P002,Fermented Rice Serum,Skin,4,15,45,0.0,Online,London,Oily
YUL-11299,2024-10-22,P005,Ceramide Barrier Cream,Skin,3,14,42,0.2,Sephora,Tokyo,Dry
YUL-11300,2024-05-06,P005,Ceramide Barrier Cream,Skin,4,14,42,0.1,Olive Young,NYC,Sensitive
YUL-11301,2025-03-06,P004,Mugwort Essence,Skin,1,10,32,0.1,Online,London,Oily
YUL-11302,2025-05-13,P001,Deep Sea Hair Mask,Hair,3,12,38,0.0,Flagship Store,NYC,Oily
YUL-11303,2024-08-29,P005,Ceramide Barrier Cream,Skin,1,14,42,0.1,Olive Young,Seoul,Oily
YUL-11304,2024-07-23,P004,Mugwort Essence,Skin,2,10,32,0.25,Online,London,Dry
YUL-11305,2024-06-12,P004,Mugwort Essence,Skin,4,10,32,0.0,Online,Tokyo,Dry
YUL-11306,2025-11-03,P002,Fermented Rice Serum,Skin,2,15,45,0.2,Sephora,Tokyo,Oily
YUL-11307,2025-05-17,P004,Mugwort Essence,Skin,4,10,32,0.1,Olive Young,Tokyo,Dry
YUL-11308,2024-08-13,P002,Fermented Rice Serum,Skin,2,15,45,0.0,Flagship Store,London,Sensitive
YUL-11309,2024-08-13,P005,Ceramide Barrier Cream,Skin,1,14,42,0.25,Flagship Store,NYC,Oily
YUL-11310,2024-09-12,P002,Fermented Rice Serum,Skin,2,15,45,0.25,Online,NYC,Sensitive
YUL-11311,2025-04-05,P005,Ceramide Barrier Cream,Skin,2,14,42,0.1,Olive Young,London,Dry
YUL-11312,2025-02-08,P002,Fermented Rice Serum,Skin,4,15,45,0.25,Online,London,Oily
YUL-11313,2025-01-15,P002,Fermented Rice Serum,Skin,3,15,45,0.1,Flagship Store,NYC,Dry
YUL-11314,2025-05-14,P005,Ceramide Barrier Cream,Skin,3,14,42,0.2,Olive Young,NYC,Sensitive
YUL-11315,2025-02-02,P005,Ceramide Barrier Cream,Skin,1,14,42,0.2,Sephora,London,Dry
YUL-11316,2025-10-27,P003,Scalp Soothing Oil,Hair,4,8,28,0.25,Online,Seoul,Dry
YUL-11317,2024-06-11,P005,Ceramide Barrier Cream,Skin,1,14,42,0.0,Flagship Store,Tokyo,Oily
YUL-11318,2025-03-30,P004,Mugwort Essence,Skin,1,10,32,0.25,Sephora,London,Combination
YUL-11319,2025-09-16,P003,Scalp Soothing Oil,Hair,2,8,28,0.0,Sephora,Tokyo,Sensitive
YUL-11320,2024-12-28,P001,Deep Sea Hair Mask,Hair,4,12,38,0.0,Flagship Store,Seoul,Oily
YUL-11321,2024-03-26,P003,Scalp Soothing Oil,Hair,1,8,28,0.0,Online,NYC,Dry
YUL-11322,2025-06-22,P001,Deep Sea Hair Mask,Hair,3,12,38,0.0,Olive Young,Tokyo,Oily
YUL-11323,2024-09-27,P003,Scalp Soothing Oil,Hair,1,8,28,0.2,Online,NYC,Oily
YUL-11324,2024-08-10,P002,Fermented Rice Serum,Skin,3,15,45,0.0,Sephora,NYC,Combination
YUL-11325,2024-06-02,P003,Scalp Soothing Oil,Hair,1,8,28,0.0,Flagship Store,Seoul,Oily
YUL-11326,2025-10-19,P005,Ceramide Barrier Cream,Skin,3,14,42,0.0,Flagship Store,London,Oily
YUL-11327,2024-01-15,P004,Mugwort Essence,Skin,4,10,32,0.25,Sephora,Seoul,Combination
YUL-11328,2024-02-26,P001,Deep Sea Hair Mask,Hair,3,12,38,0.1,Sephora,Seoul,Oily
YUL-11329,2025-01-10,P003,Scalp Soothing Oil,Hair,3,8,28,0.1,Sephora,NYC,Oily
YUL-11330,2025-01-24,P001,Deep Sea Hair Mask,Hair,3,12,38,0.0,Olive Young,Tokyo,Dry
YUL-11331,2024-09-17,P004,Mugwort Essence,Skin,2,10,32,0.25,Sephora,Tokyo,Oily
YUL-11332,2024-09-28,P001,Deep Sea Hair Mask,Hair,3,12,38,0.1,Flagship Store,NYC,Oily
YUL-11333,2024-11-06,P003,Scalp Soothing Oil,Hair,1,8,28,0.2,Flagship Store,NYC,Sensitive
YUL-11334,2024-12-22,P005,Ceramide Barrier Cream,Skin,4,14,42,0.0,Online,Seoul,Sensitive
YUL-11335,2025-01-25,P003,Scalp Soothing Oil,Hair,4,8,28,0.0,Olive Young,NYC,Combination
YUL-11336,2025-11-17,P002,Fermented Rice Serum,Skin,1,15,45,0.0,Flagship Store,NYC,Sensitive
YUL-11337,2025-04-22,P001,Deep Sea Hair Mask,Hair,2,12,38,0.2,Olive Young,Tokyo,Combination
YUL-11338,2024-01-16,P001,Deep Sea Hair Mask,Hair,4,12,38,0.0,Flagship Store,Seoul,Combination
YUL-11339,2025-12-26,P002,Fermented Rice Serum,Skin,1,15,45,0.2,Flagship Store,London,Sensitive
YUL-11340,2024-09-02,P002,Fermented Rice Serum,Skin,2,15,45,0.1,Flagship Store,Seoul,Combination
YUL-11341,2024-08-28,P004,Mugwort Essence,Skin,2,10,32,0.0,Online,Seoul,Sensitive
YUL-11342,2024-10-09,P005,Ceramide Barrier Cream,Skin,4,14,42,0.0,Olive Young,Seoul,Oily
YUL-11343,2025-08-04,P003,Scalp Soothing Oil,Hair,3,8,28,0.2,Sephora,Seoul,Combination
YUL-11344,2024-05-03,P005,Ceramide Barrier Cream,Skin,3,14,42,0.25,Online,London,Oily
YUL-11345,2024-07-19,P001,Deep Sea Hair Mask,Hair,4,12,38,0.0,Olive Young,NYC,Oily
YUL-11346,2024-05-05,P001,Deep Sea Hair Mask,Hair,1,12,38,0.0,Olive Young,Tokyo,Sensitive
YUL-11347,2024-01-20,P001,Deep Sea Hair Mask,Hair,4,12,38,0.0,Sephora,Seoul,Sensitive
YUL-11348,2025-12-30,P005,Ceramide Barrier Cream,Skin,1,14,42,0.2,Online,Seoul,Dry
YUL-11349,2025-06-27,P002,Fermented Rice Serum,Skin,2,15,45,0.0,Online,NYC,Oily
YUL-11350,2025-01-04,P001,Deep Sea Hair Mask,Hair,3,12,38,0.0,Sephora,NYC,Sensitive
YUL-11351,2025-01-28,P003,Scalp Soothing Oil,Hair,2,8,28,0.25,Flagship Store,Seoul,Oily
YUL-11352,2024-03-04,P002,Fermented Rice Serum,Skin,4,15,45,0.0,Flagship Store,London,Combination
YUL-11353,2025-06-01,P002,Fermented Rice Serum,Skin,1,15,45,0.0,Sephora,Seoul,Combination
YUL-11354,2025-05-31,P005,Ceramide Barrier Cream,Skin,2,14,42,0.2,Online,Seoul,Sensitive
YUL-11355,2024-01-30,P004,Mugwort Essence,Skin,4,10,32,0.0,Sephora,Tokyo,Combination
YUL-11356,2025-03-09,P004,Mugwort Essence,Skin,4,10,32,0.0,Sephora,NYC,Oily
YUL-11357,2024-11-28,P005,Ceramide Barrier Cream,Skin,2,14,42,0.0,Olive Young,Tokyo,Dry
YUL-11358,2024-02-15,P001,Deep Sea Hair Mask,Hair,3,12,38,0.25,Flagship Store,Seoul,Dry
YUL-11359,2025-03-20,P001,Deep Sea Hair Mask,Hair,2,12,38,0.0,Flagship Store,London,Dry
YUL-11360,2025-12-24,P001,Deep Sea Hair Mask,Hair,4,12,38,0.0,Sephora,Tokyo,Oily
YUL-11361,2025-05-18,P003,Scalp Soothing Oil,Hair,1,8,28,0.0,Flagship Store,NYC,Combination
YUL-11362,2025-11-24,P004,Mugwort Essence,Skin,1,10,32,0.25,Sephora,Seoul,Sensitive
YUL-11363,2024-02-13,P005,Ceramide Barrier Cream,Skin,4,14,42,0.2,Olive Young,Tokyo,Oily
YUL-11364,2025-10-12,P002,Fermented Rice Serum,Skin,3,15,45,0.0,Olive Young,London,Sensitive
YUL-11365,2025-03-01,P003,Scalp Soothing Oil,Hair,1,8,28,0.25,Sephora,London,Combination
YUL-11366,2024-05-16,P004,Mugwort Essence,Skin,4,10,32,0.0,Sephora,Tokyo,Oily
YUL-11367,2024-07-07,P001,Deep Sea Hair Mask,Hair,2,12,38,0.1,Sephora,NYC,Combination
YUL-11368,2025-11-05,P001,Deep Sea Hair Mask,Hair,3,12,38,0.0,Olive Young,Seoul,Combination
YUL-11369,2025-01-10,P002,Fermented Rice Serum,Skin,3,15,45,0.25,Online,NYC,Sensitive
YUL-11370,2024-01-30,P001,Deep Sea Hair Mask,Hair,4,12,38,0.0,Online,Tokyo,Dry
YUL-11371,2024-12-20,P005,Ceramide Barrier Cream,Skin,2,14,42,0.0,Olive Young,NYC,Dry
YUL-11372,2025-03-11,P004,Mugwort Essence,Skin,4,10,32,0.1,Online,London,Combination
YUL-11373,2024-05-12,P001,Deep Sea Hair Mask,Hair,1,12,38,0.2,Sephora,London,Oily
YUL-11374,2024-01-07,P002,Fermented Rice Serum,Skin,1,15,45,0.0,Olive Young,London,Sensitive
YUL-11375,2024-09-10,P002,Fermented Rice Serum,Skin,1,15,45,0.0,Sephora,Seoul,Combination
YUL-11376,2025-01-13,P001,Deep Sea Hair Mask,Hair,4,12,38,0.0,Olive Young,Seoul,Dry
YUL-11377,2024-07-15,P004,Mugwort Essence,Skin,2,10,32,0.0,Flagship Store,NYC,Dry
YUL-11378,2024-09-04,P005,Ceramide Barrier Cream,Skin,2,14,42,0.0,Flagship Store,Seoul,Dry
YUL-11379,2025-06-17,P004,Mugwort Essence,Skin,4,10,32,0.0,Online,Seoul,Dry
YUL-11380,2024-01-20,P003,Scalp Soothing Oil,Hair,2,8,28,0.0,Online,Seoul,Dry
YUL-11381,2025-07-25,P005,Ceramide Barrier Cream,Skin,1,14,42,0.25,Flagship Store,NYC,Dry
YUL-11382,2024-07-02,P001,Deep Sea Hair Mask,Hair,2,12,38,0.0,Online,Seoul,Combination
YUL-11383,2024-07-06,P003,Scalp Soothing Oil,Hair,3,8,28,0.1,Sephora,Seoul,Oily
YUL-11384,2024-04-25,P003,Scalp Soothing Oil,Hair,1,8,28,0.0,Olive Young,Tokyo,Oily
YUL-11385,2025-06-05,P002,Fermented Rice Serum,Skin,4,15,45,0.2,Flagship Store,Seoul,Dry
YUL-11386,2024-11-27,P001,Deep Sea Hair Mask,Hair,1,12,38,0.25,Online,London,Dry
YUL-11387,2024-07-09,P001,Deep Sea Hair Mask,Hair,2,12,38,0.25,Olive Young,Tokyo,Dry
YUL-11388,2024-03-02,P005,Ceramide Barrier Cream,Skin,4,14,42,0.0,Olive Young,Tokyo,Dry
YUL-11389,2025-09-02,P003,Scalp Soothing Oil,Hair,1,8,28,0.0,Olive Young,London,Combination
YUL-11390,2024-10-19,P005,Ceramide Barrier Cream,Skin,4,14,42,0.0,Online,Tokyo,Combination
YUL-11391,2024-11-16,P002,Fermented Rice Serum,Skin,1,15,45,0.1,Olive Young,Seoul,Sensitive
YUL-11392,2025-02-17,P004,Mugwort Essence,Skin,2,10,32,0.0,Olive Young,London,Combination
YUL-11393,2025-04-27,P002,Fermented Rice Serum,Skin,1,15,45,0.25,Olive Young,Seoul,Oily
YUL-11394,2024-10-19,P005,Ceramide Barrier Cream,Skin,4,14,42,0.0,Sephora,Seoul,Dry
YUL-11395,2024-04-28,P003,Scalp Soothing Oil,Hair,4,8,28,0.2,Olive Young,Tokyo,Dry
YUL-11396,2024-09-10,P001,Deep Sea Hair Mask,Hair,2,12,38,0.1,Sephora,London,Dry
YUL-11397,2025-12-31,P004,Mugwort Essence,Skin,1,10,32,0.0,Online,NYC,Combination
YUL-11398,2025-10-09,P001,Deep Sea Hair Mask,Hair,4,12,38,0.2,Sephora,London,Oily
YUL-11399,2025-07-17,P005,Ceramide Barrier Cream,Skin,3,14,42,0.1,Flagship Store,Tokyo,Oily
YUL-11400,2024-07-18,P004,Mugwort Essence,Skin,3,10,32,0.1,Online,Tokyo,Oily
YUL-11401,2025-09-17,P002,Fermented Rice Serum,Skin,4,15,45,0.0,Sephora,NYC,Combination
YUL-11402,2025-04-16,P002,Fermented Rice Serum,Skin,2,15,45,0.0,Olive Young,London,Dry
YUL-11403,2024-04-06,P005,Ceramide Barrier Cream,Skin,1,14,42,0.0,Sephora,Tokyo,Oily
YUL-11404,2025-12-08,P005,Ceramide Barrier Cream,Skin,4,14,42,0.1,Online,London,Dry
YUL-11405,2024-08-21,P002,Fermented Rice Serum,Skin,4,15,45,0.0,Olive Young,London,Oily
YUL-11406,2025-04-20,P001,Deep Sea Hair Mask,Hair,4,12,38,0.1,Online,NYC,Sensitive
YUL-11407,2025-03-19,P002,Fermented Rice Serum,Skin,2,15,45,0.1,Sephora,NYC,Oily
YUL-11408,2024-03-06,P001,Deep Sea Hair Mask,Hair,3,12,38,0.1,Sephora,London,Dry
YUL-11409,2025-01-22,P001,Deep Sea Hair Mask,Hair,3,12,38,0.2,Olive Young,NYC,Oily
YUL-11410,2025-01-10,P002,Fermented Rice Serum,Skin,1,15,45,0.2,Sephora,Tokyo,Dry
YUL-11411,2025-07-05,P003,Scalp Soothing Oil,Hair,4,8,28,0.25,Flagship Store,NYC,Combination
YUL-11412,2025-03-14,P004,Mugwort Essence,Skin,4,10,32,0.0,Olive Young,Seoul,Sensitive
YUL-11413,2024-03-06,P001,Deep Sea Hair Mask,Hair,2,12,38,0.0,Sephora,NYC,Combination
YUL-11414,2024-11-27,P001,Deep Sea Hair Mask,Hair,3,12,38,0.0,Online,Tokyo,Oily
YUL-11415,2025-11-02,P003,Scalp Soothing Oil,Hair,2,8,28,0.0,Olive Young,Tokyo,Sensitive
YUL-11416,2024-01-10,P005,Ceramide Barrier Cream,Skin,2,14,42,0.0,Flagship Store,London,Dry
YUL-11417,2024-08-12,P005,Ceramide Barrier Cream,Skin,3,14,42,0.1,Olive Young,NYC,Dry
YUL-11418,2025-08-19,P002,Fermented Rice Serum,Skin,2,15,45,0.0,Online,London,Dry
YUL-11419,2025-09-20,P005,Ceramide Barrier Cream,Skin,2,14,42,0.1,Flagship Store,London,Sensitive
YUL-11420,2025-05-23,P001,Deep Sea Hair Mask,Hair,4,12,38,0.25,Olive Young,NYC,Dry
YUL-11421,2025-01-16,P004,Mugwort Essence,Skin,3,10,32,0.0,Flagship Store,Tokyo,Combination
YUL-11422,2025-05-16,P002,Fermented Rice Serum,Skin,1,15,45,0.0,Olive Young,London,Oily
YUL-11423,2025-07-12,P005,Ceramide Barrier Cream,Skin,2,14,42,0.2,Flagship Store,Tokyo,Sensitive
YUL-11424,2025-01-01,P004,Mugwort Essence,Skin,4,10,32,0.0,Olive Young,Tokyo,Oily
YUL-11425,2025-12-28,P005,Ceramide Barrier Cream,Skin,3,14,42,0.2,Sephora,NYC,Sensitive
YUL-11426,2024-11-15,P002,Fermented Rice Serum,Skin,1,15,45,0.2,Flagship Store,NYC,Oily
YUL-11427,2024-05-21,P002,Fermented Rice Serum,Skin,4,15,45,0.0,Sephora,Seoul,Combination
YUL-11428,2024-12-29,P002,Fermented Rice Serum,Skin,3,15,45,0.0,Flagship Store,Seoul,Dry
YUL-11429,2025-09-28,P005,Ceramide Barrier Cream,Skin,2,14,42,0.2,Olive Young,London,Sensitive
YUL-11430,2024-04-06,P004,Mugwort Essence,Skin,1,10,32,0.0,Flagship Store,London,Sensitive
YUL-11431,2024-10-05,P001,Deep Sea Hair Mask,Hair,3,12,38,0.0,Flagship Store,NYC,Dry
YUL-11432,2024-02-26,P001,Deep Sea Hair Mask,Hair,1,12,38,0.0,Flagship Store,London,Combination
YUL-11433,2025-09-15,P001,Deep Sea Hair Mask,Hair,3,12,38,0.0,Online,NYC,Combination
YUL-11434,2024-04-06,P002,Fermented Rice Serum,Skin,4,15,45,0.1,Online,London,Dry
YUL-11435,2024-02-28,P001,Deep Sea Hair Mask,Hair,3,12,38,0.2,Flagship Store,NYC,Sensitive
YUL-11436,2024-07-25,P005,Ceramide Barrier Cream,Skin,2,14,42,0.25,Flagship Store,Seoul,Combination
YUL-11437,2024-07-17,P002,Fermented Rice Serum,Skin,3,15,45,0.0,Online,Tokyo,Combination
YUL-11438,2025-12-23,P004,Mugwort Essence,Skin,4,10,32,0.0,Olive Young,Tokyo,Dry
YUL-11439,2024-12-11,P002,Fermented Rice Serum,Skin,4,15,45,0.25,Sephora,Tokyo,Combination
YUL-11440,2025-01-15,P001,Deep Sea Hair Mask,Hair,2,12,38,0.0,Olive Young,NYC,Dry
YUL-11441,2025-10-11,P003,Scalp Soothing Oil,Hair,2,8,28,0.0,Olive Young,London,Sensitive
YUL-11442,2024-10-13,P005,Ceramide Barrier Cream,Skin,1,14,42,0.1,Flagship Store,Tokyo,Combination
YUL-11443,2024-06-27,P001,Deep Sea Hair Mask,Hair,4,12,38,0.0,Online,Seoul,Sensitive
YUL-11444,2025-03-30,P005,Ceramide Barrier Cream,Skin,4,14,42,0.1,Olive Young,Tokyo,Dry
YUL-11445,2024-01-01,P003,Scalp Soothing Oil,Hair,4,8,28,0.0,Flagship Store,Tokyo,Combination
YUL-11446,2025-07-08,P004,Mugwort Essence,Skin,4,10,32,0.2,Flagship Store,NYC,Oily
YUL-11447,2024-11-28,P005,Ceramide Barrier Cream,Skin,3,14,42,0.2,Online,London,Dry
YUL-11448,2025-07-10,P005,Ceramide Barrier Cream,Skin,3,14,42,0.0,Sephora,NYC,Dry
YUL-11449,2025-06-18,P002,Fermented Rice Serum,Skin,3,15,45,0.0,Olive Young,Seoul,Combination
YUL-11450,2025-12-17,P003,Scalp Soothing Oil,Hair,2,8,28,0.0,Online,Tokyo,Sensitive
YUL-11451,2024-11-19,P001,Deep Sea Hair Mask,Hair,2,12,38,0.25,Sephora,London,Sensitive
YUL-11452,2025-06-09,P005,Ceramide Barrier Cream,Skin,1,14,42,0.0,Flagship Store,Seoul,Sensitive
YUL-11453,2024-09-17,P004,Mugwort Essence,Skin,3,10,32,0.2,Olive Young,Tokyo,Dry
YUL-11454,2024-08-20,P005,Ceramide Barrier Cream,Skin,4,14,42,0.0,Sephora,Seoul,Combination
YUL-11455,2024-01-21,P001,Deep Sea Hair Mask,Hair,3,12,38,0.1,Online,NYC,Oily
YUL-11456,2025-01-29,P005,Ceramide Barrier Cream,Skin,3,14,42,0.0,Sephora,NYC,Dry
YUL-11457,2024-06-10,P002,Fermented Rice Serum,Skin,1,15,45,0.2,Online,Seoul,Oily
YUL-11458,2025-05-21,P002,Fermented Rice Serum,Skin,4,15,45,0.0,Flagship Store,London,Dry
YUL-11459,2024-09-30,P002,Fermented Rice Serum,Skin,2,15,45,0.1,Flagship Store,NYC,Dry
YUL-11460,2024-06-05,P002,Fermented Rice Serum,Skin,1,15,45,0.2,Flagship Store,Seoul,Dry
YUL-11461,2024-11-01,P002,Fermented Rice Serum,Skin,2,15,45,0.25,Olive Young,NYC,Oily
YUL-11462,2024-09-04,P001,Deep Sea Hair Mask,Hair,2,12,38,0.0,Online,Tokyo,Combination
YUL-11463,2025-06-23,P005,Ceramide Barrier Cream,Skin,1,14,42,0.0,Olive Young,Seoul,Oily
YUL-11464,2025-03-04,P004,Mugwort Essence,Skin,3,10,32,0.0,Online,London,Dry
YUL-11465,2025-04-21,P001,Deep Sea Hair Mask,Hair,1,12,38,0.0,Olive Young,London,Sensitive
YUL-11466,2025-03-30,P003,Scalp Soothing Oil,Hair,3,8,28,0.0,Flagship Store,London,Combination
YUL-11467,2025-02-25,P001,Deep Sea Hair Mask,Hair,1,12,38,0.2,Online,London,Sensitive
YUL-11468,2024-12-19,P001,Deep Sea Hair Mask,Hair,4,12,38,0.0,Sephora,London,Oily
YUL-11469,2024-04-08,P005,Ceramide Barrier Cream,Skin,2,14,42,0.2,Olive Young,London,Oily
YUL-11470,2024-08-15,P003,Scalp Soothing Oil,Hair,4,8,28,0.2,Online,Tokyo,Oily
YUL-11471,2025-03-07,P002,Fermented Rice Serum,Skin,3,15,45,0.0,Online,NYC,Sensitive
YUL-11472,2024-04-27,P005,Ceramide Barrier Cream,Skin,1,14,42,0.0,Online,London,Oily
YUL-11473,2024-04-14,P001,Deep Sea Hair Mask,Hair,1,12,38,0.25,Flagship Store,Seoul,Dry
YUL-11474,2024-02-26,P003,Scalp Soothing Oil,Hair,3,8,28,0.0,Sephora,NYC,Sensitive
YUL-11475,2025-10-15,P002,Fermented Rice Serum,Skin,2,15,45,0.2,Sephora,NYC,Sensitive
YUL-11476,2024-11-06,P001,Deep Sea Hair Mask,Hair,4,12,38,0.1,Sephora,London,Combination
YUL-11477,2024-10-16,P001,Deep Sea Hair Mask,Hair,1,12,38,0.0,Online,NYC,Combination
YUL-11478,2024-12-04,P004,Mugwort Essence,Skin,2,10,32,0.25,Flagship Store,London,Dry
YUL-11479,2024-10-22,P001,Deep Sea Hair Mask,Hair,3,12,38,0.0,Online,Tokyo,Combination
YUL-11480,2024-10-08,P001,Deep Sea Hair Mask,Hair,4,12,38,0.0,Flagship Store,Tokyo,Dry
YUL-11481,2024-04-30,P003,Scalp Soothing Oil,Hair,4,8,28,0.0,Online,London,Oily
YUL-11482,2024-03-04,P002,Fermented Rice Serum,Skin,1,15,45,0.0,Online,NYC,Combination
YUL-11483,2024-12-12,P003,Scalp Soothing Oil,Hair,4,8,28,0.1,Sephora,Tokyo,Dry
YUL-11484,2025-11-10,P005,Ceramide Barrier Cream,Skin,2,14,42,0.2,Online,London,Oily
YUL-11485,2025-10-07,P004,Mugwort Essence,Skin,3,10,32,0.25,Online,Tokyo,Dry
YUL-11486,2025-10-22,P005,Ceramide Barrier Cream,Skin,2,14,42,0.0,Olive Young,Tokyo,Oily
YUL-11487,2025-11-19,P005,Ceramide Barrier Cream,Skin,1,14,42,0.0,Online,Tokyo,Sensitive
YUL-11488,2025-05-04,P002,Fermented Rice Serum,Skin,4,15,45,0.0,Sephora,Tokyo,Combination
YUL-11489,2025-05-21,P004,Mugwort Essence,Skin,1,10,32,0.0,Sephora,London,Combination
YUL-11490,2024-08-31,P004,Mugwort Essence,Skin,3,10,32,0.0,Sephora,London,Combination
YUL-11491,2025-12-04,P004,Mugwort Essence,Skin,4,10,32,0.0,Sephora,London,Combination
YUL-11492,2024-05-14,P003,Scalp Soothing Oil,Hair,1,8,28,0.25,Sephora,NYC,Combination
YUL-11493,2024-11-15,P001,Deep Sea Hair Mask,Hair,2,12,38,0.0,Online,NYC,Sensitive
YUL-11494,2024-09-06,P005,Ceramide Barrier Cream,Skin,2,14,42,0.0,Olive Young,London,Sensitive
YUL-11495,2024-03-30,P005,Ceramide Barrier Cream,Skin,1,14,42,0.2,Olive Young,NYC,Dry
YUL-11496,2025-04-06,P004,Mugwort Essence,Skin,1,10,32,0.0,Sephora,Tokyo,Combination
YUL-11497,2025-09-04,P004,Mugwort Essence,Skin,4,10,32,0.0,Sephora,NYC,Combination
YUL-11498,2025-12-30,P001,Deep Sea Hair Mask,Hair,1,12,38,0.0,Flagship Store,Seoul,Sensitive
YUL-11499,2024-09-13,P001,Deep Sea Hair Mask,Hair,2,12,38,0.0,Flagship Store,London,Sensitive
YUL-11500,2025-02-19,P005,Ceramide Barrier Cream,Skin,4,14,42,0.2,Flagship Store,London,Combination
YUL-11501,2024-02-06,P003,Scalp Soothing Oil,Hair,4,8,28,0.1,Olive Young,NYC,Sensitive
YUL-11502,2024-07-28,P002,Fermented Rice Serum,Skin,1,15,45,0.25,Sephora,London,Sensitive
YUL-11503,2025-02-17,P001,Deep Sea Hair Mask,Hair,4,12,38,0.0,Online,Seoul,Sensitive
YUL-11504,2024-04-29,P003,Scalp Soothing Oil,Hair,3,8,28,0.0,Flagship Store,Seoul,Combination
YUL-11505,2025-07-01,P003,Scalp Soothing Oil,Hair,1,8,28,0.0,Olive Young,Tokyo,Combination
YUL-11506,2025-06-04,P005,Ceramide Barrier Cream,Skin,2,14,42,0.25,Online,Seoul,Combination
YUL-11507,2024-06-09,P003,Scalp Soothing Oil,Hair,1,8,28,0.0,Flagship Store,Seoul,Combination
YUL-11508,2024-01-23,P004,Mugwort Essence,Skin,1,10,32,0.1,Flagship Store,Seoul,Oily
YUL-11509,2024-01-15,P005,Ceramide Barrier Cream,Skin,4,14,42,0.0,Online,NYC,Dry
YUL-11510,2024-10-08,P001,Deep Sea Hair Mask,Hair,1,12,38,0.0,Olive Young,Tokyo,Oily
YUL-11511,2024-05-11,P001,Deep Sea Hair Mask,Hair,2,12,38,0.0,Online,Tokyo,Dry
YUL-11512,2025-11-02,P002,Fermented Rice Serum,Skin,1,15,45,0.2,Sephora,Seoul,Oily
YUL-11513,2024-10-24,P003,Scalp Soothing Oil,Hair,3,8,28,0.0,Flagship Store,London,Dry
YUL-11514,2024-06-14,P005,Ceramide Barrier Cream,Skin,2,14,42,0.0,Online,NYC,Dry
YUL-11515,2024-01-16,P001,Deep Sea Hair Mask,Hair,2,12,38,0.1,Olive Young,Seoul,Sensitive
YUL-11516,2025-11-20,P005,Ceramide Barrier Cream,Skin,3,14,42,0.0,Online,London,Dry
YUL-11517,2024-07-29,P003,Scalp Soothing Oil,Hair,2,8,28,0.2,Olive Young,Tokyo,Oily
YUL-11518,2025-05-29,P004,Mugwort Essence,Skin,4,10,32,0.2,Sephora,Seoul,Oily
YUL-11519,2024-04-11,P001,Deep Sea Hair Mask,Hair,1,12,38,0.0,Online,Tokyo,Combination
YUL-11520,2024-01-26,P005,Ceramide Barrier Cream,Skin,4,14,42,0.0,Flagship Store,London,Combination
YUL-11521,2025-07-06,P004,Mugwort Essence,Skin,1,10,32,0.0,Sephora,Tokyo,Combination
YUL-11522,2024-04-11,P004,Mugwort Essence,Skin,4,10,32,0.0,Sephora,London,Oily
YUL-11523,2024-03-30,P002,Fermented Rice Serum,Skin,3,15,45,0.0,Flagship Store,NYC,Sensitive
YUL-11524,2025-12-11,P004,Mugwort Essence,Skin,2,10,32,0.1,Olive Young,London,Oily
YUL-11525,2024-09-28,P003,Scalp Soothing Oil,Hair,3,8,28,0.1,Sephora,Tokyo,Oily
YUL-11526,2025-03-13,P003,Scalp Soothing Oil,Hair,3,8,28,0.0,Olive Young,Seoul,Combination
YUL-11527,2025-06-09,P004,Mugwort Essence,Skin,2,10,32,0.25,Olive Young,NYC,Dry
YUL-11528,2025-04-07,P004,Mugwort Essence,Skin,2,10,32,0.0,Sephora,Seoul,Combination
YUL-11529,2025-04-30,P003,Scalp Soothing Oil,Hair,4,8,28,0.0,Online,London,Combination
YUL-11530,2025-02-15,P003,Scalp Soothing Oil,Hair,3,8,28,0.0,Olive Young,London,Oily
YUL-11531,2025-08-30,P001,Deep Sea Hair Mask,Hair,2,12,38,0.0,Online,Tokyo,Oily
YUL-11532,2025-05-11,P003,Scalp Soothing Oil,Hair,1,8,28,0.0,Sephora,London,Combination
YUL-11533,2024-12-16,P001,Deep Sea Hair Mask,Hair,2,12,38,0.0,Online,NYC,Combination
YUL-11534,2024-12-29,P001,Deep Sea Hair Mask,Hair,4,12,38,0.0,Online,London,Combination
YUL-11535,2025-06-01,P002,Fermented Rice Serum,Skin,3,15,45,0.2,Olive Young,Seoul,Combination
YUL-11536,2025-04-17,P004,Mugwort Essence,Skin,4,10,32,0.25,Olive Young,Tokyo,Oily
YUL-11537,2024-04-04,P003,Scalp Soothing Oil,Hair,2,8,28,0.0,Olive Young,Seoul,Oily
YUL-11538,2024-09-03,P002,Fermented Rice Serum,Skin,2,15,45,0.0,Flagship Store,London,Sensitive
YUL-11539,2024-07-17,P003,Scalp Soothing Oil,Hair,4,8,28,0.2,Olive Young,NYC,Oily
YUL-11540,2025-05-04,P003,Scalp Soothing Oil,Hair,3,8,28,0.2,Flagship Store,Tokyo,Combination
YUL-11541,2025-01-30,P004,Mugwort Essence,Skin,3,10,32,0.0,Olive Young,Seoul,Oily
YUL-11542,2025-10-05,P004,Mugwort Essence,Skin,2,10,32,0.0,Sephora,Tokyo,Combination
YUL-11543,2024-04-01,P003,Scalp Soothing Oil,Hair,1,8,28,0.0,Online,NYC,Sensitive
YUL-11544,2024-09-30,P002,Fermented Rice Serum,Skin,2,15,45,0.0,Olive Young,Seoul,Dry
YUL-11545,2025-02-25,P005,Ceramide Barrier Cream,Skin,2,14,42,0.0,Online,NYC,Combination
YUL-11546,2024-04-24,P005,Ceramide Barrier Cream,Skin,2,14,42,0.25,Olive Young,NYC,Sensitive
YUL-11547,2024-07-18,P004,Mugwort Essence,Skin,1,10,32,0.0,Sephora,Tokyo,Dry
YUL-11548,2025-03-06,P002,Fermented Rice Serum,Skin,1,15,45,0.0,Flagship Store,Seoul,Combination
YUL-11549,2024-02-23,P003,Scalp Soothing Oil,Hair,3,8,28,0.0,Online,London,Oily
YUL-11550,2024-01-03,P003,Scalp Soothing Oil,Hair,2,8,28,0.1,Sephora,NYC,Oily
YUL-11551,2025-04-07,P002,Fermented Rice Serum,Skin,2,15,45,0.1,Sephora,Seoul,Dry
YUL-11552,2024-09-15,P005,Ceramide Barrier Cream,Skin,1,14,42,0.0,Flagship Store,Seoul,Combination
YUL-11553,2024-05-26,P003,Scalp Soothing Oil,Hair,1,8,28,0.0,Sephora,Tokyo,Combination
YUL-11554,2024-09-17,P005,Ceramide Barrier Cream,Skin,4,14,42,0.25,Online,London,Oily
YUL-11555,2024-12-20,P001,Deep Sea Hair Mask,Hair,2,12,38,0.25,Olive Young,London,Oily
YUL-11556,2024-08-29,P001,Deep Sea Hair Mask,Hair,4,12,38,0.0,Online,London,Dry
YUL-11557,2024-05-01,P004,Mugwort Essence,Skin,4,10,32,0.1,Olive Young,London,Dry
YUL-11558,2024-12-02,P005,Ceramide Barrier Cream,Skin,3,14,42,0.2,Online,NYC,Sensitive
YUL-11559,2025-06-04,P005,Ceramide Barrier Cream,Skin,1,14,42,0.0,Online,Tokyo,Sensitive
YUL-11560,2025-06-17,P004,Mugwort Essence,Skin,4,10,32,0.0,Olive Young,NYC,Oily
YUL-11561,2025-01-07,P005,Ceramide Barrier Cream,Skin,4,14,42,0.0,Online,NYC,Dry
YUL-11562,2024-01-12,P003,Scalp Soothing Oil,Hair,2,8,28,0.25,Olive Young,Seoul,Dry
YUL-11563,2025-12-24,P002,Fermented Rice Serum,Skin,3,15,45,0.2,Online,NYC,Oily
YUL-11564,2025-02-15,P005,Ceramide Barrier Cream,Skin,3,14,42,0.0,Olive Young,Seoul,Dry
YUL-11565,2024-09-18,P005,Ceramide Barrier Cream,Skin,4,14,42,0.0,Sephora,London,Sensitive
YUL-11566,2024-03-22,P002,Fermented Rice Serum,Skin,4,15,45,0.2,Olive Young,Tokyo,Combination
YUL-11567,2025-09-17,P002,Fermented Rice Serum,Skin,1,15,45,0.0,Sephora,NYC,Oily
YUL-11568,2025-06-21,P002,Fermented Rice Serum,Skin,1,15,45,0.2,Online,NYC,Oily
YUL-11569,2024-09-29,P004,Mugwort Essence,Skin,1,10,32,0.2,Olive Young,Seoul,Oily
YUL-11570,2025-01-26,P001,Deep Sea Hair Mask,Hair,4,12,38,0.25,Online,Seoul,Dry
YUL-11571,2025-02-24,P001,Deep Sea Hair Mask,Hair,2,12,38,0.0,Flagship Store,London,Sensitive
YUL-11572,2025-04-30,P004,Mugwort Essence,Skin,4,10,32,0.0,Olive Young,Seoul,Combination
YUL-11573,2024-09-05,P003,Scalp Soothing Oil,Hair,1,8,28,0.0,Olive Young,Tokyo,Dry
YUL-11574,2025-01-19,P002,Fermented Rice Serum,Skin,4,15,45,0.0,Sephora,London,Dry
YUL-11575,2025-08-30,P001,Deep Sea Hair Mask,Hair,3,12,38,0.0,Olive Young,Seoul,Combination
YUL-11576,2024-01-01,P003,Scalp Soothing Oil,Hair,2,8,28,0.2,Online,NYC,Dry
YUL-11577,2025-06-06,P002,Fermented Rice Serum,Skin,4,15,45,0.25,Sephora,Seoul,Dry
YUL-11578,2025-04-03,P001,Deep Sea Hair Mask,Hair,2,12,38,0.25,Olive Young,Seoul,Combination
YUL-11579,2024-01-31,P001,Deep Sea Hair Mask,Hair,2,12,38,0.2,Olive Young,London,Dry
YUL-11580,2025-04-23,P004,Mugwort Essence,Skin,2,10,32,0.0,Online,Tokyo,Dry
YUL-11581,2024-11-15,P001,Deep Sea Hair Mask,Hair,3,12,38,0.0,Online,London,Sensitive
YUL-11582,2024-10-20,P003,Scalp Soothing Oil,Hair,3,8,28,0.1,Olive Young,Tokyo,Sensitive
YUL-11583,2025-01-21,P003,Scalp Soothing Oil,Hair,3,8,28,0.0,Olive Young,London,Dry
YUL-11584,2024-08-17,P004,Mugwort Essence,Skin,3,10,32,0.0,Sephora,Tokyo,Combination
YUL-11585,2025-01-20,P004,Mugwort Essence,Skin,4,10,32,0.1,Online,NYC,Combination
YUL-11586,2024-09-16,P004,Mugwort Essence,Skin,4,10,32,0.25,Olive Young,London,Oily
YUL-11587,2024-07-11,P003,Scalp Soothing Oil,Hair,4,8,28,0.0,Sephora,Seoul,Sensitive
YUL-11588,2025-02-12,P005,Ceramide Barrier Cream,Skin,4,14,42,0.1,Olive Young,NYC,Combination
YUL-11589,2024-08-28,P003,Scalp Soothing Oil,Hair,1,8,28,0.1,Online,London,Sensitive
YUL-11590,2024-09-18,P005,Ceramide Barrier Cream,Skin,2,14,42,0.0,Online,NYC,Oily
YUL-11591,2024-01-24,P001,Deep Sea Hair Mask,Hair,3,12,38,0.0,Flagship Store,Tokyo,Dry
YUL-11592,2025-10-15,P001,Deep Sea Hair Mask,Hair,2,12,38,0.2,Flagship Store,London,Sensitive
YUL-11593,2024-03-17,P003,Scalp Soothing Oil,Hair,1,8,28,0.1,Sephora,Tokyo,Dry
YUL-11594,2025-04-06,P002,Fermented Rice Serum,Skin,3,15,45,0.25,Flagship Store,Tokyo,Sensitive
YUL-11595,2025-10-20,P001,Deep Sea Hair Mask,Hair,4,12,38,0.0,Sephora,Seoul,Oily
YUL-11596,2024-06-23,P003,Scalp Soothing Oil,Hair,4,8,28,0.0,Olive Young,Tokyo,Oily
YUL-11597,2025-04-13,P001,Deep Sea Hair Mask,Hair,4,12,38,0.2,Olive Young,NYC,Sensitive
YUL-11598,2024-12-28,P001,Deep Sea Hair Mask,Hair,4,12,38,0.2,Sephora,Tokyo,Sensitive
YUL-11599,2024-08-18,P004,Mugwort Essence,Skin,1,10,32,0.0,Sephora,Tokyo,Combination
YUL-11600,2024-02-15,P003,Scalp Soothing Oil,Hair,4,8,28,0.2,Olive Young,NYC,Dry
YUL-11601,2024-05-14,P001,Deep Sea Hair Mask,Hair,2,12,38,0.0,Online,Seoul,Dry
YUL-11602,2025-12-08,P001,Deep Sea Hair Mask,Hair,3,12,38,0.1,Olive Young,London,Dry
YUL-11603,2024-12-20,P001,Deep Sea Hair Mask,Hair,1,12,38,0.2,Flagship Store,London,Oily
YUL-11604,2025-06-15,P001,Deep Sea Hair Mask,Hair,2,12,38,0.25,Sephora,Seoul,Sensitive
YUL-11605,2025-07-25,P001,Deep Sea Hair Mask,Hair,3,12,38,0.1,Online,NYC,Dry
YUL-11606,2025-09-19,P005,Ceramide Barrier Cream,Skin,1,14,42,0.0,Olive Young,Tokyo,Oily
YUL-11607,2025-12-30,P004,Mugwort Essence,Skin,3,10,32,0.0,Online,London,Sensitive
YUL-11608,2024-09-25,P005,Ceramide Barrier Cream,Skin,1,14,42,0.0,Online,Seoul,Sensitive
YUL-11609,2025-06-26,P005,Ceramide Barrier Cream,Skin,3,14,42,0.25,Online,Tokyo,Combination
YUL-11610,2025-01-18,P005,Ceramide Barrier Cream,Skin,1,14,42,0.0,Online,Tokyo,Dry
YUL-11611,2025-08-26,P003,Scalp Soothing Oil,Hair,1,8,28,0.2,Olive Young,Seoul,Combination
YUL-11612,2024-05-28,P001,Deep Sea Hair Mask,Hair,1,12,38,0.1,Online,Seoul,Sensitive
YUL-11613,2024-02-23,P002,Fermented Rice Serum,Skin,4,15,45,0.0,Sephora,Seoul,Oily
YUL-11614,2024-04-17,P002,Fermented Rice Serum,Skin,4,15,45,0.1,Olive Young,Seoul,Sensitive
YUL-11615,2025-05-25,P004,Mugwort Essence,Skin,4,10,32,0.25,Online,Tokyo,Oily
YUL-11616,2024-06-10,P004,Mugwort Essence,Skin,2,10,32,0.25,Sephora,Seoul,Dry
YUL-11617,2024-08-11,P001,Deep Sea Hair Mask,Hair,2,12,38,0.0,Flagship Store,Tokyo,Oily
YUL-11618,2024-03-09,P005,Ceramide Barrier Cream,Skin,4,14,42,0.0,Online,Tokyo,Oily
YUL-11619,2025-08-22,P004,Mugwort Essence,Skin,3,10,32,0.0,Online,Tokyo,Sensitive
YUL-11620,2024-02-08,P002,Fermented Rice Serum,Skin,3,15,45,0.2,Online,London,Combination
YUL-11621,2025-04-10,P004,Mugwort Essence,Skin,2,10,32,0.25,Online,London,Dry
YUL-11622,2025-12-30,P003,Scalp Soothing Oil,Hair,1,8,28,0.0,Olive Young,London,Sensitive
YUL-11623,2025-11-19,P003,Scalp Soothing Oil,Hair,4,8,28,0.1,Sephora,NYC,Combination
YUL-11624,2025-11-26,P003,Scalp Soothing Oil,Hair,2,8,28,0.0,Sephora,NYC,Dry
YUL-11625,2025-08-08,P005,Ceramide Barrier Cream,Skin,4,14,42,0.0,Online,London,Combination
YUL-11626,2025-06-10,P001,Deep Sea Hair Mask,Hair,1,12,38,0.2,Online,NYC,Sensitive
YUL-11627,2025-08-12,P004,Mugwort Essence,Skin,4,10,32,0.25,Online,Seoul,Combination
YUL-11628,2024-07-02,P003,Scalp Soothing Oil,Hair,2,8,28,0.0,Sephora,NYC,Combination
YUL-11629,2024-10-04,P002,Fermented Rice Serum,Skin,1,15,45,0.25,Flagship Store,London,Sensitive
YUL-11630,2024-06-16,P002,Fermented Rice Serum,Skin,3,15,45,0.0,Sephora,London,Dry
YUL-11631,2024-08-14,P003,Scalp Soothing Oil,Hair,4,8,28,0.0,Sephora,Tokyo,Combination
YUL-11632,2024-02-14,P004,Mugwort Essence,Skin,1,10,32,0.0,Online,Seoul,Combination
YUL-11633,2025-05-11,P002,Fermented Rice Serum,Skin,1,15,45,0.0,Sephora,NYC,Dry
YUL-11634,2024-05-23,P004,Mugwort Essence,Skin,2,10,32,0.1,Olive Young,London,Combination
YUL-11635,2024-01-18,P001,Deep Sea Hair Mask,Hair,1,12,38,0.0,Sephora,London,Oily
YUL-11636,2024-11-22,P003,Scalp Soothing Oil,Hair,4,8,28,0.0,Sephora,Tokyo,Oily
YUL-11637,2024-11-26,P002,Fermented Rice Serum,Skin,2,15,45,0.0,Online,NYC,Dry
YUL-11638,2025-02-07,P003,Scalp Soothing Oil,Hair,4,8,28,0.1,Online,NYC,Sensitive
YUL-11639,2024-12-05,P003,Scalp Soothing Oil,Hair,4,8,28,0.25,Flagship Store,NYC,Dry
YUL-11640,2025-12-05,P003,Scalp Soothing Oil,Hair,3,8,28,0.0,Online,London,Sensitive
YUL-11641,2024-05-07,P003,Scalp Soothing Oil,Hair,2,8,28,0.2,Flagship Store,Tokyo,Combination
YUL-11642,2024-03-19,P004,Mugwort Essence,Skin,4,10,32,0.2,Online,NYC,Dry
YUL-11643,2025-12-21,P005,Ceramide Barrier Cream,Skin,1,14,42,0.0,Flagship Store,Tokyo,Dry
YUL-11644,2025-02-09,P002,Fermented Rice Serum,Skin,3,15,45,0.1,Online,NYC,Dry
YUL-11645,2025-12-26,P005,Ceramide Barrier Cream,Skin,4,14,42,0.0,Sephora,NYC,Dry
YUL-11646,2025-11-30,P004,Mugwort Essence,Skin,2,10,32,0.1,Olive Young,London,Combination
YUL-11647,2025-04-20,P003,Scalp Soothing Oil,Hair,1,8,28,0.0,Sephora,Tokyo,Oily
YUL-11648,2024-09-26,P001,Deep Sea Hair Mask,Hair,1,12,38,0.0,Sephora,Seoul,Combination
YUL-11649,2024-06-23,P002,Fermented Rice Serum,Skin,1,15,45,0.25,Sephora,Seoul,Sensitive
YUL-11650,2025-11-03,P005,Ceramide Barrier Cream,Skin,4,14,42,0.25,Flagship Store,NYC,Sensitive
YUL-11651,2025-02-09,P002,Fermented Rice Serum,Skin,3,15,45,0.25,Sephora,NYC,Dry
YUL-11652,2025-01-02,P001,Deep Sea Hair Mask,Hair,2,12,38,0.0,Flagship Store,NYC,Sensitive
YUL-11653,2024-07-19,P004,Mugwort Essence,Skin,3,10,32,0.1,Sephora,NYC,Oily
YUL-11654,2025-11-18,P004,Mugwort Essence,Skin,3,10,32,0.0,Sephora,Seoul,Dry
YUL-11655,2025-06-03,P001,Deep Sea Hair Mask,Hair,1,12,38,0.0,Olive Young,Tokyo,Oily
YUL-11656,2025-12-23,P001,Deep Sea Hair Mask,Hair,3,12,38,0.2,Sephora,Tokyo,Oily
YUL-11657,2024-09-29,P004,Mugwort Essence,Skin,4,10,32,0.25,Olive Young,Tokyo,Dry
YUL-11658,2024-03-06,P004,Mugwort Essence,Skin,4,10,32,0.0,Olive Young,Seoul,Sensitive
YUL-11659,2025-08-08,P002,Fermented Rice Serum,Skin,3,15,45,0.1,Olive Young,Seoul,Oily
YUL-11660,2025-03-14,P004,Mugwort Essence,Skin,3,10,32,0.0,Online,Tokyo,Combination
YUL-11661,2024-08-26,P005,Ceramide Barrier Cream,Skin,4,14,42,0.0,Olive Young,London,Sensitive
YUL-11662,2024-01-18,P003,Scalp Soothing Oil,Hair,3,8,28,0.0,Flagship Store,Seoul,Combination
YUL-11663,2025-10-08,P003,Scalp Soothing Oil,Hair,1,8,28,0.2,Flagship Store,Seoul,Sensitive
YUL-11664,2024-03-28,P001,Deep Sea Hair Mask,Hair,2,12,38,0.1,Olive Young,NYC,Oily
YUL-11665,2024-02-02,P003,Scalp Soothing Oil,Hair,4,8,28,0.0,Olive Young,London,Sensitive
YUL-11666,2025-01-20,P004,Mugwort Essence,Skin,1,10,32,0.25,Flagship Store,London,Combination
YUL-11667,2024-01-27,P001,Deep Sea Hair Mask,Hair,1,12,38,0.0,Flagship Store,NYC,Oily
YUL-11668,2025-04-15,P004,Mugwort Essence,Skin,1,10,32,0.0,Olive Young,NYC,Sensitive
YUL-11669,2024-02-06,P005,Ceramide Barrier Cream,Skin,2,14,42,0.2,Flagship Store,London,Combination
YUL-11670,2025-05-05,P001,Deep Sea Hair Mask,Hair,2,12,38,0.1,Olive Young,Seoul,Sensitive
YUL-11671,2024-02-25,P005,Ceramide Barrier Cream,Skin,4,14,42,0.0,Flagship Store,Seoul,Oily
YUL-11672,2024-05-07,P002,Fermented Rice Serum,Skin,4,15,45,0.0,Olive Young,NYC,Sensitive
YUL-11673,2025-03-21,P005,Ceramide Barrier Cream,Skin,1,14,42,0.2,Online,NYC,Sensitive
YUL-11674,2025-07-18,P002,Fermented Rice Serum,Skin,1,15,45,0.0,Sephora,London,Sensitive
YUL-11675,2024-02-01,P005,Ceramide Barrier Cream,Skin,4,14,42,0.25,Olive Young,NYC,Oily
YUL-11676,2025-04-15,P005,Ceramide Barrier Cream,Skin,1,14,42,0.0,Sephora,Seoul,Sensitive
YUL-11677,2025-05-09,P002,Fermented Rice Serum,Skin,1,15,45,0.0,Sephora,NYC,Sensitive
YUL-11678,2024-05-31,P002,Fermented Rice Serum,Skin,2,15,45,0.25,Online,Tokyo,Oily
YUL-11679,2025-08-17,P004,Mugwort Essence,Skin,2,10,32,0.1,Sephora,NYC,Sensitive
YUL-11680,2024-04-26,P004,Mugwort Essence,Skin,2,10,32,0.0,Online,London,Combination
YUL-11681,2025-12-24,P003,Scalp Soothing Oil,Hair,4,8,28,0.0,Olive Young,London,Oily
YUL-11682,2024-05-23,P002,Fermented Rice Serum,Skin,4,15,45,0.25,Flagship Store,Tokyo,Dry
YUL-11683,2024-01-21,P001,Deep Sea Hair Mask,Hair,4,12,38,0.0,Olive Young,NYC,Combination
YUL-11684,2025-03-18,P004,Mugwort Essence,Skin,2,10,32,0.1,Olive Young,London,Combination
YUL-11685,2025-02-01,P002,Fermented Rice Serum,Skin,4,15,45,0.0,Flagship Store,London,Sensitive
YUL-11686,2024-12-11,P005,Ceramide Barrier Cream,Skin,4,14,42,0.0,Sephora,Tokyo,Sensitive
YUL-11687,2024-07-14,P004,Mugwort Essence,Skin,4,10,32,0.25,Olive Young,Tokyo,Combination
YUL-11688,2024-11-12,P001,Deep Sea Hair Mask,Hair,3,12,38,0.0,Olive Young,London,Combination
YUL-11689,2025-09-11,P003,Scalp Soothing Oil,Hair,4,8,28,0.0,Flagship Store,NYC,Oily
YUL-11690,2024-05-20,P005,Ceramide Barrier Cream,Skin,1,14,42,0.0,Flagship Store,NYC,Oily
YUL-11691,2024-08-13,P001,Deep Sea Hair Mask,Hair,2,12,38,0.25,Online,London,Sensitive
YUL-11692,2025-09-09,P004,Mugwort Essence,Skin,1,10,32,0.1,Olive Young,Tokyo,Sensitive
YUL-11693,2024-07-12,P002,Fermented Rice Serum,Skin,1,15,45,0.0,Flagship Store,Seoul,Dry
YUL-11694,2024-12-03,P002,Fermented Rice Serum,Skin,4,15,45,0.0,Olive Young,Tokyo,Combination
YUL-11695,2025-11-20,P001,Deep Sea Hair Mask,Hair,2,12,38,0.0,Olive Young,NYC,Oily
YUL-11696,2025-08-29,P005,Ceramide Barrier Cream,Skin,2,14,42,0.0,Olive Young,London,Sensitive
YUL-11697,2024-11-26,P005,Ceramide Barrier Cream,Skin,3,14,42,0.0,Online,NYC,Combination
YUL-11698,2024-07-21,P005,Ceramide Barrier Cream,Skin,4,14,42,0.1,Olive Young,NYC,Sensitive
YUL-11699,2025-12-24,P003,Scalp Soothing Oil,Hair,3,8,28,0.0,Online,Tokyo,Combination
YUL-11700,2025-11-19,P002,Fermented Rice Serum,Skin,2,15,45,0.0,Olive Young,London,Oily
YUL-11701,2024-01-07,P004,Mugwort Essence,Skin,1,10,32,0.0,Online,Seoul,Sensitive
YUL-11702,2025-01-15,P003,Scalp Soothing Oil,Hair,4,8,28,0.2,Flagship Store,Seoul,Combination
YUL-11703,2024-04-28,P002,Fermented Rice Serum,Skin,1,15,45,0.25,Flagship Store,Tokyo,Combination
YUL-11704,2024-07-04,P003,Scalp Soothing Oil,Hair,4,8,28,0.0,Online,NYC,Sensitive
YUL-11705,2025-03-24,P004,Mugwort Essence,Skin,4,10,32,0.2,Online,London,Sensitive
YUL-11706,2025-05-22,P003,Scalp Soothing Oil,Hair,3,8,28,0.0,Online,NYC,Dry
YUL-11707,2024-10-13,P003,Scalp Soothing Oil,Hair,1,8,28,0.0,Flagship Store,London,Oily
YUL-11708,2024-07-25,P002,Fermented Rice Serum,Skin,4,15,45,0.0,Sephora,Tokyo,Oily
YUL-11709,2024-02-19,P005,Ceramide Barrier Cream,Skin,1,14,42,0.0,Online,Tokyo,Sensitive
YUL-11710,2025-04-05,P005,Ceramide Barrier Cream,Skin,1,14,42,0.25,Olive Young,Seoul,Dry
YUL-11711,2025-09-27,P002,Fermented Rice Serum,Skin,1,15,45,0.0,Olive Young,Tokyo,Dry
YUL-11712,2024-03-19,P002,Fermented Rice Serum,Skin,4,15,45,0.25,Flagship Store,London,Combination
YUL-11713,2024-09-07,P002,Fermented Rice Serum,Skin,3,15,45,0.0,Olive Young,London,Dry
YUL-11714,2024-05-04,P003,Scalp Soothing Oil,Hair,3,8,28,0.1,Sephora,Seoul,Combination
YUL-11715,2025-04-03,P003,Scalp Soothing Oil,Hair,1,8,28,0.2,Sephora,NYC,Combination
YUL-11716,2024-09-20,P004,Mugwort Essence,Skin,1,10,32,0.0,Flagship Store,Tokyo,Dry
YUL-11717,2024-11-27,P001,Deep Sea Hair Mask,Hair,3,12,38,0.2,Olive Young,NYC,Sensitive
YUL-11718,2025-03-29,P002,Fermented Rice Serum,Skin,1,15,45,0.0,Flagship Store,NYC,Combination
YUL-11719,2024-05-05,P004,Mugwort Essence,Skin,2,10,32,0.0,Olive Young,Tokyo,Combination
YUL-11720,2024-12-14,P004,Mugwort Essence,Skin,4,10,32,0.0,Flagship Store,Tokyo,Oily
YUL-11721,2024-02-17,P003,Scalp Soothing Oil,Hair,1,8,28,0.0,Olive Young,Seoul,Combination
YUL-11722,2024-05-02,P002,Fermented Rice Serum,Skin,4,15,45,0.1,Sephora,Seoul,Sensitive
YUL-11723,2024-02-04,P003,Scalp Soothing Oil,Hair,1,8,28,0.25,Sephora,Seoul,Combination
YUL-11724,2024-04-07,P003,Scalp Soothing Oil,Hair,1,8,28,0.2,Olive Young,NYC,Dry
YUL-11725,2024-02-03,P004,Mugwort Essence,Skin,2,10,32,0.25,Olive Young,Tokyo,Dry
YUL-11726,2024-10-02,P003,Scalp Soothing Oil,Hair,4,8,28,0.2,Flagship Store,Seoul,Sensitive
YUL-11727,2025-10-25,P001,Deep Sea Hair Mask,Hair,1,12,38,0.1,Olive Young,Seoul,Oily
YUL-11728,2025-03-21,P003,Scalp Soothing Oil,Hair,2,8,28,0.0,Olive Young,Tokyo,Sensitive
YUL-11729,2024-04-29,P003,Scalp Soothing Oil,Hair,2,8,28,0.0,Sephora,NYC,Combination
YUL-11730,2024-02-21,P002,Fermented Rice Serum,Skin,3,15,45,0.2,Online,Tokyo,Dry
YUL-11731,2025-04-24,P003,Scalp Soothing Oil,Hair,2,8,28,0.25,Sephora,Seoul,Sensitive
YUL-11732,2024-09-07,P002,Fermented Rice Serum,Skin,3,15,45,0.0,Flagship Store,London,Sensitive
YUL-11733,2025-01-13,P004,Mugwort Essence,Skin,2,10,32,0.0,Olive Young,London,Combination
YUL-11734,2024-04-08,P005,Ceramide Barrier Cream,Skin,1,14,42,0.0,Olive Young,NYC,Sensitive
YUL-11735,2024-08-09,P002,Fermented Rice Serum,Skin,4,15,45,0.1,Olive Young,Tokyo,Combination
YUL-11736,2024-12-15,P005,Ceramide Barrier Cream,Skin,3,14,42,0.1,Olive Young,NYC,Oily
YUL-11737,2024-05-25,P004,Mugwort Essence,Skin,1,10,32,0.0,Online,London,Dry
YUL-11738,2024-05-16,P001,Deep Sea Hair Mask,Hair,4,12,38,0.25,Online,NYC,Dry
YUL-11739,2025-12-01,P001,Deep Sea Hair Mask,Hair,2,12,38,0.1,Flagship Store,Tokyo,Combination
YUL-11740,2024-11-03,P005,Ceramide Barrier Cream,Skin,1,14,42,0.0,Sephora,Seoul,Sensitive
YUL-11741,2025-03-21,P003,Scalp Soothing Oil,Hair,4,8,28,0.25,Sephora,NYC,Oily
YUL-11742,2024-03-09,P002,Fermented Rice Serum,Skin,1,15,45,0.1,Flagship Store,London,Combination
YUL-11743,2025-10-03,P001,Deep Sea Hair Mask,Hair,3,12,38,0.2,Online,Seoul,Sensitive
YUL-11744,2025-04-29,P004,Mugwort Essence,Skin,3,10,32,0.0,Sephora,Seoul,Combination
YUL-11745,2025-10-07,P002,Fermented Rice Serum,Skin,2,15,45,0.0,Online,NYC,Oily
YUL-11746,2024-02-08,P005,Ceramide Barrier Cream,Skin,2,14,42,0.0,Olive Young,Tokyo,Dry
YUL-11747,2025-06-09,P002,Fermented Rice Serum,Skin,2,15,45,0.1,Online,London,Sensitive
YUL-11748,2024-07-23,P001,Deep Sea Hair Mask,Hair,4,12,38,0.0,Flagship Store,London,Dry
YUL-11749,2024-11-30,P005,Ceramide Barrier Cream,Skin,2,14,42,0.0,Sephora,London,Combination
YUL-11750,2024-12-15,P001,Deep Sea Hair Mask,Hair,3,12,38,0.0,Online,Seoul,Combination
YUL-11751,2024-09-24,P005,Ceramide Barrier Cream,Skin,2,14,42,0.0,Olive Young,Seoul,Sensitive
YUL-11752,2025-08-21,P003,Scalp Soothing Oil,Hair,2,8,28,0.25,Olive Young,NYC,Sensitive
YUL-11753,2025-02-23,P003,Scalp Soothing Oil,Hair,3,8,28,0.25,Olive Young,NYC,Combination
YUL-11754,2025-01-11,P001,Deep Sea Hair Mask,Hair,3,12,38,0.1,Olive Young,Seoul,Oily
YUL-11755,2024-12-21,P004,Mugwort Essence,Skin,4,10,32,0.0,Online,Tokyo,Dry
YUL-11756,2025-01-24,P003,Scalp Soothing Oil,Hair,1,8,28,0.25,Flagship Store,Seoul,Oily
YUL-11757,2025-04-02,P004,Mugwort Essence,Skin,2,10,32,0.1,Sephora,NYC,Dry
YUL-11758,2024-12-07,P002,Fermented Rice Serum,Skin,2,15,45,0.0,Online,Seoul,Sensitive
YUL-11759,2024-04-27,P002,Fermented Rice Serum,Skin,4,15,45,0.2,Olive Young,Seoul,Oily
YUL-11760,2024-09-27,P002,Fermented Rice Serum,Skin,4,15,45,0.0,Online,Tokyo,Sensitive
YUL-11761,2025-03-14,P005,Ceramide Barrier Cream,Skin,2,14,42,0.2,Olive Young,Seoul,Sensitive
YUL-11762,2024-08-02,P002,Fermented Rice Serum,Skin,1,15,45,0.2,Online,Seoul,Dry
YUL-11763,2024-09-28,P003,Scalp Soothing Oil,Hair,3,8,28,0.2,Online,Tokyo,Sensitive
YUL-11764,2024-11-06,P003,Scalp Soothing Oil,Hair,3,8,28,0.0,Flagship Store,Tokyo,Oily
YUL-11765,2024-02-21,P001,Deep Sea Hair Mask,Hair,2,12,38,0.0,Sephora,London,Sensitive
YUL-11766,2025-03-20,P004,Mugwort Essence,Skin,2,10,32,0.0,Flagship Store,London,Combination
YUL-11767,2025-12-29,P002,Fermented Rice Serum,Skin,1,15,45,0.0,Flagship Store,London,Oily
YUL-11768,2024-04-02,P004,Mugwort Essence,Skin,3,10,32,0.2,Online,NYC,Sensitive
YUL-11769,2025-04-29,P005,Ceramide Barrier Cream,Skin,4,14,42,0.1,Sephora,Seoul,Sensitive
YUL-11770,2024-10-11,P005,Ceramide Barrier Cream,Skin,4,14,42,0.0,Flagship Store,Tokyo,Dry
YUL-11771,2025-09-18,P004,Mugwort Essence,Skin,1,10,32,0.25,Online,London,Oily
YUL-11772,2025-11-29,P005,Ceramide Barrier Cream,Skin,4,14,42,0.0,Sephora,Tokyo,Sensitive
YUL-11773,2024-02-26,P003,Scalp Soothing Oil,Hair,1,8,28,0.25,Sephora,NYC,Dry
YUL-11774,2025-04-30,P004,Mugwort Essence,Skin,3,10,32,0.0,Sephora,NYC,Combination
YUL-11775,2024-07-13,P005,Ceramide Barrier Cream,Skin,4,14,42,0.0,Flagship Store,London,Dry
YUL-11776,2025-07-21,P005,Ceramide Barrier Cream,Skin,1,14,42,0.2,Olive Young,London,Combination
YUL-11777,2024-07-21,P004,Mugwort Essence,Skin,3,10,32,0.1,Flagship Store,Tokyo,Sensitive
YUL-11778,2024-08-09,P004,Mugwort Essence,Skin,4,10,32,0.0,Olive Young,Seoul,Sensitive
YUL-11779,2024-06-21,P005,Ceramide Barrier Cream,Skin,4,14,42,0.25,Sephora,Seoul,Combination
YUL-11780,2025-06-03,P001,Deep Sea Hair Mask,Hair,2,12,38,0.2,Flagship Store,NYC,Dry
YUL-11781,2025-03-18,P004,Mugwort Essence,Skin,3,10,32,0.0,Flagship Store,London,Oily
YUL-11782,2024-11-12,P002,Fermented Rice Serum,Skin,4,15,45,0.0,Online,Seoul,Dry
YUL-11783,2025-12-29,P002,Fermented Rice Serum,Skin,3,15,45,0.0,Online,Tokyo,Oily
YUL-11784,2025-06-19,P004,Mugwort Essence,Skin,2,10,32,0.2,Flagship Store,Tokyo,Dry
YUL-11785,2025-02-27,P002,Fermented Rice Serum,Skin,3,15,45,0.0,Online,Seoul,Sensitive
YUL-11786,2024-02-16,P004,Mugwort Essence,Skin,1,10,32,0.0,Olive Young,NYC,Dry
YUL-11787,2024-05-27,P003,Scalp Soothing Oil,Hair,1,8,28,0.0,Flagship Store,Seoul,Dry
YUL-11788,2025-02-17,P005,Ceramide Barrier Cream,Skin,3,14,42,0.2,Olive Young,Seoul,Oily
YUL-11789,2025-06-09,P004,Mugwort Essence,Skin,4,10,32,0.25,Sephora,NYC,Sensitive
YUL-11790,2024-05-04,P001,Deep Sea Hair Mask,Hair,1,12,38,0.25,Sephora,Tokyo,Oily
YUL-11791,2025-06-07,P005,Ceramide Barrier Cream,Skin,3,14,42,0.0,Online,London,Dry
YUL-11792,2024-03-18,P001,Deep Sea Hair Mask,Hair,2,12,38,0.0,Sephora,Tokyo,Oily
YUL-11793,2024-09-06,P003,Scalp Soothing Oil,Hair,2,8,28,0.0,Sephora,Seoul,Combination
YUL-11794,2025-04-03,P003,Scalp Soothing Oil,Hair,4,8,28,0.1,Online,NYC,Dry
YUL-11795,2025-12-29,P001,Deep Sea Hair Mask,Hair,2,12,38,0.25,Flagship Store,Tokyo,Oily
YUL-11796,2024-03-19,P002,Fermented Rice Serum,Skin,1,15,45,0.0,Sephora,London,Sensitive
YUL-11797,2025-09-16,P005,Ceramide Barrier Cream,Skin,1,14,42,0.1,Sephora,Seoul,Dry
YUL-11798,2024-05-25,P005,Ceramide Barrier Cream,Skin,4,14,42,0.0,Olive Young,Tokyo,Dry
YUL-11799,2025-09-02,P005,Ceramide Barrier Cream,Skin,3,14,42,0.0,Sephora,Tokyo,Sensitive
YUL-11800,2025-10-10,P002,Fermented Rice Serum,Skin,4,15,45,0.0,Sephora,NYC,Oily
YUL-11801,2025-10-29,P004,Mugwort Essence,Skin,4,10,32,0.0,Sephora,Seoul,Oily
YUL-11802,2025-07-29,P003,Scalp Soothing Oil,Hair,4,8,28,0.0,Olive Young,London,Combination
YUL-11803,2024-11-27,P005,Ceramide Barrier Cream,Skin,4,14,42,0.0,Olive Young,London,Oily
YUL-11804,2025-03-01,P001,Deep Sea Hair Mask,Hair,1,12,38,0.1,Olive Young,Tokyo,Combination
YUL-11805,2025-07-29,P002,Fermented Rice Serum,Skin,3,15,45,0.0,Olive Young,Seoul,Sensitive
YUL-11806,2025-04-12,P005,Ceramide Barrier Cream,Skin,3,14,42,0.2,Sephora,Tokyo,Dry
YUL-11807,2025-09-07,P004,Mugwort Essence,Skin,1,10,32,0.25,Olive Young,Seoul,Dry
YUL-11808,2025-09-20,P004,Mugwort Essence,Skin,2,10,32,0.0,Online,Seoul,Dry
YUL-11809,2025-03-02,P002,Fermented Rice Serum,Skin,1,15,45,0.2,Sephora,Tokyo,Dry
YUL-11810,2025-01-16,P002,Fermented Rice Serum,Skin,1,15,45,0.0,Sephora,Seoul,Sensitive
YUL-11811,2025-03-04,P004,Mugwort Essence,Skin,2,10,32,0.0,Flagship Store,London,Combination
YUL-11812,2025-01-04,P004,Mugwort Essence,Skin,1,10,32,0.1,Flagship Store,NYC,Sensitive
YUL-11813,2025-10-27,P001,Deep Sea Hair Mask,Hair,1,12,38,0.0,Online,London,Dry
YUL-11814,2024-05-02,P004,Mugwort Essence,Skin,2,10,32,0.25,Online,London,Sensitive
YUL-11815,2024-07-01,P004,Mugwort Essence,Skin,1,10,32,0.0,Sephora,NYC,Dry
YUL-11816,2024-06-01,P002,Fermented Rice Serum,Skin,1,15,45,0.0,Flagship Store,Tokyo,Dry
YUL-11817,2024-09-05,P003,Scalp Soothing Oil,Hair,1,8,28,0.0,Olive Young,Seoul,Sensitive
YUL-11818,2025-10-19,P002,Fermented Rice Serum,Skin,4,15,45,0.0,Sephora,London,Combination
YUL-11819,2025-10-22,P005,Ceramide Barrier Cream,Skin,2,14,42,0.25,Sephora,Seoul,Oily
YUL-11820,2025-05-31,P004,Mugwort Essence,Skin,4,10,32,0.25,Sephora,NYC,Combination
YUL-11821,2024-02-22,P001,Deep Sea Hair Mask,Hair,1,12,38,0.1,Online,Tokyo,Sensitive
YUL-11822,2024-10-02,P004,Mugwort Essence,Skin,4,10,32,0.1,Online,NYC,Oily
YUL-11823,2025-08-16,P005,Ceramide Barrier Cream,Skin,1,14,42,0.0,Olive Young,London,Dry
YUL-11824,2024-06-22,P005,Ceramide Barrier Cream,Skin,4,14,42,0.1,Sephora,NYC,Combination
YUL-11825,2024-11-12,P002,Fermented Rice Serum,Skin,2,15,45,0.1,Olive Young,London,Sensitive
YUL-11826,2025-11-21,P002,Fermented Rice Serum,Skin,1,15,45,0.0,Flagship Store,Seoul,Combination
YUL-11827,2025-11-28,P003,Scalp Soothing Oil,Hair,1,8,28,0.0,Olive Young,Tokyo,Combination
YUL-11828,2025-03-28,P001,Deep Sea Hair Mask,Hair,3,12,38,0.2,Flagship Store,Seoul,Oily
YUL-11829,2025-02-21,P005,Ceramide Barrier Cream,Skin,4,14,42,0.0,Sephora,Seoul,Sensitive
YUL-11830,2025-09-22,P002,Fermented Rice Serum,Skin,3,15,45,0.0,Sephora,Seoul,Combination
YUL-11831,2025-05-15,P004,Mugwort Essence,Skin,3,10,32,0.0,Online,Seoul,Sensitive
YUL-11832,2025-10-11,P003,Scalp Soothing Oil,Hair,4,8,28,0.0,Flagship Store,NYC,Combination
YUL-11833,2025-02-16,P001,Deep Sea Hair Mask,Hair,4,12,38,0.0,Sephora,Seoul,Dry
YUL-11834,2025-09-06,P004,Mugwort Essence,Skin,2,10,32,0.25,Online,London,Oily
YUL-11835,2024-11-27,P003,Scalp Soothing Oil,Hair,2,8,28,0.2,Olive Young,London,Combination
YUL-11836,2025-03-10,P001,Deep Sea Hair Mask,Hair,3,12,38,0.0,Online,Seoul,Dry
YUL-11837,2025-07-17,P001,Deep Sea Hair Mask,Hair,1,12,38,0.2,Online,London,Dry
YUL-11838,2025-06-26,P002,Fermented Rice Serum,Skin,2,15,45,0.0,Online,NYC,Dry
YUL-11839,2025-07-09,P004,Mugwort Essence,Skin,2,10,32,0.0,Online,Seoul,Sensitive
YUL-11840,2024-05-25,P005,Ceramide Barrier Cream,Skin,1,14,42,0.0,Sephora,Seoul,Oily
YUL-11841,2025-12-19,P003,Scalp Soothing Oil,Hair,1,8,28,0.0,Sephora,NYC,Sensitive
YUL-11842,2024-01-03,P005,Ceramide Barrier Cream,Skin,2,14,42,0.1,Olive Young,Seoul,Oily
YUL-11843,2025-06-20,P003,Scalp Soothing Oil,Hair,3,8,28,0.1,Flagship Store,London,Dry
YUL-11844,2024-11-22,P004,Mugwort Essence,Skin,4,10,32,0.25,Online,NYC,Oily
YUL-11845,2024-05-16,P001,Deep Sea Hair Mask,Hair,2,12,38,0.1,Olive Young,London,Sensitive
YUL-11846,2024-07-18,P004,Mugwort Essence,Skin,1,10,32,0.1,Olive Young,Tokyo,Oily
YUL-11847,2024-11-13,P002,Fermented Rice Serum,Skin,4,15,45,0.1,Online,Seoul,Combination
YUL-11848,2025-06-04,P001,Deep Sea Hair Mask,Hair,1,12,38,0.0,Sephora,NYC,Oily
YUL-11849,2025-02-08,P002,Fermented Rice Serum,Skin,3,15,45,0.0,Sephora,NYC,Combination
YUL-11850,2024-09-14,P001,Deep Sea Hair Mask,Hair,3,12,38,0.1,Flagship Store,NYC,Oily
YUL-11851,2025-11-18,P004,Mugwort Essence,Skin,3,10,32,0.25,Online,London,Combination
YUL-11852,2025-04-30,P005,Ceramide Barrier Cream,Skin,3,14,42,0.1,Flagship Store,Seoul,Oily
YUL-11853,2024-12-01,P003,Scalp Soothing Oil,Hair,4,8,28,0.0,Olive Young,NYC,Combination
YUL-11854,2024-01-22,P001,Deep Sea Hair Mask,Hair,2,12,38,0.2,Online,Tokyo,Sensitive
YUL-11855,2025-06-23,P004,Mugwort Essence,Skin,3,10,32,0.0,Olive Young,London,Dry
YUL-11856,2025-05-20,P002,Fermented Rice Serum,Skin,2,15,45,0.0,Online,Seoul,Oily
YUL-11857,2024-05-18,P001,Deep Sea Hair Mask,Hair,1,12,38,0.0,Flagship Store,London,Sensitive
YUL-11858,2025-08-10,P002,Fermented Rice Serum,Skin,4,15,45,0.25,Online,Tokyo,Combination
YUL-11859,2024-04-19,P001,Deep Sea Hair Mask,Hair,2,12,38,0.0,Online,Tokyo,Combination
YUL-11860,2024-05-10,P001,Deep Sea Hair Mask,Hair,2,12,38,0.2,Online,Tokyo,Sensitive
YUL-11861,2024-01-10,P001,Deep Sea Hair Mask,Hair,2,12,38,0.0,Flagship Store,NYC,Sensitive
YUL-11862,2025-07-05,P002,Fermented Rice Serum,Skin,3,15,45,0.25,Online,London,Oily
YUL-11863,2024-06-04,P004,Mugwort Essence,Skin,2,10,32,0.0,Olive Young,London,Dry
YUL-11864,2025-06-17,P001,Deep Sea Hair Mask,Hair,2,12,38,0.25,Online,London,Combination
YUL-11865,2025-03-09,P002,Fermented Rice Serum,Skin,1,15,45,0.0,Flagship Store,Tokyo,Dry
YUL-11866,2024-11-18,P003,Scalp Soothing Oil,Hair,3,8,28,0.2,Flagship Store,London,Combination
YUL-11867,2024-06-09,P001,Deep Sea Hair Mask,Hair,2,12,38,0.0,Sephora,London,Oily
YUL-11868,2024-11-08,P002,Fermented Rice Serum,Skin,2,15,45,0.0,Sephora,NYC,Sensitive
YUL-11869,2025-12-24,P002,Fermented Rice Serum,Skin,3,15,45,0.0,Flagship Store,London,Oily
YUL-11870,2025-09-06,P002,Fermented Rice Serum,Skin,3,15,45,0.1,Sephora,Tokyo,Oily
YUL-11871,2025-11-17,P002,Fermented Rice Serum,Skin,4,15,45,0.2,Sephora,NYC,Sensitive
YUL-11872,2024-08-22,P005,Ceramide Barrier Cream,Skin,3,14,42,0.0,Olive Young,Seoul,Dry
YUL-11873,2025-11-04,P003,Scalp Soothing Oil,Hair,3,8,28,0.0,Olive Young,Seoul,Sensitive
YUL-11874,2025-06-24,P005,Ceramide Barrier Cream,Skin,1,14,42,0.2,Sephora,Seoul,Oily
YUL-11875,2024-07-07,P001,Deep Sea Hair Mask,Hair,4,12,38,0.0,Flagship Store,London,Combination
YUL-11876,2025-09-28,P003,Scalp Soothing Oil,Hair,1,8,28,0.1,Sephora,NYC,Oily
YUL-11877,2024-02-27,P005,Ceramide Barrier Cream,Skin,3,14,42,0.25,Olive Young,Tokyo,Dry
YUL-11878,2024-07-17,P005,Ceramide Barrier Cream,Skin,2,14,42,0.0,Olive Young,London,Oily
YUL-11879,2024-11-18,P002,Fermented Rice Serum,Skin,3,15,45,0.1,Online,London,Oily
YUL-11880,2025-09-16,P004,Mugwort Essence,Skin,2,10,32,0.0,Online,NYC,Oily
YUL-11881,2025-03-24,P005,Ceramide Barrier Cream,Skin,2,14,42,0.0,Flagship Store,London,Combination
YUL-11882,2025-01-31,P005,Ceramide Barrier Cream,Skin,4,14,42,0.0,Flagship Store,London,Dry
YUL-11883,2025-05-06,P002,Fermented Rice Serum,Skin,3,15,45,0.0,Flagship Store,Seoul,Sensitive
YUL-11884,2024-10-31,P002,Fermented Rice Serum,Skin,3,15,45,0.1,Flagship Store,Seoul,Combination
YUL-11885,2025-09-16,P001,Deep Sea Hair Mask,Hair,2,12,38,0.25,Online,NYC,Sensitive
YUL-11886,2025-01-25,P004,Mugwort Essence,Skin,2,10,32,0.1,Olive Young,London,Combination
YUL-11887,2025-11-09,P001,Deep Sea Hair Mask,Hair,3,12,38,0.1,Olive Young,NYC,Sensitive
YUL-11888,2024-12-29,P004,Mugwort Essence,Skin,1,10,32,0.0,Flagship Store,NYC,Combination
YUL-11889,2025-04-22,P002,Fermented Rice Serum,Skin,1,15,45,0.2,Olive Young,London,Dry
YUL-11890,2024-04-24,P005,Ceramide Barrier Cream,Skin,4,14,42,0.0,Online,London,Sensitive
YUL-11891,2024-07-27,P004,Mugwort Essence,Skin,1,10,32,0.0,Flagship Store,Tokyo,Oily
YUL-11892,2024-03-24,P005,Ceramide Barrier Cream,Skin,2,14,42,0.0,Sephora,London,Combination
YUL-11893,2024-04-05,P003,Scalp Soothing Oil,Hair,2,8,28,0.0,Online,London,Sensitive
YUL-11894,2024-12-26,P002,Fermented Rice Serum,Skin,4,15,45,0.0,Online,Seoul,Dry
YUL-11895,2024-04-30,P005,Ceramide Barrier Cream,Skin,1,14,42,0.0,Flagship Store,London,Oily
YUL-11896,2024-04-08,P005,Ceramide Barrier Cream,Skin,4,14,42,0.0,Sephora,NYC,Dry
YUL-11897,2025-05-28,P001,Deep Sea Hair Mask,Hair,1,12,38,0.0,Flagship Store,Tokyo,Dry
YUL-11898,2024-12-24,P001,Deep Sea Hair Mask,Hair,1,12,38,0.1,Sephora,Seoul,Combination
YUL-11899,2025-04-20,P005,Ceramide Barrier Cream,Skin,2,14,42,0.25,Olive Young,Seoul,Combination
YUL-11900,2024-03-23,P003,Scalp Soothing Oil,Hair,2,8,28,0.0,Flagship Store,NYC,Sensitive
YUL-11901,2025-12-09,P001,Deep Sea Hair Mask,Hair,3,12,38,0.0,Online,NYC,Combination
YUL-11902,2025-08-14,P003,Scalp Soothing Oil,Hair,4,8,28,0.2,Online,Tokyo,Dry
YUL-11903,2024-03-30,P003,Scalp Soothing Oil,Hair,2,8,28,0.0,Olive Young,Tokyo,Dry
YUL-11904,2024-09-20,P003,Scalp Soothing Oil,Hair,3,8,28,0.1,Olive Young,London,Combination
YUL-11905,2024-10-28,P001,Deep Sea Hair Mask,Hair,2,12,38,0.25,Flagship Store,London,Dry
YUL-11906,2025-09-22,P003,Scalp Soothing Oil,Hair,4,8,28,0.1,Flagship Store,Seoul,Dry
YUL-11907,2025-08-22,P002,Fermented Rice Serum,Skin,4,15,45,0.0,Flagship Store,Tokyo,Oily
YUL-11908,2025-02-02,P005,Ceramide Barrier Cream,Skin,2,14,42,0.0,Sephora,London,Dry
YUL-11909,2024-12-28,P002,Fermented Rice Serum,Skin,4,15,45,0.0,Flagship Store,London,Oily
YUL-11910,2025-03-02,P003,Scalp Soothing Oil,Hair,2,8,28,0.2,Sephora,London,Sensitive
YUL-11911,2024-05-20,P005,Ceramide Barrier Cream,Skin,1,14,42,0.0,Flagship Store,London,Dry
YUL-11912,2025-06-16,P004,Mugwort Essence,Skin,2,10,32,0.0,Flagship Store,Tokyo,Oily
YUL-11913,2025-11-01,P004,Mugwort Essence,Skin,1,10,32,0.0,Online,Tokyo,Combination
YUL-11914,2024-12-04,P002,Fermented Rice Serum,Skin,4,15,45,0.1,Online,Tokyo,Combination
YUL-11915,2024-08-04,P001,Deep Sea Hair Mask,Hair,2,12,38,0.1,Flagship Store,Tokyo,Combination
YUL-11916,2024-09-11,P002,Fermented Rice Serum,Skin,3,15,45,0.0,Flagship Store,Seoul,Dry
YUL-11917,2024-10-21,P002,Fermented Rice Serum,Skin,4,15,45,0.0,Online,NYC,Combination
YUL-11918,2024-03-06,P002,Fermented Rice Serum,Skin,1,15,45,0.25,Sephora,London,Combination
YUL-11919,2025-11-05,P003,Scalp Soothing Oil,Hair,4,8,28,0.0,Olive Young,Tokyo,Sensitive
YUL-11920,2024-05-09,P002,Fermented Rice Serum,Skin,4,15,45,0.0,Flagship Store,NYC,Dry
YUL-11921,2025-12-10,P003,Scalp Soothing Oil,Hair,3,8,28,0.25,Flagship Store,Tokyo,Oily
YUL-11922,2025-08-28,P002,Fermented Rice Serum,Skin,3,15,45,0.0,Olive Young,Seoul,Oily
YUL-11923,2024-08-29,P002,Fermented Rice Serum,Skin,2,15,45,0.1,Flagship Store,Tokyo,Oily
YUL-11924,2025-08-21,P005,Ceramide Barrier Cream,Skin,4,14,42,0.2,Online,Tokyo,Combination
YUL-11925,2025-09-24,P001,Deep Sea Hair Mask,Hair,1,12,38,0.2,Sephora,Tokyo,Combination
YUL-11926,2024-12-07,P005,Ceramide Barrier Cream,Skin,1,14,42,0.2,Olive Young,Tokyo,Combination
YUL-11927,2024-09-12,P003,Scalp Soothing Oil,Hair,3,8,28,0.0,Olive Young,NYC,Dry
YUL-11928,2024-03-09,P002,Fermented Rice Serum,Skin,4,15,45,0.25,Sephora,Tokyo,Dry
YUL-11929,2024-08-09,P005,Ceramide Barrier Cream,Skin,2,14,42,0.0,Sephora,London,Dry
YUL-11930,2024-11-25,P005,Ceramide Barrier Cream,Skin,2,14,42,0.0,Flagship Store,London,Sensitive
YUL-11931,2024-01-17,P004,Mugwort Essence,Skin,4,10,32,0.25,Sephora,NYC,Oily
YUL-11932,2025-12-04,P004,Mugwort Essence,Skin,1,10,32,0.1,Flagship Store,NYC,Sensitive
YUL-11933,2025-10-07,P001,Deep Sea Hair Mask,Hair,2,12,38,0.0,Flagship Store,Seoul,Dry
YUL-11934,2024-07-20,P003,Scalp Soothing Oil,Hair,2,8,28,0.25,Flagship Store,Tokyo,Dry
YUL-11935,2025-12-16,P005,Ceramide Barrier Cream,Skin,2,14,42,0.25,Sephora,London,Dry
YUL-11936,2025-10-19,P003,Scalp Soothing Oil,Hair,2,8,28,0.25,Olive Young,NYC,Oily
YUL-11937,2025-10-18,P004,Mugwort Essence,Skin,4,10,32,0.0,Olive Young,Seoul,Combination
YUL-11938,2024-03-04,P001,Deep Sea Hair Mask,Hair,4,12,38,0.1,Sephora,Tokyo,Sensitive
YUL-11939,2025-10-30,P002,Fermented Rice Serum,Skin,3,15,45,0.0,Olive Young,NYC,Dry
YUL-11940,2025-03-15,P004,Mugwort Essence,Skin,1,10,32,0.1,Flagship Store,NYC,Combination
YUL-11941,2025-06-25,P001,Deep Sea Hair Mask,Hair,3,12,38,0.0,Online,London,Dry
YUL-11942,2024-06-17,P003,Scalp Soothing Oil,Hair,4,8,28,0.25,Flagship Store,London,Oily
YUL-11943,2024-07-07,P004,Mugwort Essence,Skin,3,10,32,0.0,Olive Young,NYC,Sensitive
YUL-11944,2024-09-18,P003,Scalp Soothing Oil,Hair,3,8,28,0.2,Sephora,Tokyo,Sensitive
YUL-11945,2025-02-07,P001,Deep Sea Hair Mask,Hair,4,12,38,0.2,Olive Young,Tokyo,Dry
YUL-11946,2025-03-02,P003,Scalp Soothing Oil,Hair,1,8,28,0.1,Online,London,Combination
YUL-11947,2024-01-27,P005,Ceramide Barrier Cream,Skin,3,14,42,0.25,Online,NYC,Dry
YUL-11948,2025-07-10,P005,Ceramide Barrier Cream,Skin,3,14,42,0.0,Olive Young,NYC,Sensitive
YUL-11949,2025-12-26,P004,Mugwort Essence,Skin,3,10,32,0.0,Online,London,Combination
YUL-11950,2025-06-19,P005,Ceramide Barrier Cream,Skin,4,14,42,0.0,Online,NYC,Dry
YUL-11951,2025-01-02,P004,Mugwort Essence,Skin,3,10,32,0.0,Flagship Store,NYC,Sensitive
YUL-11952,2024-07-08,P003,Scalp Soothing Oil,Hair,2,8,28,0.0,Flagship Store,Tokyo,Oily
YUL-11953,2025-04-16,P004,Mugwort Essence,Skin,1,10,32,0.0,Online,NYC,Sensitive
YUL-11954,2025-08-14,P004,Mugwort Essence,Skin,3,10,32,0.1,Sephora,London,Sensitive
YUL-11955,2025-08-01,P002,Fermented Rice Serum,Skin,1,15,45,0.25,Sephora,London,Oily
YUL-11956,2025-04-30,P005,Ceramide Barrier Cream,Skin,2,14,42,0.0,Flagship Store,NYC,Sensitive
YUL-11957,2025-05-25,P002,Fermented Rice Serum,Skin,3,15,45,0.25,Sephora,Tokyo,Combination
YUL-11958,2024-07-01,P003,Scalp Soothing Oil,Hair,2,8,28,0.2,Flagship Store,NYC,Sensitive
YUL-11959,2025-08-17,P004,Mugwort Essence,Skin,3,10,32,0.0,Online,NYC,Sensitive
YUL-11960,2025-10-25,P004,Mugwort Essence,Skin,1,10,32,0.2,Olive Young,NYC,Sensitive
YUL-11961,2025-09-25,P005,Ceramide Barrier Cream,Skin,3,14,42,0.0,Online,Seoul,Combination
YUL-11962,2025-08-06,P001,Deep Sea Hair Mask,Hair,2,12,38,0.2,Sephora,Tokyo,Dry
YUL-11963,2025-06-11,P005,Ceramide Barrier Cream,Skin,4,14,42,0.2,Olive Young,Seoul,Dry
YUL-11964,2024-07-27,P003,Scalp Soothing Oil,Hair,4,8,28,0.0,Olive Young,NYC,Dry
YUL-11965,2025-02-26,P002,Fermented Rice Serum,Skin,3,15,45,0.0,Flagship Store,London,Oily
YUL-11966,2025-01-26,P005,Ceramide Barrier Cream,Skin,3,14,42,0.0,Online,London,Combination
YUL-11967,2025-05-25,P003,Scalp Soothing Oil,Hair,1,8,28,0.1,Flagship Store,London,Dry
YUL-11968,2025-01-13,P004,Mugwort Essence,Skin,1,10,32,0.0,Olive Young,NYC,Sensitive
YUL-11969,2025-08-20,P005,Ceramide Barrier Cream,Skin,4,14,42,0.25,Flagship Store,Tokyo,Oily
YUL-11970,2025-08-14,P005,Ceramide Barrier Cream,Skin,2,14,42,0.2,Sephora,NYC,Sensitive
YUL-11971,2025-08-28,P005,Ceramide Barrier Cream,Skin,3,14,42,0.0,Olive Young,London,Dry
YUL-11972,2024-11-06,P005,Ceramide Barrier Cream,Skin,4,14,42,0.0,Online,NYC,Oily
YUL-11973,2024-12-26,P005,Ceramide Barrier Cream,Skin,4,14,42,0.1,Sephora,Seoul,Dry
YUL-11974,2025-12-13,P003,Scalp Soothing Oil,Hair,2,8,28,0.0,Olive Young,NYC,Oily
YUL-11975,2024-12-25,P001,Deep Sea Hair Mask,Hair,4,12,38,0.2,Sephora,NYC,Oily
YUL-11976,2025-05-15,P004,Mugwort Essence,Skin,1,10,32,0.0,Olive Young,Seoul,Dry
YUL-11977,2025-10-27,P003,Scalp Soothing Oil,Hair,1,8,28,0.0,Olive Young,NYC,Dry
YUL-11978,2025-10-09,P005,Ceramide Barrier Cream,Skin,1,14,42,0.1,Sephora,NYC,Combination
YUL-11979,2024-06-08,P005,Ceramide Barrier Cream,Skin,2,14,42,0.1,Sephora,Seoul,Dry
YUL-11980,2025-09-01,P003,Scalp Soothing Oil,Hair,3,8,28,0.0,Sephora,NYC,Combination
YUL-11981,2024-11-10,P003,Scalp Soothing Oil,Hair,3,8,28,0.2,Sephora,London,Oily
YUL-11982,2024-03-28,P003,Scalp Soothing Oil,Hair,1,8,28,0.1,Flagship Store,London,Dry
YUL-11983,2025-01-25,P005,Ceramide Barrier Cream,Skin,3,14,42,0.0,Olive Young,Seoul,Sensitive
YUL-11984,2024-10-31,P005,Ceramide Barrier Cream,Skin,4,14,42,0.25,Olive Young,Seoul,Sensitive
YUL-11985,2024-05-08,P001,Deep Sea Hair Mask,Hair,4,12,38,0.2,Olive Young,London,Dry
YUL-11986,2025-08-01,P001,Deep Sea Hair Mask,Hair,3,12,38,0.25,Online,London,Oily
YUL-11987,2024-03-25,P002,Fermented Rice Serum,Skin,1,15,45,0.0,Online,Tokyo,Combination
YUL-11988,2024-09-01,P003,Scalp Soothing Oil,Hair,2,8,28,0.25,Olive Young,NYC,Dry
YUL-11989,2024-07-26,P004,Mugwort Essence,Skin,3,10,32,0.0,Flagship Store,NYC,Dry
YUL-11990,2025-09-26,P002,Fermented Rice Serum,Skin,2,15,45,0.0,Flagship Store,London,Combination
YUL-11991,2025-03-31,P001,Deep Sea Hair Mask,Hair,1,12,38,0.0,Online,London,Oily
YUL-11992,2024-12-16,P002,Fermented Rice Serum,Skin,3,15,45,0.2,Olive Young,Seoul,Dry
YUL-11993,2025-01-07,P001,Deep Sea Hair Mask,Hair,2,12,38,0.0,Flagship Store,Seoul,Dry
YUL-11994,2025-12-26,P002,Fermented Rice Serum,Skin,4,15,45,0.1,Olive Young,NYC,Oily
YUL-11995,2024-02-20,P004,Mugwort Essence,Skin,2,10,32,0.25,Flagship Store,Seoul,Oily
YUL-11996,2025-03-12,P003,Scalp Soothing Oil,Hair,2,8,28,0.0,Online,Seoul,Sensitive
YUL-11997,2025-10-31,P001,Deep Sea Hair Mask,Hair,2,12,38,0.2,Online,London,Combination
YUL-11998,2025-08-22,P002,Fermented Rice Serum,Skin,1,15,45,0.2,Flagship Store,Seoul,Dry
YUL-11999,2025-03-12,P003,Scalp Soothing Oil,Hair,4,8,28,0.2,Flagship Store,London,Dry
YUL-12000,2025-12-10,P001,Deep Sea Hair Mask,Hair,2,12,38,0.25,Flagship Store,Seoul,Dry
YUL-12001,2024-12-28,P002,Fermented Rice Serum,Skin,1,15,45,0.0,Online,NYC,Sensitive
YUL-12002,2025-10-27,P001,Deep Sea Hair Mask,Hair,4,12,38,0.25,Online,NYC,Oily
YUL-12003,2024-05-01,P003,Scalp Soothing Oil,Hair,3,8,28,0.1,Sephora,Tokyo,Sensitive
YUL-12004,2024-12-19,P002,Fermented Rice Serum,Skin,1,15,45,0.25,Olive Young,Tokyo,Sensitive
YUL-12005,2024-07-02,P005,Ceramide Barrier Cream,Skin,2,14,42,0.0,Online,NYC,Combination
YUL-12006,2025-06-19,P004,Mugwort Essence,Skin,1,10,32,0.0,Online,Tokyo,Oily
YUL-12007,2024-01-24,P002,Fermented Rice Serum,Skin,2,15,45,0.0,Online,NYC,Combination
YUL-12008,2025-11-30,P003,Scalp Soothing Oil,Hair,2,8,28,0.0,Sephora,London,Sensitive
YUL-12009,2025-09-18,P003,Scalp Soothing Oil,Hair,3,8,28,0.0,Sephora,London,Sensitive
YUL-12010,2025-04-10,P003,Scalp Soothing Oil,Hair,4,8,28,0.0,Flagship Store,Tokyo,Dry
YUL-12011,2025-08-02,P004,Mugwort Essence,Skin,3,10,32,0.0,Online,Seoul,Sensitive
YUL-12012,2025-06-09,P005,Ceramide Barrier Cream,Skin,3,14,42,0.1,Online,London,Sensitive
YUL-12013,2024-05-24,P005,Ceramide Barrier Cream,Skin,3,14,42,0.0,Olive Young,London,Combination
YUL-12014,2025-03-16,P004,Mugwort Essence,Skin,1,10,32,0.2,Flagship Store,NYC,Combination
YUL-12015,2024-08-16,P001,Deep Sea Hair Mask,Hair,2,12,38,0.0,Online,Tokyo,Dry
YUL-12016,2024-12-03,P004,Mugwort Essence,Skin,3,10,32,0.0,Online,London,Oily
YUL-12017,2024-11-12,P002,Fermented Rice Serum,Skin,2,15,45,0.0,Online,Tokyo,Oily
YUL-12018,2024-06-26,P003,Scalp Soothing Oil,Hair,1,8,28,0.0,Sephora,London,Sensitive
YUL-12019,2025-04-21,P005,Ceramide Barrier Cream,Skin,4,14,42,0.0,Sephora,Seoul,Oily
YUL-12020,2024-07-02,P001,Deep Sea Hair Mask,Hair,2,12,38,0.25,Flagship Store,Tokyo,Dry
YUL-12021,2024-10-08,P005,Ceramide Barrier Cream,Skin,3,14,42,0.1,Olive Young,NYC,Combination
YUL-12022,2025-07-29,P001,Deep Sea Hair Mask,Hair,1,12,38,0.25,Olive Young,NYC,Combination
YUL-12023,2024-12-13,P001,Deep Sea Hair Mask,Hair,1,12,38,0.0,Flagship Store,Tokyo,Combination
YUL-12024,2024-05-25,P004,Mugwort Essence,Skin,2,10,32,0.0,Online,NYC,Sensitive
YUL-12025,2025-08-20,P004,Mugwort Essence,Skin,3,10,32,0.25,Olive Young,Tokyo,Dry
YUL-12026,2025-06-26,P005,Ceramide Barrier Cream,Skin,4,14,42,0.0,Online,London,Dry
YUL-12027,2024-11-30,P001,Deep Sea Hair Mask,Hair,1,12,38,0.0,Sephora,Seoul,Dry
YUL-12028,2024-04-13,P005,Ceramide Barrier Cream,Skin,2,14,42,0.0,Online,NYC,Combination
YUL-12029,2024-10-30,P005,Ceramide Barrier Cream,Skin,1,14,42,0.25,Online,Tokyo,Sensitive
YUL-12030,2025-06-05,P004,Mugwort Essence,Skin,2,10,32,0.25,Olive Young,Seoul,Dry
YUL-12031,2024-04-09,P003,Scalp Soothing Oil,Hair,4,8,28,0.2,Online,Tokyo,Oily
YUL-12032,2024-12-10,P001,Deep Sea Hair Mask,Hair,2,12,38,0.0,Online,Tokyo,Sensitive
YUL-12033,2024-06-23,P001,Deep Sea Hair Mask,Hair,2,12,38,0.25,Flagship Store,Tokyo,Dry
YUL-12034,2024-06-19,P005,Ceramide Barrier Cream,Skin,2,14,42,0.0,Flagship Store,London,Oily
YUL-12035,2025-07-10,P003,Scalp Soothing Oil,Hair,3,8,28,0.25,Olive Young,London,Oily
YUL-12036,2024-12-14,P003,Scalp Soothing Oil,Hair,3,8,28,0.2,Flagship Store,Seoul,Sensitive
YUL-12037,2025-07-05,P001,Deep Sea Hair Mask,Hair,2,12,38,0.2,Online,London,Oily
YUL-12038,2024-08-29,P005,Ceramide Barrier Cream,Skin,2,14,42,0.0,Sephora,Seoul,Dry
YUL-12039,2025-12-13,P003,Scalp Soothing Oil,Hair,2,8,28,0.0,Olive Young,Tokyo,Combination
YUL-12040,2025-02-20,P002,Fermented Rice Serum,Skin,4,15,45,0.1,Flagship Store,London,Sensitive
YUL-12041,2025-02-15,P002,Fermented Rice Serum,Skin,1,15,45,0.2,Sephora,Seoul,Dry
YUL-12042,2025-03-15,P005,Ceramide Barrier Cream,Skin,4,14,42,0.0,Olive Young,NYC,Combination
YUL-12043,2024-04-13,P005,Ceramide Barrier Cream,Skin,3,14,42,0.0,Flagship Store,NYC,Sensitive
YUL-12044,2024-03-11,P001,Deep Sea Hair Mask,Hair,3,12,38,0.0,Olive Young,Seoul,Dry
YUL-12045,2024-08-09,P005,Ceramide Barrier Cream,Skin,4,14,42,0.0,Online,Tokyo,Dry
YUL-12046,2025-02-08,P004,Mugwort Essence,Skin,4,10,32,0.0,Sephora,Seoul,Dry
YUL-12047,2025-08-13,P005,Ceramide Barrier Cream,Skin,3,14,42,0.0,Online,Tokyo,Sensitive
YUL-12048,2024-04-23,P003,Scalp Soothing Oil,Hair,2,8,28,0.2,Sephora,Seoul,Oily
YUL-12049,2025-06-30,P001,Deep Sea Hair Mask,Hair,2,12,38,0.25,Olive Young,NYC,Sensitive
YUL-12050,2025-12-24,P002,Fermented Rice Serum,Skin,1,15,45,0.25,Olive Young,NYC,Oily
YUL-12051,2024-11-30,P001,Deep Sea Hair Mask,Hair,2,12,38,0.0,Flagship Store,Tokyo,Oily
YUL-12052,2024-10-01,P002,Fermented Rice Serum,Skin,3,15,45,0.2,Sephora,NYC,Dry
YUL-12053,2025-05-03,P002,Fermented Rice Serum,Skin,1,15,45,0.0,Sephora,NYC,Oily
YUL-12054,2025-05-04,P003,Scalp Soothing Oil,Hair,3,8,28,0.0,Flagship Store,Seoul,Combination
YUL-12055,2024-06-06,P004,Mugwort Essence,Skin,2,10,32,0.0,Online,NYC,Dry
YUL-12056,2025-05-30,P002,Fermented Rice Serum,Skin,2,15,45,0.2,Online,Seoul,Sensitive
YUL-12057,2025-01-15,P002,Fermented Rice Serum,Skin,4,15,45,0.2,Flagship Store,NYC,Sensitive
YUL-12058,2024-09-28,P003,Scalp Soothing Oil,Hair,1,8,28,0.2,Sephora,London,Oily
YUL-12059,2024-12-16,P003,Scalp Soothing Oil,Hair,4,8,28,0.2,Olive Young,Seoul,Sensitive
YUL-12060,2025-01-27,P003,Scalp Soothing Oil,Hair,1,8,28,0.0,Online,NYC,Oily
YUL-12061,2024-02-19,P001,Deep Sea Hair Mask,Hair,2,12,38,0.0,Online,Seoul,Dry
YUL-12062,2025-01-23,P001,Deep Sea Hair Mask,Hair,1,12,38,0.1,Flagship Store,NYC,Dry
YUL-12063,2025-08-22,P004,Mugwort Essence,Skin,3,10,32,0.0,Flagship Store,Seoul,Dry
YUL-12064,2025-10-27,P004,Mugwort Essence,Skin,4,10,32,0.2,Online,NYC,Dry
YUL-12065,2025-08-19,P002,Fermented Rice Serum,Skin,2,15,45,0.0,Online,Seoul,Dry
YUL-12066,2024-07-01,P005,Ceramide Barrier Cream,Skin,2,14,42,0.2,Flagship Store,Seoul,Sensitive
YUL-12067,2024-03-13,P001,Deep Sea Hair Mask,Hair,3,12,38,0.0,Online,Seoul,Combination
YUL-12068,2024-04-29,P004,Mugwort Essence,Skin,4,10,32,0.25,Olive Young,Tokyo,Dry
YUL-12069,2025-08-20,P002,Fermented Rice Serum,Skin,4,15,45,0.0,Flagship Store,NYC,Oily
YUL-12070,2024-08-17,P001,Deep Sea Hair Mask,Hair,1,12,38,0.2,Sephora,Tokyo,Oily
YUL-12071,2025-07-13,P005,Ceramide Barrier Cream,Skin,3,14,42,0.0,Online,Seoul,Combination
YUL-12072,2025-03-01,P001,Deep Sea Hair Mask,Hair,2,12,38,0.25,Flagship Store,NYC,Oily
YUL-12073,2024-01-20,P001,Deep Sea Hair Mask,Hair,2,12,38,0.2,Olive Young,Seoul,Oily
YUL-12074,2025-07-02,P004,Mugwort Essence,Skin,4,10,32,0.1,Olive Young,Tokyo,Dry
YUL-12075,2024-07-16,P002,Fermented Rice Serum,Skin,1,15,45,0.25,Flagship Store,London,Dry
YUL-12076,2025-03-28,P003,Scalp Soothing Oil,Hair,1,8,28,0.1,Flagship Store,London,Sensitive
YUL-12077,2024-11-09,P002,Fermented Rice Serum,Skin,2,15,45,0.0,Sephora,NYC,Dry
YUL-12078,2024-12-24,P005,Ceramide Barrier Cream,Skin,3,14,42,0.0,Sephora,Seoul,Sensitive
YUL-12079,2025-02-28,P003,Scalp Soothing Oil,Hair,4,8,28,0.0,Sephora,Seoul,Dry
YUL-12080,2024-07-08,P001,Deep Sea Hair Mask,Hair,1,12,38,0.1,Flagship Store,London,Combination
YUL-12081,2024-06-29,P005,Ceramide Barrier Cream,Skin,1,14,42,0.0,Flagship Store,London,Oily
YUL-12082,2024-01-11,P003,Scalp Soothing Oil,Hair,4,8,28,0.0,Sephora,Tokyo,Combination
YUL-12083,2024-10-21,P004,Mugwort Essence,Skin,3,10,32,0.0,Online,Seoul,Dry
YUL-12084,2025-04-16,P002,Fermented Rice Serum,Skin,4,15,45,0.1,Sephora,London,Combination
YUL-12085,2025-08-15,P001,Deep Sea Hair Mask,Hair,1,12,38,0.0,Olive Young,Seoul,Oily
YUL-12086,2025-05-24,P004,Mugwort Essence,Skin,1,10,32,0.0,Flagship Store,London,Dry
YUL-12087,2024-08-26,P001,Deep Sea Hair Mask,Hair,1,12,38,0.25,Online,Tokyo,Dry
YUL-12088,2024-07-16,P003,Scalp Soothing Oil,Hair,3,8,28,0.25,Flagship Store,NYC,Dry
YUL-12089,2024-08-06,P005,Ceramide Barrier Cream,Skin,2,14,42,0.2,Flagship Store,NYC,Sensitive
YUL-12090,2024-02-02,P003,Scalp Soothing Oil,Hair,2,8,28,0.2,Olive Young,Seoul,Dry
YUL-12091,2024-10-05,P002,Fermented Rice Serum,Skin,2,15,45,0.0,Online,NYC,Oily
YUL-12092,2025-04-11,P005,Ceramide Barrier Cream,Skin,3,14,42,0.0,Flagship Store,Tokyo,Oily
YUL-12093,2025-07-27,P003,Scalp Soothing Oil,Hair,4,8,28,0.0,Online,Seoul,Oily
YUL-12094,2025-04-09,P001,Deep Sea Hair Mask,Hair,3,12,38,0.1,Flagship Store,Seoul,Combination
YUL-12095,2025-07-06,P003,Scalp Soothing Oil,Hair,1,8,28,0.25,Online,Seoul,Oily
YUL-12096,2024-11-02,P002,Fermented Rice Serum,Skin,3,15,45,0.25,Online,NYC,Oily
YUL-12097,2025-06-03,P001,Deep Sea Hair Mask,Hair,2,12,38,0.2,Sephora,Tokyo,Sensitive
YUL-12098,2025-03-31,P001,Deep Sea Hair Mask,Hair,4,12,38,0.2,Online,London,Dry
YUL-12099,2024-02-03,P001,Deep Sea Hair Mask,Hair,3,12,38,0.2,Flagship Store,Tokyo,Oily
YUL-12100,2024-02-14,P003,Scalp Soothing Oil,Hair,2,8,28,0.0,Sephora,Seoul,Combination
YUL-12101,2025-10-08,P002,Fermented Rice Serum,Skin,3,15,45,0.0,Sephora,Tokyo,Dry
YUL-12102,2025-01-15,P003,Scalp Soothing Oil,Hair,2,8,28,0.0,Online,Seoul,Sensitive
YUL-12103,2025-07-28,P005,Ceramide Barrier Cream,Skin,3,14,42,0.1,Flagship Store,Seoul,Oily
YUL-12104,2024-06-30,P002,Fermented Rice Serum,Skin,2,15,45,0.0,Online,Tokyo,Sensitive
YUL-12105,2025-12-23,P005,Ceramide Barrier Cream,Skin,4,14,42,0.2,Online,London,Sensitive
YUL-12106,2024-03-06,P002,Fermented Rice Serum,Skin,2,15,45,0.0,Olive Young,Seoul,Dry
YUL-12107,2024-12-24,P003,Scalp Soothing Oil,Hair,4,8,28,0.0,Olive Young,London,Dry
YUL-12108,2025-04-26,P004,Mugwort Essence,Skin,1,10,32,0.0,Sephora,Tokyo,Dry
YUL-12109,2025-08-05,P005,Ceramide Barrier Cream,Skin,1,14,42,0.0,Olive Young,Seoul,Combination
YUL-12110,2024-01-11,P003,Scalp Soothing Oil,Hair,2,8,28,0.1,Olive Young,NYC,Oily
YUL-12111,2024-03-14,P004,Mugwort Essence,Skin,4,10,32,0.1,Online,Tokyo,Oily
YUL-12112,2025-12-03,P005,Ceramide Barrier Cream,Skin,1,14,42,0.0,Flagship Store,Seoul,Combination
YUL-12113,2025-03-15,P004,Mugwort Essence,Skin,3,10,32,0.0,Online,Tokyo,Oily
YUL-12114,2025-11-27,P005,Ceramide Barrier Cream,Skin,2,14,42,0.2,Olive Young,Seoul,Sensitive
YUL-12115,2025-01-28,P002,Fermented Rice Serum,Skin,3,15,45,0.2,Olive Young,NYC,Sensitive
YUL-12116,2024-08-22,P004,Mugwort Essence,Skin,4,10,32,0.0,Online,NYC,Dry
YUL-12117,2025-04-20,P003,Scalp Soothing Oil,Hair,3,8,28,0.1,Flagship Store,NYC,Combination
YUL-12118,2024-05-08,P001,Deep Sea Hair Mask,Hair,4,12,38,0.0,Sephora,Seoul,Oily
YUL-12119,2024-11-29,P001,Deep Sea Hair Mask,Hair,3,12,38,0.2,Sephora,Tokyo,Oily
YUL-12120,2024-01-07,P005,Ceramide Barrier Cream,Skin,4,14,42,0.25,Flagship Store,Tokyo,Oily
YUL-12121,2024-08-25,P003,Scalp Soothing Oil,Hair,1,8,28,0.0,Olive Young,Seoul,Combination
YUL-12122,2025-01-21,P003,Scalp Soothing Oil,Hair,1,8,28,0.0,Flagship Store,Tokyo,Combination
YUL-12123,2024-09-11,P004,Mugwort Essence,Skin,2,10,32,0.0,Flagship Store,London,Oily
YUL-12124,2025-08-30,P003,Scalp Soothing Oil,Hair,3,8,28,0.0,Sephora,London,Sensitive
YUL-12125,2024-06-21,P004,Mugwort Essence,Skin,4,10,32,0.1,Olive Young,London,Oily
YUL-12126,2024-01-27,P004,Mugwort Essence,Skin,3,10,32,0.25,Online,Seoul,Oily
YUL-12127,2025-03-05,P005,Ceramide Barrier Cream,Skin,2,14,42,0.1,Olive Young,NYC,Dry
YUL-12128,2025-12-28,P002,Fermented Rice Serum,Skin,2,15,45,0.2,Online,Seoul,Dry
YUL-12129,2024-11-30,P005,Ceramide Barrier Cream,Skin,4,14,42,0.0,Olive Young,London,Oily
YUL-12130,2025-08-30,P005,Ceramide Barrier Cream,Skin,3,14,42,0.2,Flagship Store,NYC,Combination
YUL-12131,2025-09-05,P001,Deep Sea Hair Mask,Hair,4,12,38,0.2,Olive Young,London,Combination
YUL-12132,2025-06-26,P003,Scalp Soothing Oil,Hair,3,8,28,0.0,Online,London,Sensitive
YUL-12133,2024-03-11,P005,Ceramide Barrier Cream,Skin,3,14,42,0.1,Online,NYC,Combination
YUL-12134,2025-05-22,P004,Mugwort Essence,Skin,3,10,32,0.0,Sephora,London,Sensitive
YUL-12135,2025-03-23,P004,Mugwort Essence,Skin,1,10,32,0.0,Olive Young,NYC,Oily
YUL-12136,2025-02-13,P002,Fermented Rice Serum,Skin,1,15,45,0.0,Olive Young,NYC,Sensitive
YUL-12137,2024-01-03,P003,Scalp Soothing Oil,Hair,3,8,28,0.0,Online,NYC,Oily
YUL-12138,2024-03-28,P001,Deep Sea Hair Mask,Hair,2,12,38,0.0,Olive Young,Tokyo,Combination
YUL-12139,2025-02-11,P005,Ceramide Barrier Cream,Skin,1,14,42,0.1,Flagship Store,Seoul,Oily
YUL-12140,2025-02-16,P004,Mugwort Essence,Skin,1,10,32,0.1,Flagship Store,Tokyo,Dry
YUL-12141,2024-01-12,P005,Ceramide Barrier Cream,Skin,1,14,42,0.1,Online,Tokyo,Combination
YUL-12142,2024-12-15,P003,Scalp Soothing Oil,Hair,2,8,28,0.0,Flagship Store,Tokyo,Oily
YUL-12143,2025-06-19,P001,Deep Sea Hair Mask,Hair,3,12,38,0.0,Flagship Store,Tokyo,Oily
YUL-12144,2024-12-25,P005,Ceramide Barrier Cream,Skin,1,14,42,0.1,Online,NYC,Sensitive
YUL-12145,2024-12-11,P001,Deep Sea Hair Mask,Hair,2,12,38,0.25,Flagship Store,Seoul,Combination
YUL-12146,2025-08-16,P003,Scalp Soothing Oil,Hair,4,8,28,0.0,Sephora,Seoul,Oily
YUL-12147,2025-04-10,P003,Scalp Soothing Oil,Hair,1,8,28,0.25,Flagship Store,NYC,Oily
YUL-12148,2024-05-13,P005,Ceramide Barrier Cream,Skin,2,14,42,0.0,Sephora,Seoul,Dry
YUL-12149,2025-11-14,P001,Deep Sea Hair Mask,Hair,2,12,38,0.25,Sephora,Seoul,Combination
YUL-12150,2024-04-23,P002,Fermented Rice Serum,Skin,3,15,45,0.2,Flagship Store,London,Dry
YUL-12151,2025-01-21,P003,Scalp Soothing Oil,Hair,3,8,28,0.0,Olive Young,Tokyo,Sensitive
YUL-12152,2025-04-25,P003,Scalp Soothing Oil,Hair,3,8,28,0.0,Flagship Store,London,Oily
YUL-12153,2025-03-03,P005,Ceramide Barrier Cream,Skin,2,14,42,0.0,Olive Young,Seoul,Sensitive
YUL-12154,2024-06-02,P005,Ceramide Barrier Cream,Skin,1,14,42,0.0,Olive Young,NYC,Dry
YUL-12155,2025-11-27,P003,Scalp Soothing Oil,Hair,2,8,28,0.0,Olive Young,Tokyo,Combination
YUL-12156,2025-12-23,P002,Fermented Rice Serum,Skin,1,15,45,0.2,Flagship Store,London,Combination
YUL-12157,2025-06-24,P002,Fermented Rice Serum,Skin,1,15,45,0.0,Olive Young,London,Combination
YUL-12158,2025-01-23,P001,Deep Sea Hair Mask,Hair,1,12,38,0.1,Sephora,Seoul,Sensitive
YUL-12159,2024-10-31,P004,Mugwort Essence,Skin,3,10,32,0.2,Olive Young,London,Dry
YUL-12160,2024-05-12,P004,Mugwort Essence,Skin,3,10,32,0.1,Online,Tokyo,Oily
YUL-12161,2025-01-01,P005,Ceramide Barrier Cream,Skin,4,14,42,0.0,Online,Seoul,Combination
YUL-12162,2025-06-06,P004,Mugwort Essence,Skin,4,10,32,0.0,Sephora,London,Combination
YUL-12163,2024-07-04,P002,Fermented Rice Serum,Skin,4,15,45,0.2,Online,Tokyo,Oily
YUL-12164,2025-08-27,P003,Scalp Soothing Oil,Hair,3,8,28,0.0,Flagship Store,Tokyo,Dry
YUL-12165,2024-06-12,P001,Deep Sea Hair Mask,Hair,3,12,38,0.2,Sephora,London,Dry
YUL-12166,2024-06-21,P002,Fermented Rice Serum,Skin,1,15,45,0.0,Online,Seoul,Oily
YUL-12167,2024-12-19,P005,Ceramide Barrier Cream,Skin,2,14,42,0.0,Flagship Store,Tokyo,Oily
YUL-12168,2025-06-16,P004,Mugwort Essence,Skin,4,10,32,0.0,Olive Young,NYC,Dry
YUL-12169,2024-02-17,P001,Deep Sea Hair Mask,Hair,4,12,38,0.1,Sephora,London,Dry
YUL-12170,2025-06-29,P002,Fermented Rice Serum,Skin,3,15,45,0.2,Sephora,London,Sensitive
YUL-12171,2024-11-01,P001,Deep Sea Hair Mask,Hair,1,12,38,0.2,Sephora,NYC,Oily
YUL-12172,2025-04-30,P001,Deep Sea Hair Mask,Hair,3,12,38,0.2,Sephora,NYC,Oily
YUL-12173,2025-12-23,P005,Ceramide Barrier Cream,Skin,3,14,42,0.0,Flagship Store,NYC,Dry
YUL-12174,2025-05-26,P002,Fermented Rice Serum,Skin,3,15,45,0.0,Flagship Store,NYC,Dry
YUL-12175,2025-09-30,P004,Mugwort Essence,Skin,1,10,32,0.0,Sephora,Seoul,Dry
YUL-12176,2024-12-22,P003,Scalp Soothing Oil,Hair,2,8,28,0.25,Olive Young,London,Combination
YUL-12177,2025-10-22,P002,Fermented Rice Serum,Skin,1,15,45,0.25,Online,Tokyo,Sensitive
YUL-12178,2025-04-10,P005,Ceramide Barrier Cream,Skin,2,14,42,0.25,Online,Tokyo,Dry
YUL-12179,2024-03-16,P003,Scalp Soothing Oil,Hair,3,8,28,0.0,Online,London,Combination
YUL-12180,2025-06-23,P002,Fermented Rice Serum,Skin,1,15,45,0.1,Online,Seoul,Dry
YUL-12181,2025-03-05,P001,Deep Sea Hair Mask,Hair,3,12,38,0.2,Sephora,London,Sensitive
YUL-12182,2024-08-10,P004,Mugwort Essence,Skin,2,10,32,0.0,Online,Tokyo,Combination
YUL-12183,2024-01-06,P001,Deep Sea Hair Mask,Hair,2,12,38,0.1,Online,London,Sensitive
YUL-12184,2025-10-13,P002,Fermented Rice Serum,Skin,2,15,45,0.0,Online,NYC,Dry
YUL-12185,2025-01-15,P003,Scalp Soothing Oil,Hair,4,8,28,0.1,Sephora,London,Combination
YUL-12186,2024-03-12,P001,Deep Sea Hair Mask,Hair,1,12,38,0.2,Flagship Store,Seoul,Sensitive
YUL-12187,2025-01-25,P005,Ceramide Barrier Cream,Skin,1,14,42,0.1,Online,Tokyo,Combination
YUL-12188,2024-12-19,P003,Scalp Soothing Oil,Hair,1,8,28,0.0,Olive Young,London,Dry
YUL-12189,2025-03-08,P004,Mugwort Essence,Skin,4,10,32,0.25,Online,NYC,Dry
YUL-12190,2025-05-18,P001,Deep Sea Hair Mask,Hair,2,12,38,0.2,Sephora,NYC,Combination
YUL-12191,2025-11-03,P001,Deep Sea Hair Mask,Hair,4,12,38,0.2,Sephora,Tokyo,Oily
YUL-12192,2025-07-22,P005,Ceramide Barrier Cream,Skin,3,14,42,0.0,Online,London,Dry
YUL-12193,2024-11-14,P004,Mugwort Essence,Skin,4,10,32,0.1,Sephora,NYC,Sensitive
YUL-12194,2024-07-12,P002,Fermented Rice Serum,Skin,1,15,45,0.1,Online,London,Dry
YUL-12195,2024-12-05,P001,Deep Sea Hair Mask,Hair,1,12,38,0.0,Sephora,London,Dry
YUL-12196,2025-01-05,P003,Scalp Soothing Oil,Hair,2,8,28,0.2,Olive Young,Tokyo,Dry
YUL-12197,2025-05-29,P003,Scalp Soothing Oil,Hair,3,8,28,0.0,Olive Young,London,Oily
YUL-12198,2025-02-16,P002,Fermented Rice Serum,Skin,1,15,45,0.0,Online,NYC,Sensitive
YUL-12199,2025-07-29,P001,Deep Sea Hair Mask,Hair,4,12,38,0.0,Sephora,NYC,Oily
YUL-12200,2025-08-15,P001,Deep Sea Hair Mask,Hair,1,12,38,0.2,Online,London,Combination
YUL-12201,2024-02-29,P003,Scalp Soothing Oil,Hair,3,8,28,0.0,Flagship Store,Tokyo,Combination
YUL-12202,2025-09-05,P002,Fermented Rice Serum,Skin,4,15,45,0.25,Flagship Store,NYC,Sensitive
YUL-12203,2024-12-19,P001,Deep Sea Hair Mask,Hair,4,12,38,0.0,Flagship Store,NYC,Sensitive
YUL-12204,2024-10-04,P004,Mugwort Essence,Skin,1,10,32,0.0,Olive Young,NYC,Dry
YUL-12205,2024-01-18,P002,Fermented Rice Serum,Skin,4,15,45,0.25,Sephora,NYC,Combination
YUL-12206,2024-12-10,P002,Fermented Rice Serum,Skin,2,15,45,0.25,Sephora,London,Combination
YUL-12207,2024-03-01,P005,Ceramide Barrier Cream,Skin,1,14,42,0.0,Sephora,Seoul,Oily
YUL-12208,2025-06-06,P001,Deep Sea Hair Mask,Hair,1,12,38,0.0,Online,Seoul,Oily
YUL-12209,2024-07-21,P002,Fermented Rice Serum,Skin,4,15,45,0.2,Online,Seoul,Sensitive
YUL-12210,2025-07-02,P005,Ceramide Barrier Cream,Skin,3,14,42,0.25,Olive Young,Seoul,Oily
YUL-12211,2025-05-10,P004,Mugwort Essence,Skin,1,10,32,0.0,Sephora,Seoul,Combination
YUL-12212,2025-02-21,P003,Scalp Soothing Oil,Hair,4,8,28,0.1,Online,Tokyo,Sensitive
YUL-12213,2024-11-19,P002,Fermented Rice Serum,Skin,2,15,45,0.1,Flagship Store,London,Oily
YUL-12214,2024-02-01,P003,Scalp Soothing Oil,Hair,4,8,28,0.0,Online,London,Combination
YUL-12215,2025-02-20,P001,Deep Sea Hair Mask,Hair,3,12,38,0.25,Flagship Store,NYC,Oily
YUL-12216,2025-04-23,P001,Deep Sea Hair Mask,Hair,4,12,38,0.0,Online,Seoul,Oily
YUL-12217,2024-06-01,P001,Deep Sea Hair Mask,Hair,2,12,38,0.25,Online,London,Dry
YUL-12218,2025-10-10,P002,Fermented Rice Serum,Skin,4,15,45,0.0,Online,London,Dry
YUL-12219,2025-11-19,P004,Mugwort Essence,Skin,1,10,32,0.25,Flagship Store,Tokyo,Oily
YUL-12220,2024-08-06,P003,Scalp Soothing Oil,Hair,2,8,28,0.1,Sephora,NYC,Combination
YUL-12221,2025-09-28,P005,Ceramide Barrier Cream,Skin,2,14,42,0.2,Olive Young,Seoul,Oily
YUL-12222,2024-02-10,P001,Deep Sea Hair Mask,Hair,4,12,38,0.0,Olive Young,Tokyo,Combination
YUL-12223,2024-03-10,P004,Mugwort Essence,Skin,4,10,32,0.0,Sephora,London,Dry
YUL-12224,2025-01-08,P005,Ceramide Barrier Cream,Skin,2,14,42,0.25,Olive Young,NYC,Combination
YUL-12225,2025-07-24,P005,Ceramide Barrier Cream,Skin,1,14,42,0.2,Olive Young,Tokyo,Sensitive
YUL-12226,2025-03-03,P003,Scalp Soothing Oil,Hair,1,8,28,0.0,Olive Young,Seoul,Combination
YUL-12227,2025-04-11,P003,Scalp Soothing Oil,Hair,1,8,28,0.0,Flagship Store,Seoul,Combination
YUL-12228,2025-06-01,P001,Deep Sea Hair Mask,Hair,1,12,38,0.1,Online,NYC,Combination
YUL-12229,2024-03-13,P003,Scalp Soothing Oil,Hair,2,8,28,0.1,Sephora,London,Sensitive
YUL-12230,2024-09-27,P005,Ceramide Barrier Cream,Skin,2,14,42,0.0,Sephora,Seoul,Sensitive
YUL-12231,2025-01-13,P004,Mugwort Essence,Skin,4,10,32,0.1,Sephora,London,Combination
YUL-12232,2025-10-05,P003,Scalp Soothing Oil,Hair,2,8,28,0.0,Flagship Store,Tokyo,Oily
YUL-12233,2024-03-14,P002,Fermented Rice Serum,Skin,4,15,45,0.2,Olive Young,Seoul,Combination
YUL-12234,2025-02-02,P003,Scalp Soothing Oil,Hair,1,8,28,0.2,Olive Young,NYC,Dry
YUL-12235,2025-03-30,P001,Deep Sea Hair Mask,Hair,4,12,38,0.2,Sephora,London,Sensitive
YUL-12236,2025-07-14,P002,Fermented Rice Serum,Skin,1,15,45,0.0,Flagship Store,London,Oily
YUL-12237,2025-05-22,P005,Ceramide Barrier Cream,Skin,4,14,42,0.0,Olive Young,NYC,Dry
YUL-12238,2024-03-07,P003,Scalp Soothing Oil,Hair,1,8,28,0.0,Sephora,NYC,Oily
YUL-12239,2025-09-25,P003,Scalp Soothing Oil,Hair,3,8,28,0.0,Sephora,London,Dry
YUL-12240,2024-02-26,P003,Scalp Soothing Oil,Hair,4,8,28,0.1,Flagship Store,Tokyo,Combination
YUL-12241,2024-04-10,P002,Fermented Rice Serum,Skin,1,15,45,0.1,Online,Seoul,Oily
YUL-12242,2024-03-20,P001,Deep Sea Hair Mask,Hair,4,12,38,0.1,Sephora,Tokyo,Combination
YUL-12243,2025-11-13,P001,Deep Sea Hair Mask,Hair,2,12,38,0.0,Online,Tokyo,Combination
YUL-12244,2024-11-26,P003,Scalp Soothing Oil,Hair,1,8,28,0.0,Sephora,Tokyo,Dry
YUL-12245,2025-10-20,P002,Fermented Rice Serum,Skin,1,15,45,0.0,Sephora,Seoul,Sensitive
YUL-12246,2024-08-09,P004,Mugwort Essence,Skin,4,10,32,0.25,Online,London,Dry
YUL-12247,2024-11-22,P001,Deep Sea Hair Mask,Hair,3,12,38,0.0,Flagship Store,Seoul,Oily
YUL-12248,2025-05-16,P003,Scalp Soothing Oil,Hair,1,8,28,0.0,Flagship Store,Seoul,Dry
YUL-12249,2025-07-22,P004,Mugwort Essence,Skin,2,10,32,0.1,Sephora,Seoul,Combination
YUL-12250,2024-05-16,P005,Ceramide Barrier Cream,Skin,4,14,42,0.25,Flagship Store,Tokyo,Combination
YUL-12251,2025-08-04,P003,Scalp Soothing Oil,Hair,4,8,28,0.0,Sephora,London,Dry
YUL-12252,2025-08-09,P003,Scalp Soothing Oil,Hair,1,8,28,0.1,Online,Tokyo,Dry
YUL-12253,2024-05-08,P002,Fermented Rice Serum,Skin,4,15,45,0.0,Sephora,London,Oily
YUL-12254,2024-07-14,P003,Scalp Soothing Oil,Hair,2,8,28,0.2,Sephora,Seoul,Sensitive
YUL-12255,2024-09-11,P003,Scalp Soothing Oil,Hair,4,8,28,0.2,Flagship Store,London,Combination
YUL-12256,2025-04-06,P004,Mugwort Essence,Skin,2,10,32,0.0,Online,NYC,Oily
YUL-12257,2024-05-23,P002,Fermented Rice Serum,Skin,3,15,45,0.1,Olive Young,Tokyo,Combination
YUL-12258,2024-03-20,P005,Ceramide Barrier Cream,Skin,3,14,42,0.0,Flagship Store,London,Dry
YUL-12259,2024-06-25,P003,Scalp Soothing Oil,Hair,3,8,28,0.1,Online,London,Sensitive
YUL-12260,2025-11-18,P002,Fermented Rice Serum,Skin,3,15,45,0.2,Flagship Store,Seoul,Dry
YUL-12261,2025-09-21,P002,Fermented Rice Serum,Skin,1,15,45,0.25,Flagship Store,Seoul,Dry
YUL-12262,2025-09-08,P001,Deep Sea Hair Mask,Hair,1,12,38,0.25,Sephora,NYC,Sensitive
YUL-12263,2025-09-24,P002,Fermented Rice Serum,Skin,4,15,45,0.0,Online,Seoul,Oily
YUL-12264,2024-01-28,P004,Mugwort Essence,Skin,3,10,32,0.0,Sephora,London,Oily
YUL-12265,2024-01-17,P002,Fermented Rice Serum,Skin,1,15,45,0.25,Flagship Store,London,Oily
YUL-12266,2024-04-07,P003,Scalp Soothing Oil,Hair,2,8,28,0.2,Flagship Store,Tokyo,Oily
YUL-12267,2024-01-19,P004,Mugwort Essence,Skin,2,10,32,0.0,Online,Tokyo,Sensitive
YUL-12268,2024-08-18,P001,Deep Sea Hair Mask,Hair,1,12,38,0.2,Online,Seoul,Oily
YUL-12269,2025-09-18,P002,Fermented Rice Serum,Skin,1,15,45,0.0,Olive Young,NYC,Sensitive
YUL-12270,2024-12-30,P004,Mugwort Essence,Skin,2,10,32,0.25,Olive Young,Tokyo,Combination
YUL-12271,2024-05-06,P004,Mugwort Essence,Skin,3,10,32,0.0,Online,Seoul,Oily
YUL-12272,2024-03-05,P003,Scalp Soothing Oil,Hair,3,8,28,0.0,Sephora,Tokyo,Dry
YUL-12273,2025-03-05,P001,Deep Sea Hair Mask,Hair,3,12,38,0.0,Online,NYC,Combination
YUL-12274,2024-12-10,P005,Ceramide Barrier Cream,Skin,4,14,42,0.1,Olive Young,London,Dry
YUL-12275,2024-12-26,P005,Ceramide Barrier Cream,Skin,4,14,42,0.25,Flagship Store,Seoul,Dry
YUL-12276,2025-09-30,P003,Scalp Soothing Oil,Hair,3,8,28,0.0,Flagship Store,NYC,Sensitive
YUL-12277,2024-04-18,P005,Ceramide Barrier Cream,Skin,3,14,42,0.0,Online,NYC,Sensitive
YUL-12278,2025-12-22,P003,Scalp Soothing Oil,Hair,2,8,28,0.25,Olive Young,Tokyo,Dry
YUL-12279,2024-12-18,P005,Ceramide Barrier Cream,Skin,1,14,42,0.1,Sephora,Seoul,Oily
YUL-12280,2024-07-28,P004,Mugwort Essence,Skin,3,10,32,0.0,Olive Young,London,Dry
YUL-12281,2025-04-14,P005,Ceramide Barrier Cream,Skin,4,14,42,0.0,Flagship Store,London,Dry
YUL-12282,2024-12-30,P001,Deep Sea Hair Mask,Hair,1,12,38,0.0,Online,Tokyo,Combination
YUL-12283,2025-03-31,P005,Ceramide Barrier Cream,Skin,2,14,42,0.0,Online,NYC,Combination
YUL-12284,2025-12-18,P003,Scalp Soothing Oil,Hair,1,8,28,0.25,Flagship Store,London,Dry
YUL-12285,2024-09-04,P005,Ceramide Barrier Cream,Skin,1,14,42,0.0,Flagship Store,Seoul,Combination
YUL-12286,2024-03-11,P003,Scalp Soothing Oil,Hair,1,8,28,0.2,Sephora,NYC,Dry
YUL-12287,2024-12-27,P005,Ceramide Barrier Cream,Skin,1,14,42,0.1,Online,NYC,Dry
YUL-12288,2024-01-21,P002,Fermented Rice Serum,Skin,2,15,45,0.0,Olive Young,Seoul,Combination
YUL-12289,2024-09-27,P004,Mugwort Essence,Skin,3,10,32,0.0,Sephora,Seoul,Combination
YUL-12290,2025-08-31,P005,Ceramide Barrier Cream,Skin,1,14,42,0.0,Flagship Store,Tokyo,Oily
YUL-12291,2025-09-14,P001,Deep Sea Hair Mask,Hair,4,12,38,0.25,Olive Young,Seoul,Combination
YUL-12292,2025-03-08,P002,Fermented Rice Serum,Skin,1,15,45,0.0,Flagship Store,NYC,Oily
YUL-12293,2025-04-08,P004,Mugwort Essence,Skin,3,10,32,0.0,Flagship Store,Tokyo,Sensitive
YUL-12294,2025-12-25,P001,Deep Sea Hair Mask,Hair,3,12,38,0.1,Olive Young,London,Combination
YUL-12295,2024-08-13,P001,Deep Sea Hair Mask,Hair,2,12,38,0.2,Flagship Store,Seoul,Sensitive
YUL-12296,2025-11-07,P001,Deep Sea Hair Mask,Hair,3,12,38,0.1,Olive Young,NYC,Oily
YUL-12297,2024-04-22,P003,Scalp Soothing Oil,Hair,3,8,28,0.0,Online,NYC,Combination
YUL-12298,2024-01-06,P005,Ceramide Barrier Cream,Skin,4,14,42,0.0,Sephora,London,Sensitive
YUL-12299,2025-12-18,P005,Ceramide Barrier Cream,Skin,4,14,42,0.0,Sephora,Tokyo,Dry
YUL-12300,2024-11-03,P003,Scalp Soothing Oil,Hair,3,8,28,0.0,Olive Young,Seoul,Oily
YUL-12301,2024-02-27,P003,Scalp Soothing Oil,Hair,1,8,28,0.1,Flagship Store,London,Combination
YUL-12302,2024-05-05,P003,Scalp Soothing Oil,Hair,1,8,28,0.2,Sephora,NYC,Combination
YUL-12303,2024-03-05,P001,Deep Sea Hair Mask,Hair,4,12,38,0.25,Olive Young,London,Combination
YUL-12304,2024-01-15,P005,Ceramide Barrier Cream,Skin,1,14,42,0.2,Sephora,Seoul,Dry
YUL-12305,2024-01-17,P004,Mugwort Essence,Skin,1,10,32,0.0,Sephora,Tokyo,Combination
YUL-12306,2024-12-10,P003,Scalp Soothing Oil,Hair,2,8,28,0.0,Sephora,Seoul,Dry
YUL-12307,2025-08-13,P004,Mugwort Essence,Skin,1,10,32,0.0,Olive Young,NYC,Sensitive
YUL-12308,2024-02-07,P004,Mugwort Essence,Skin,3,10,32,0.0,Flagship Store,London,Dry
YUL-12309,2025-10-28,P003,Scalp Soothing Oil,Hair,2,8,28,0.1,Sephora,Tokyo,Combination
YUL-12310,2025-06-14,P005,Ceramide Barrier Cream,Skin,4,14,42,0.2,Flagship Store,London,Oily
YUL-12311,2024-08-08,P005,Ceramide Barrier Cream,Skin,1,14,42,0.2,Online,Tokyo,Oily
YUL-12312,2025-08-24,P003,Scalp Soothing Oil,Hair,1,8,28,0.0,Olive Young,London,Oily
YUL-12313,2025-10-01,P005,Ceramide Barrier Cream,Skin,1,14,42,0.25,Sephora,Seoul,Dry
YUL-12314,2024-09-14,P005,Ceramide Barrier Cream,Skin,4,14,42,0.2,Flagship Store,NYC,Combination
YUL-12315,2025-07-31,P001,Deep Sea Hair Mask,Hair,2,12,38,0.2,Flagship Store,London,Dry
YUL-12316,2024-05-19,P004,Mugwort Essence,Skin,3,10,32,0.0,Flagship Store,Tokyo,Sensitive
YUL-12317,2025-09-13,P002,Fermented Rice Serum,Skin,4,15,45,0.0,Flagship Store,Tokyo,Dry
YUL-12318,2024-11-04,P005,Ceramide Barrier Cream,Skin,2,14,42,0.0,Sephora,London,Combination
YUL-12319,2025-01-26,P001,Deep Sea Hair Mask,Hair,1,12,38,0.2,Flagship Store,Tokyo,Sensitive
YUL-12320,2024-12-26,P002,Fermented Rice Serum,Skin,4,15,45,0.1,Online,Seoul,Dry
YUL-12321,2025-09-21,P005,Ceramide Barrier Cream,Skin,2,14,42,0.0,Online,Seoul,Dry
YUL-12322,2024-12-17,P002,Fermented Rice Serum,Skin,4,15,45,0.0,Flagship Store,Seoul,Oily
YUL-12323,2024-04-08,P003,Scalp Soothing Oil,Hair,1,8,28,0.1,Sephora,London,Sensitive
YUL-12324,2025-12-27,P003,Scalp Soothing Oil,Hair,4,8,28,0.1,Sephora,NYC,Combination
YUL-12325,2025-09-18,P001,Deep Sea Hair Mask,Hair,4,12,38,0.2,Sephora,London,Oily
YUL-12326,2024-02-23,P005,Ceramide Barrier Cream,Skin,4,14,42,0.0,Sephora,Seoul,Combination
YUL-12327,2025-05-26,P001,Deep Sea Hair Mask,Hair,3,12,38,0.25,Olive Young,Tokyo,Sensitive
YUL-12328,2025-03-26,P001,Deep Sea Hair Mask,Hair,2,12,38,0.0,Sephora,NYC,Sensitive
YUL-12329,2024-05-20,P003,Scalp Soothing Oil,Hair,3,8,28,0.25,Olive Young,Tokyo,Oily
YUL-12330,2025-08-25,P004,Mugwort Essence,Skin,2,10,32,0.25,Flagship Store,London,Oily
YUL-12331,2024-01-29,P004,Mugwort Essence,Skin,3,10,32,0.2,Sephora,NYC,Oily
YUL-12332,2024-02-25,P005,Ceramide Barrier Cream,Skin,3,14,42,0.2,Sephora,London,Oily
YUL-12333,2024-04-04,P005,Ceramide Barrier Cream,Skin,3,14,42,0.25,Sephora,Seoul,Oily
YUL-12334,2024-05-09,P003,Scalp Soothing Oil,Hair,2,8,28,0.2,Flagship Store,Seoul,Oily
YUL-12335,2025-07-22,P002,Fermented Rice Serum,Skin,1,15,45,0.0,Flagship Store,NYC,Oily
YUL-12336,2025-08-04,P004,Mugwort Essence,Skin,3,10,32,0.25,Online,NYC,Combination
YUL-12337,2025-06-17,P003,Scalp Soothing Oil,Hair,2,8,28,0.2,Online,Seoul,Combination
YUL-12338,2024-02-11,P002,Fermented Rice Serum,Skin,3,15,45,0.0,Flagship Store,NYC,Dry
YUL-12339,2025-08-20,P003,Scalp Soothing Oil,Hair,4,8,28,0.0,Online,Tokyo,Sensitive
YUL-12340,2025-12-27,P001,Deep Sea Hair Mask,Hair,1,12,38,0.0,Olive Young,London,Oily
YUL-12341,2025-03-11,P002,Fermented Rice Serum,Skin,1,15,45,0.0,Olive Young,London,Sensitive
YUL-12342,2024-02-11,P001,Deep Sea Hair Mask,Hair,3,12,38,0.25,Flagship Store,Tokyo,Dry
YUL-12343,2024-06-06,P001,Deep Sea Hair Mask,Hair,4,12,38,0.0,Online,London,Oily
YUL-12344,2024-03-13,P001,Deep Sea Hair Mask,Hair,2,12,38,0.0,Sephora,Tokyo,Combination
YUL-12345,2024-10-14,P001,Deep Sea Hair Mask,Hair,1,12,38,0.0,Online,Seoul,Oily
YUL-12346,2025-01-23,P003,Scalp Soothing Oil,Hair,4,8,28,0.0,Olive Young,London,Dry
YUL-12347,2024-02-24,P003,Scalp Soothing Oil,Hair,2,8,28,0.0,Sephora,Seoul,Sensitive
YUL-12348,2025-07-30,P002,Fermented Rice Serum,Skin,1,15,45,0.0,Flagship Store,Seoul,Combination
YUL-12349,2024-04-22,P004,Mugwort Essence,Skin,4,10,32,0.0,Olive Young,London,Dry
YUL-12350,2024-03-24,P004,Mugwort Essence,Skin,3,10,32,0.0,Olive Young,London,Dry
YUL-12351,2025-09-03,P004,Mugwort Essence,Skin,2,10,32,0.1,Sephora,London,Combination
YUL-12352,2024-06-28,P003,Scalp Soothing Oil,Hair,4,8,28,0.25,Flagship Store,Seoul,Sensitive
YUL-12353,2024-08-27,P003,Scalp Soothing Oil,Hair,2,8,28,0.1,Sephora,London,Oily
YUL-12354,2025-06-28,P002,Fermented Rice Serum,Skin,4,15,45,0.25,Flagship Store,Tokyo,Sensitive
YUL-12355,2024-07-23,P003,Scalp Soothing Oil,Hair,1,8,28,0.0,Flagship Store,Seoul,Combination
YUL-12356,2024-04-29,P004,Mugwort Essence,Skin,2,10,32,0.2,Olive Young,London,Sensitive
YUL-12357,2025-08-15,P004,Mugwort Essence,Skin,1,10,32,0.0,Flagship Store,London,Oily
YUL-12358,2025-12-06,P005,Ceramide Barrier Cream,Skin,2,14,42,0.1,Olive Young,NYC,Sensitive
YUL-12359,2024-07-20,P004,Mugwort Essence,Skin,1,10,32,0.25,Sephora,Tokyo,Combination
YUL-12360,2024-12-24,P004,Mugwort Essence,Skin,2,10,32,0.0,Sephora,Seoul,Combination
YUL-12361,2024-05-21,P004,Mugwort Essence,Skin,2,10,32,0.2,Flagship Store,London,Oily
YUL-12362,2024-01-31,P005,Ceramide Barrier Cream,Skin,3,14,42,0.25,Online,NYC,Dry
YUL-12363,2025-11-13,P004,Mugwort Essence,Skin,3,10,32,0.2,Online,Tokyo,Dry
YUL-12364,2024-01-25,P004,Mugwort Essence,Skin,3,10,32,0.2,Flagship Store,London,Combination
YUL-12365,2024-04-19,P002,Fermented Rice Serum,Skin,3,15,45,0.0,Sephora,NYC,Sensitive
YUL-12366,2025-10-01,P003,Scalp Soothing Oil,Hair,3,8,28,0.0,Online,Seoul,Combination
YUL-12367,2024-06-30,P001,Deep Sea Hair Mask,Hair,4,12,38,0.0,Online,NYC,Combination
YUL-12368,2024-06-03,P005,Ceramide Barrier Cream,Skin,1,14,42,0.0,Olive Young,London,Dry
YUL-12369,2024-07-07,P005,Ceramide Barrier Cream,Skin,1,14,42,0.0,Olive Young,Tokyo,Sensitive
YUL-12370,2025-06-25,P005,Ceramide Barrier Cream,Skin,4,14,42,0.0,Online,Tokyo,Oily
YUL-12371,2024-11-27,P002,Fermented Rice Serum,Skin,3,15,45,0.0,Olive Young,Seoul,Sensitive
YUL-12372,2024-04-17,P003,Scalp Soothing Oil,Hair,4,8,28,0.0,Olive Young,London,Oily
YUL-12373,2025-01-19,P001,Deep Sea Hair Mask,Hair,1,12,38,0.0,Olive Young,Seoul,Dry
YUL-12374,2025-11-06,P003,Scalp Soothing Oil,Hair,2,8,28,0.0,Sephora,Tokyo,Dry
YUL-12375,2025-02-14,P002,Fermented Rice Serum,Skin,4,15,45,0.0,Olive Young,Seoul,Combination
YUL-12376,2024-08-03,P005,Ceramide Barrier Cream,Skin,2,14,42,0.0,Flagship Store,London,Sensitive
YUL-12377,2024-05-16,P005,Ceramide Barrier Cream,Skin,1,14,42,0.2,Sephora,NYC,Combination
YUL-12378,2025-05-17,P003,Scalp Soothing Oil,Hair,4,8,28,0.25,Sephora,Seoul,Dry
YUL-12379,2025-02-15,P002,Fermented Rice Serum,Skin,3,15,45,0.0,Online,NYC,Combination
YUL-12380,2024-05-23,P003,Scalp Soothing Oil,Hair,3,8,28,0.25,Online,Tokyo,Sensitive
YUL-12381,2024-10-15,P005,Ceramide Barrier Cream,Skin,3,14,42,0.25,Sephora,Seoul,Sensitive
YUL-12382,2024-12-08,P004,Mugwort Essence,Skin,2,10,32,0.25,Olive Young,NYC,Dry
YUL-12383,2024-06-07,P003,Scalp Soothing Oil,Hair,2,8,28,0.25,Online,London,Combination
YUL-12384,2024-02-11,P001,Deep Sea Hair Mask,Hair,4,12,38,0.0,Flagship Store,Seoul,Oily
YUL-12385,2025-09-08,P003,Scalp Soothing Oil,Hair,2,8,28,0.25,Olive Young,Seoul,Dry
YUL-12386,2025-10-11,P003,Scalp Soothing Oil,Hair,2,8,28,0.25,Olive Young,Tokyo,Oily
YUL-12387,2024-06-28,P001,Deep Sea Hair Mask,Hair,3,12,38,0.0,Online,Tokyo,Dry
YUL-12388,2025-07-27,P002,Fermented Rice Serum,Skin,1,15,45,0.0,Olive Young,NYC,Sensitive
YUL-12389,2024-09-23,P002,Fermented Rice Serum,Skin,3,15,45,0.25,Online,London,Dry
YUL-12390,2024-04-18,P003,Scalp Soothing Oil,Hair,4,8,28,0.1,Sephora,London,Oily
YUL-12391,2024-09-03,P003,Scalp Soothing Oil,Hair,3,8,28,0.0,Flagship Store,Tokyo,Combination
YUL-12392,2024-06-04,P003,Scalp Soothing Oil,Hair,4,8,28,0.25,Flagship Store,Seoul,Sensitive
YUL-12393,2025-05-15,P001,Deep Sea Hair Mask,Hair,4,12,38,0.2,Sephora,Tokyo,Dry
YUL-12394,2025-03-02,P005,Ceramide Barrier Cream,Skin,1,14,42,0.0,Flagship Store,London,Oily
YUL-12395,2025-05-24,P001,Deep Sea Hair Mask,Hair,4,12,38,0.0,Olive Young,London,Dry
YUL-12396,2024-12-07,P003,Scalp Soothing Oil,Hair,3,8,28,0.0,Sephora,NYC,Oily
YUL-12397,2024-08-09,P004,Mugwort Essence,Skin,3,10,32,0.0,Sephora,Tokyo,Sensitive
YUL-12398,2025-02-28,P002,Fermented Rice Serum,Skin,2,15,45,0.0,Olive Young,NYC,Combination
YUL-12399,2025-11-12,P002,Fermented Rice Serum,Skin,2,15,45,0.1,Flagship Store,London,Sensitive
YUL-12400,2024-02-28,P004,Mugwort Essence,Skin,2,10,32,0.1,Flagship Store,Tokyo,Combination
YUL-12401,2024-12-22,P003,Scalp Soothing Oil,Hair,4,8,28,0.0,Olive Young,NYC,Oily
YUL-12402,2025-09-09,P004,Mugwort Essence,Skin,3,10,32,0.0,Flagship Store,London,Oily
YUL-12403,2024-07-06,P003,Scalp Soothing Oil,Hair,4,8,28,0.0,Olive Young,Seoul,Dry
YUL-12404,2024-08-06,P005,Ceramide Barrier Cream,Skin,2,14,42,0.0,Online,Tokyo,Oily
YUL-12405,2024-01-25,P004,Mugwort Essence,Skin,2,10,32,0.0,Online,Tokyo,Oily
YUL-12406,2024-09-28,P003,Scalp Soothing Oil,Hair,3,8,28,0.0,Flagship Store,NYC,Sensitive
YUL-12407,2024-02-25,P004,Mugwort Essence,Skin,2,10,32,0.25,Sephora,London,Oily
YUL-12408,2024-04-02,P001,Deep Sea Hair Mask,Hair,2,12,38,0.0,Olive Young,London,Sensitive
YUL-12409,2024-11-21,P005,Ceramide Barrier Cream,Skin,3,14,42,0.1,Online,London,Oily
YUL-12410,2025-06-28,P003,Scalp Soothing Oil,Hair,1,8,28,0.25,Sephora,NYC,Oily
YUL-12411,2025-06-02,P005,Ceramide Barrier Cream,Skin,1,14,42,0.25,Sephora,Tokyo,Oily
YUL-12412,2024-08-28,P003,Scalp Soothing Oil,Hair,2,8,28,0.2,Flagship Store,Tokyo,Dry
YUL-12413,2025-04-13,P003,Scalp Soothing Oil,Hair,3,8,28,0.0,Olive Young,NYC,Dry
YUL-12414,2024-07-14,P002,Fermented Rice Serum,Skin,2,15,45,0.25,Flagship Store,NYC,Sensitive
YUL-12415,2024-09-06,P005,Ceramide Barrier Cream,Skin,3,14,42,0.0,Sephora,NYC,Dry
YUL-12416,2025-05-26,P003,Scalp Soothing Oil,Hair,2,8,28,0.0,Flagship Store,Seoul,Oily
YUL-12417,2025-05-18,P005,Ceramide Barrier Cream,Skin,1,14,42,0.2,Olive Young,Seoul,Combination
YUL-12418,2024-08-31,P003,Scalp Soothing Oil,Hair,3,8,28,0.2,Olive Young,London,Dry
YUL-12419,2025-11-08,P004,Mugwort Essence,Skin,3,10,32,0.2,Flagship Store,Seoul,Dry
YUL-12420,2025-02-03,P005,Ceramide Barrier Cream,Skin,2,14,42,0.0,Sephora,Tokyo,Combination
YUL-12421,2024-05-06,P002,Fermented Rice Serum,Skin,4,15,45,0.0,Flagship Store,Seoul,Combination
YUL-12422,2024-08-16,P005,Ceramide Barrier Cream,Skin,4,14,42,0.0,Flagship Store,Seoul,Combination
YUL-12423,2025-01-04,P005,Ceramide Barrier Cream,Skin,2,14,42,0.0,Online,London,Oily
YUL-12424,2025-12-09,P004,Mugwort Essence,Skin,1,10,32,0.0,Flagship Store,London,Dry
YUL-12425,2025-12-16,P005,Ceramide Barrier Cream,Skin,1,14,42,0.0,Sephora,Seoul,Dry
YUL-12426,2024-07-12,P003,Scalp Soothing Oil,Hair,3,8,28,0.0,Online,Seoul,Oily
YUL-12427,2025-03-19,P003,Scalp Soothing Oil,Hair,3,8,28,0.0,Olive Young,Seoul,Combination
YUL-12428,2025-06-28,P003,Scalp Soothing Oil,Hair,3,8,28,0.25,Olive Young,Tokyo,Sensitive
YUL-12429,2025-09-23,P004,Mugwort Essence,Skin,3,10,32,0.2,Olive Young,Tokyo,Oily
YUL-12430,2024-11-08,P003,Scalp Soothing Oil,Hair,3,8,28,0.0,Flagship Store,NYC,Dry
YUL-12431,2025-12-02,P004,Mugwort Essence,Skin,4,10,32,0.0,Flagship Store,London,Dry
YUL-12432,2024-11-15,P005,Ceramide Barrier Cream,Skin,1,14,42,0.1,Online,NYC,Sensitive
YUL-12433,2024-02-05,P005,Ceramide Barrier Cream,Skin,3,14,42,0.1,Online,Tokyo,Sensitive
YUL-12434,2025-10-12,P004,Mugwort Essence,Skin,4,10,32,0.1,Sephora,Seoul,Combination
YUL-12435,2024-05-30,P002,Fermented Rice Serum,Skin,1,15,45,0.0,Sephora,London,Dry
YUL-12436,2025-06-18,P003,Scalp Soothing Oil,Hair,3,8,28,0.0,Sephora,Tokyo,Sensitive
YUL-12437,2024-03-07,P002,Fermented Rice Serum,Skin,3,15,45,0.0,Flagship Store,Seoul,Dry
YUL-12438,2024-02-18,P001,Deep Sea Hair Mask,Hair,1,12,38,0.0,Sephora,Tokyo,Sensitive
YUL-12439,2024-07-09,P004,Mugwort Essence,Skin,3,10,32,0.2,Flagship Store,Tokyo,Oily
YUL-12440,2025-03-19,P001,Deep Sea Hair Mask,Hair,3,12,38,0.25,Online,London,Dry
YUL-12441,2024-05-04,P001,Deep Sea Hair Mask,Hair,1,12,38,0.0,Online,Tokyo,Combination
YUL-12442,2024-08-12,P001,Deep Sea Hair Mask,Hair,4,12,38,0.25,Olive Young,Tokyo,Dry
YUL-12443,2024-02-17,P003,Scalp Soothing Oil,Hair,2,8,28,0.1,Sephora,Tokyo,Combination
YUL-12444,2025-03-10,P004,Mugwort Essence,Skin,4,10,32,0.0,Olive Young,London,Oily
YUL-12445,2025-03-05,P003,Scalp Soothing Oil,Hair,4,8,28,0.0,Online,NYC,Oily
YUL-12446,2024-02-11,P003,Scalp Soothing Oil,Hair,4,8,28,0.0,Olive Young,London,Dry
YUL-12447,2024-09-19,P003,Scalp Soothing Oil,Hair,3,8,28,0.1,Sephora,London,Sensitive
YUL-12448,2024-06-24,P001,Deep Sea Hair Mask,Hair,3,12,38,0.25,Sephora,Tokyo,Oily
YUL-12449,2025-08-02,P005,Ceramide Barrier Cream,Skin,2,14,42,0.0,Sephora,NYC,Oily
YUL-12450,2025-12-22,P002,Fermented Rice Serum,Skin,3,15,45,0.0,Online,Seoul,Oily
YUL-12451,2024-11-17,P002,Fermented Rice Serum,Skin,2,15,45,0.25,Flagship Store,Seoul,Oily
YUL-12452,2024-07-06,P001,Deep Sea Hair Mask,Hair,4,12,38,0.0,Sephora,Tokyo,Combination
YUL-12453,2024-12-17,P002,Fermented Rice Serum,Skin,3,15,45,0.25,Flagship Store,Seoul,Sensitive
YUL-12454,2024-06-15,P001,Deep Sea Hair Mask,Hair,3,12,38,0.0,Sephora,NYC,Dry
YUL-12455,2025-09-01,P004,Mugwort Essence,Skin,2,10,32,0.2,Flagship Store,Seoul,Oily
YUL-12456,2025-07-14,P001,Deep Sea Hair Mask,Hair,1,12,38,0.0,Flagship Store,NYC,Oily
YUL-12457,2025-10-14,P005,Ceramide Barrier Cream,Skin,4,14,42,0.25,Online,NYC,Sensitive
YUL-12458,2024-01-20,P003,Scalp Soothing Oil,Hair,4,8,28,0.0,Online,NYC,Dry
YUL-12459,2024-12-08,P005,Ceramide Barrier Cream,Skin,4,14,42,0.1,Olive Young,Seoul,Combination
YUL-12460,2025-05-20,P004,Mugwort Essence,Skin,1,10,32,0.25,Olive Young,NYC,Combination
YUL-12461,2024-12-02,P004,Mugwort Essence,Skin,4,10,32,0.1,Online,London,Sensitive
YUL-12462,2025-06-03,P003,Scalp Soothing Oil,Hair,2,8,28,0.2,Olive Young,Seoul,Sensitive
YUL-12463,2024-02-27,P003,Scalp Soothing Oil,Hair,3,8,28,0.0,Olive Young,London,Combination
YUL-12464,2025-06-30,P004,Mugwort Essence,Skin,4,10,32,0.0,Sephora,Tokyo,Sensitive
YUL-12465,2024-05-05,P002,Fermented Rice Serum,Skin,1,15,45,0.2,Flagship Store,Tokyo,Dry
YUL-12466,2024-04-01,P003,Scalp Soothing Oil,Hair,1,8,28,0.0,Flagship Store,Tokyo,Dry
YUL-12467,2025-07-08,P002,Fermented Rice Serum,Skin,1,15,45,0.1,Flagship Store,NYC,Dry
YUL-12468,2024-11-14,P003,Scalp Soothing Oil,Hair,3,8,28,0.0,Olive Young,Tokyo,Combination
YUL-12469,2024-09-11,P003,Scalp Soothing Oil,Hair,4,8,28,0.2,Olive Young,NYC,Dry
YUL-12470,2025-12-27,P002,Fermented Rice Serum,Skin,1,15,45,0.25,Flagship Store,Tokyo,Oily
YUL-12471,2025-05-11,P003,Scalp Soothing Oil,Hair,1,8,28,0.0,Olive Young,Tokyo,Sensitive
YUL-12472,2025-09-07,P004,Mugwort Essence,Skin,1,10,32,0.2,Online,Tokyo,Sensitive
YUL-12473,2025-03-03,P001,Deep Sea Hair Mask,Hair,1,12,38,0.2,Olive Young,London,Oily
YUL-12474,2025-12-16,P002,Fermented Rice Serum,Skin,3,15,45,0.0,Flagship Store,NYC,Dry
YUL-12475,2024-09-08,P004,Mugwort Essence,Skin,2,10,32,0.0,Olive Young,London,Oily
YUL-12476,2025-09-27,P005,Ceramide Barrier Cream,Skin,1,14,42,0.1,Sephora,London,Combination
YUL-12477,2025-01-19,P005,Ceramide Barrier Cream,Skin,2,14,42,0.0,Flagship Store,Tokyo,Oily
YUL-12478,2025-08-08,P005,Ceramide Barrier Cream,Skin,4,14,42,0.0,Olive Young,London,Sensitive
YUL-12479,2025-06-02,P004,Mugwort Essence,Skin,4,10,32,0.1,Olive Young,Tokyo,Oily
YUL-12480,2024-05-06,P004,Mugwort Essence,Skin,2,10,32,0.2,Online,London,Combination
YUL-12481,2025-04-21,P003,Scalp Soothing Oil,Hair,3,8,28,0.0,Sephora,London,Oily
YUL-12482,2024-11-17,P003,Scalp Soothing Oil,Hair,4,8,28,0.0,Sephora,Seoul,Combination
YUL-12483,2024-12-05,P002,Fermented Rice Serum,Skin,4,15,45,0.25,Olive Young,NYC,Oily
YUL-12484,2024-08-21,P004,Mugwort Essence,Skin,2,10,32,0.1,Flagship Store,Tokyo,Combination
YUL-12485,2025-11-08,P003,Scalp Soothing Oil,Hair,2,8,28,0.2,Online,Seoul,Oily
YUL-12486,2024-04-30,P002,Fermented Rice Serum,Skin,3,15,45,0.0,Sephora,London,Oily
YUL-12487,2024-12-23,P002,Fermented Rice Serum,Skin,4,15,45,0.0,Flagship Store,London,Dry
YUL-12488,2025-03-02,P003,Scalp Soothing Oil,Hair,2,8,28,0.25,Flagship Store,Seoul,Oily
YUL-12489,2025-05-19,P005,Ceramide Barrier Cream,Skin,2,14,42,0.2,Online,London,Oily
YUL-12490,2024-03-03,P002,Fermented Rice Serum,Skin,4,15,45,0.0,Online,NYC,Dry
YUL-12491,2025-11-28,P002,Fermented Rice Serum,Skin,4,15,45,0.0,Sephora,Tokyo,Combination
YUL-12492,2025-12-26,P005,Ceramide Barrier Cream,Skin,2,14,42,0.0,Olive Young,NYC,Dry
YUL-12493,2024-06-26,P005,Ceramide Barrier Cream,Skin,3,14,42,0.1,Olive Young,Seoul,Oily
YUL-12494,2024-03-18,P001,Deep Sea Hair Mask,Hair,3,12,38,0.0,Olive Young,Seoul,Dry
YUL-12495,2025-05-31,P002,Fermented Rice Serum,Skin,2,15,45,0.0,Flagship Store,NYC,Combination
YUL-12496,2024-01-06,P002,Fermented Rice Serum,Skin,3,15,45,0.1,Olive Young,NYC,Dry
YUL-12497,2025-07-21,P005,Ceramide Barrier Cream,Skin,4,14,42,0.2,Online,London,Sensitive
YUL-12498,2024-02-01,P005,Ceramide Barrier Cream,Skin,1,14,42,0.25,Flagship Store,Tokyo,Combination
YUL-12499,2025-11-18,P002,Fermented Rice Serum,Skin,4,15,45,0.1,Sephora,Seoul,Oily
YUL-12500,2025-04-17,P003,Scalp Soothing Oil,Hair,3,8,28,0.0,Olive Young,Seoul,Dry
YUL-12501,2024-11-09,P004,Mugwort Essence,Skin,2,10,32,0.25,Olive Young,London,Oily
YUL-12502,2025-06-13,P004,Mugwort Essence,Skin,2,10,32,0.0,Flagship Store,Tokyo,Sensitive
YUL-12503,2024-02-11,P004,Mugwort Essence,Skin,3,10,32,0.25,Olive Young,London,Oily
YUL-12504,2024-10-23,P003,Scalp Soothing Oil,Hair,4,8,28,0.25,Olive Young,Tokyo,Combination
YUL-12505,2025-01-16,P004,Mugwort Essence,Skin,1,10,32,0.25,Sephora,Tokyo,Oily
YUL-12506,2024-02-18,P003,Scalp Soothing Oil,Hair,2,8,28,0.0,Online,Seoul,Oily
YUL-12507,2025-10-06,P003,Scalp Soothing Oil,Hair,3,8,28,0.0,Flagship Store,NYC,Combination
YUL-12508,2024-02-08,P002,Fermented Rice Serum,Skin,1,15,45,0.2,Sephora,NYC,Sensitive
YUL-12509,2025-11-24,P001,Deep Sea Hair Mask,Hair,3,12,38,0.2,Sephora,Tokyo,Oily
YUL-12510,2024-03-06,P004,Mugwort Essence,Skin,1,10,32,0.1,Sephora,NYC,Oily
YUL-12511,2024-02-26,P005,Ceramide Barrier Cream,Skin,3,14,42,0.0,Online,London,Combination
YUL-12512,2025-04-12,P003,Scalp Soothing Oil,Hair,2,8,28,0.0,Olive Young,Tokyo,Sensitive
YUL-12513,2025-05-29,P001,Deep Sea Hair Mask,Hair,2,12,38,0.0,Flagship Store,London,Sensitive
YUL-12514,2024-06-24,P005,Ceramide Barrier Cream,Skin,4,14,42,0.1,Olive Young,NYC,Oily
YUL-12515,2025-06-02,P002,Fermented Rice Serum,Skin,4,15,45,0.25,Olive Young,Seoul,Combination
YUL-12516,2024-12-08,P005,Ceramide Barrier Cream,Skin,3,14,42,0.25,Sephora,Tokyo,Dry
YUL-12517,2024-03-27,P005,Ceramide Barrier Cream,Skin,1,14,42,0.1,Flagship Store,London,Sensitive
YUL-12518,2025-04-12,P004,Mugwort Essence,Skin,3,10,32,0.1,Online,Tokyo,Combination
YUL-12519,2025-10-05,P005,Ceramide Barrier Cream,Skin,2,14,42,0.2,Online,Seoul,Oily
YUL-12520,2024-01-11,P004,Mugwort Essence,Skin,4,10,32,0.25,Flagship Store,Seoul,Sensitive
YUL-12521,2024-06-23,P001,Deep Sea Hair Mask,Hair,4,12,38,0.0,Sephora,Tokyo,Dry
YUL-12522,2025-04-14,P002,Fermented Rice Serum,Skin,2,15,45,0.0,Flagship Store,London,Dry
YUL-12523,2025-05-20,P001,Deep Sea Hair Mask,Hair,1,12,38,0.0,Olive Young,London,Oily
YUL-12524,2024-09-20,P004,Mugwort Essence,Skin,1,10,32,0.1,Online,Seoul,Dry
YUL-12525,2025-06-11,P003,Scalp Soothing Oil,Hair,4,8,28,0.2,Sephora,London,Combination
YUL-12526,2024-09-11,P002,Fermented Rice Serum,Skin,2,15,45,0.1,Online,London,Combination
YUL-12527,2025-12-06,P001,Deep Sea Hair Mask,Hair,3,12,38,0.0,Online,London,Sensitive
YUL-12528,2025-09-29,P001,Deep Sea Hair Mask,Hair,4,12,38,0.25,Online,Tokyo,Sensitive
YUL-12529,2024-08-08,P001,Deep Sea Hair Mask,Hair,4,12,38,0.0,Olive Young,Seoul,Sensitive
YUL-12530,2024-07-06,P001,Deep Sea Hair Mask,Hair,4,12,38,0.0,Flagship Store,Seoul,Oily
YUL-12531,2024-09-15,P005,Ceramide Barrier Cream,Skin,2,14,42,0.2,Sephora,Tokyo,Dry
YUL-12532,2024-08-04,P002,Fermented Rice Serum,Skin,3,15,45,0.0,Sephora,Seoul,Sensitive
YUL-12533,2025-10-14,P005,Ceramide Barrier Cream,Skin,1,14,42,0.1,Olive Young,Seoul,Combination
YUL-12534,2025-03-10,P001,Deep Sea Hair Mask,Hair,1,12,38,0.0,Sephora,Seoul,Combination
YUL-12535,2025-01-02,P003,Scalp Soothing Oil,Hair,3,8,28,0.0,Sephora,Seoul,Oily
YUL-12536,2025-06-28,P001,Deep Sea Hair Mask,Hair,1,12,38,0.25,Online,Seoul,Dry
YUL-12537,2025-01-18,P004,Mugwort Essence,Skin,1,10,32,0.0,Online,Tokyo,Oily
YUL-12538,2024-12-01,P002,Fermented Rice Serum,Skin,3,15,45,0.0,Sephora,Seoul,Oily
YUL-12539,2025-03-31,P005,Ceramide Barrier Cream,Skin,1,14,42,0.0,Flagship Store,Tokyo,Dry
YUL-12540,2025-01-20,P003,Scalp Soothing Oil,Hair,4,8,28,0.25,Online,London,Sensitive
YUL-12541,2025-09-27,P004,Mugwort Essence,Skin,2,10,32,0.25,Olive Young,Seoul,Combination
YUL-12542,2025-02-25,P005,Ceramide Barrier Cream,Skin,4,14,42,0.0,Flagship Store,Tokyo,Sensitive
YUL-12543,2025-02-11,P001,Deep Sea Hair Mask,Hair,4,12,38,0.2,Sephora,Tokyo,Combination
YUL-12544,2025-05-24,P002,Fermented Rice Serum,Skin,1,15,45,0.1,Sephora,Seoul,Dry
YUL-12545,2025-08-21,P004,Mugwort Essence,Skin,1,10,32,0.0,Online,London,Sensitive
YUL-12546,2025-04-27,P001,Deep Sea Hair Mask,Hair,4,12,38,0.25,Flagship Store,NYC,Oily
YUL-12547,2024-04-30,P005,Ceramide Barrier Cream,Skin,1,14,42,0.2,Online,London,Combination
YUL-12548,2025-11-07,P001,Deep Sea Hair Mask,Hair,2,12,38,0.0,Sephora,NYC,Sensitive
YUL-12549,2025-07-31,P002,Fermented Rice Serum,Skin,2,15,45,0.0,Sephora,Tokyo,Sensitive
YUL-12550,2024-06-17,P003,Scalp Soothing Oil,Hair,2,8,28,0.0,Online,NYC,Oily
YUL-12551,2024-05-02,P003,Scalp Soothing Oil,Hair,2,8,28,0.0,Sephora,Seoul,Combination
YUL-12552,2024-11-07,P003,Scalp Soothing Oil,Hair,1,8,28,0.0,Olive Young,NYC,Sensitive
YUL-12553,2025-03-21,P001,Deep Sea Hair Mask,Hair,4,12,38,0.0,Flagship Store,Seoul,Sensitive
YUL-12554,2024-02-26,P002,Fermented Rice Serum,Skin,1,15,45,0.0,Olive Young,London,Combination
YUL-12555,2025-05-29,P003,Scalp Soothing Oil,Hair,2,8,28,0.2,Online,Seoul,Sensitive
YUL-12556,2024-11-29,P001,Deep Sea Hair Mask,Hair,1,12,38,0.25,Online,NYC,Oily
YUL-12557,2024-01-15,P005,Ceramide Barrier Cream,Skin,1,14,42,0.25,Olive Young,Seoul,Sensitive
YUL-12558,2024-11-22,P002,Fermented Rice Serum,Skin,1,15,45,0.1,Olive Young,NYC,Dry
YUL-12559,2025-09-24,P002,Fermented Rice Serum,Skin,3,15,45,0.0,Sephora,NYC,Oily
YUL-12560,2025-12-28,P003,Scalp Soothing Oil,Hair,2,8,28,0.0,Flagship Store,Tokyo,Dry
YUL-12561,2024-07-25,P003,Scalp Soothing Oil,Hair,2,8,28,0.0,Olive Young,Seoul,Dry
YUL-12562,2025-08-25,P003,Scalp Soothing Oil,Hair,3,8,28,0.25,Sephora,London,Oily
YUL-12563,2024-05-05,P001,Deep Sea Hair Mask,Hair,2,12,38,0.25,Sephora,London,Dry
YUL-12564,2024-10-15,P003,Scalp Soothing Oil,Hair,1,8,28,0.0,Olive Young,NYC,Dry
YUL-12565,2025-01-22,P005,Ceramide Barrier Cream,Skin,3,14,42,0.25,Sephora,Seoul,Oily
YUL-12566,2025-02-22,P004,Mugwort Essence,Skin,2,10,32,0.25,Sephora,NYC,Combination
YUL-12567,2024-06-25,P001,Deep Sea Hair Mask,Hair,2,12,38,0.1,Online,NYC,Dry
YUL-12568,2024-05-03,P003,Scalp Soothing Oil,Hair,3,8,28,0.0,Flagship Store,London,Dry
YUL-12569,2024-10-30,P004,Mugwort Essence,Skin,3,10,32,0.1,Olive Young,Seoul,Dry
YUL-12570,2025-09-11,P001,Deep Sea Hair Mask,Hair,3,12,38,0.0,Flagship Store,Tokyo,Combination
YUL-12571,2024-05-21,P003,Scalp Soothing Oil,Hair,3,8,28,0.0,Olive Young,Tokyo,Combination
YUL-12572,2025-01-23,P002,Fermented Rice Serum,Skin,4,15,45,0.0,Sephora,Tokyo,Dry
YUL-12573,2025-09-03,P003,Scalp Soothing Oil,Hair,1,8,28,0.25,Olive Young,London,Sensitive
YUL-12574,2025-03-03,P004,Mugwort Essence,Skin,3,10,32,0.0,Online,NYC,Dry
YUL-12575,2024-11-18,P001,Deep Sea Hair Mask,Hair,3,12,38,0.0,Flagship Store,Tokyo,Combination
YUL-12576,2024-03-27,P001,Deep Sea Hair Mask,Hair,1,12,38,0.0,Sephora,Tokyo,Combination
YUL-12577,2024-07-18,P003,Scalp Soothing Oil,Hair,1,8,28,0.25,Flagship Store,London,Combination
YUL-12578,2024-07-15,P005,Ceramide Barrier Cream,Skin,4,14,42,0.25,Online,NYC,Oily
YUL-12579,2025-08-15,P001,Deep Sea Hair Mask,Hair,1,12,38,0.2,Sephora,London,Oily
YUL-12580,2024-08-28,P002,Fermented Rice Serum,Skin,4,15,45,0.0,Online,NYC,Oily
YUL-12581,2025-03-04,P002,Fermented Rice Serum,Skin,4,15,45,0.25,Sephora,NYC,Oily
YUL-12582,2024-11-30,P001,Deep Sea Hair Mask,Hair,4,12,38,0.1,Flagship Store,Seoul,Dry
YUL-12583,2025-02-14,P004,Mugwort Essence,Skin,1,10,32,0.2,Online,Tokyo,Sensitive
YUL-12584,2025-06-01,P005,Ceramide Barrier Cream,Skin,4,14,42,0.0,Sephora,London,Oily
YUL-12585,2025-06-14,P001,Deep Sea Hair Mask,Hair,4,12,38,0.0,Flagship Store,Seoul,Dry
YUL-12586,2024-05-07,P005,Ceramide Barrier Cream,Skin,4,14,42,0.2,Flagship Store,NYC,Dry
YUL-12587,2024-10-01,P003,Scalp Soothing Oil,Hair,4,8,28,0.0,Online,NYC,Sensitive
YUL-12588,2024-08-24,P004,Mugwort Essence,Skin,3,10,32,0.2,Olive Young,London,Dry
YUL-12589,2024-09-24,P005,Ceramide Barrier Cream,Skin,2,14,42,0.0,Olive Young,Seoul,Sensitive
YUL-12590,2024-10-16,P004,Mugwort Essence,Skin,1,10,32,0.1,Olive Young,Tokyo,Oily
YUL-12591,2025-04-22,P003,Scalp Soothing Oil,Hair,4,8,28,0.1,Online,Seoul,Oily
YUL-12592,2025-08-02,P004,Mugwort Essence,Skin,3,10,32,0.0,Flagship Store,Tokyo,Dry
YUL-12593,2024-05-27,P003,Scalp Soothing Oil,Hair,2,8,28,0.0,Online,Seoul,Combination
YUL-12594,2025-04-05,P005,Ceramide Barrier Cream,Skin,4,14,42,0.2,Online,NYC,Oily
YUL-12595,2025-07-22,P004,Mugwort Essence,Skin,1,10,32,0.0,Olive Young,Seoul,Oily
YUL-12596,2024-10-13,P003,Scalp Soothing Oil,Hair,3,8,28,0.25,Flagship Store,Tokyo,Combination
YUL-12597,2025-03-22,P005,Ceramide Barrier Cream,Skin,1,14,42,0.1,Flagship Store,Tokyo,Oily
YUL-12598,2024-06-09,P001,Deep Sea Hair Mask,Hair,3,12,38,0.0,Flagship Store,London,Oily
YUL-12599,2024-08-04,P001,Deep Sea Hair Mask,Hair,3,12,38,0.25,Flagship Store,NYC,Dry
YUL-12600,2025-09-11,P001,Deep Sea Hair Mask,Hair,3,12,38,0.25,Sephora,NYC,Dry
YUL-12601,2025-06-09,P005,Ceramide Barrier Cream,Skin,4,14,42,0.0,Sephora,NYC,Dry
YUL-12602,2024-02-04,P005,Ceramide Barrier Cream,Skin,4,14,42,0.0,Olive Young,NYC,Oily
YUL-12603,2025-08-22,P004,Mugwort Essence,Skin,2,10,32,0.1,Flagship Store,NYC,Oily
YUL-12604,2025-11-24,P004,Mugwort Essence,Skin,3,10,32,0.0,Online,Seoul,Dry
YUL-12605,2024-07-06,P005,Ceramide Barrier Cream,Skin,4,14,42,0.1,Online,London,Combination
YUL-12606,2025-01-02,P004,Mugwort Essence,Skin,3,10,32,0.0,Online,London,Oily
YUL-12607,2024-05-12,P004,Mugwort Essence,Skin,1,10,32,0.0,Sephora,London,Combination
YUL-12608,2024-10-26,P005,Ceramide Barrier Cream,Skin,3,14,42,0.25,Sephora,London,Dry
YUL-12609,2024-03-07,P002,Fermented Rice Serum,Skin,1,15,45,0.0,Online,London,Sensitive
YUL-12610,2024-02-05,P003,Scalp Soothing Oil,Hair,4,8,28,0.0,Online,NYC,Dry
YUL-12611,2025-10-31,P004,Mugwort Essence,Skin,3,10,32,0.25,Flagship Store,Seoul,Combination
YUL-12612,2025-12-04,P001,Deep Sea Hair Mask,Hair,4,12,38,0.0,Olive Young,Seoul,Combination
YUL-12613,2024-07-09,P002,Fermented Rice Serum,Skin,3,15,45,0.25,Online,London,Dry
YUL-12614,2025-08-08,P004,Mugwort Essence,Skin,2,10,32,0.25,Flagship Store,Seoul,Sensitive
YUL-12615,2025-10-07,P004,Mugwort Essence,Skin,1,10,32,0.0,Sephora,London,Oily
YUL-12616,2024-03-16,P003,Scalp Soothing Oil,Hair,3,8,28,0.1,Online,NYC,Dry
YUL-12617,2024-05-01,P004,Mugwort Essence,Skin,3,10,32,0.0,Sephora,Tokyo,Dry
YUL-12618,2025-10-26,P004,Mugwort Essence,Skin,1,10,32,0.0,Flagship Store,Tokyo,Combination
YUL-12619,2025-12-03,P003,Scalp Soothing Oil,Hair,4,8,28,0.0,Olive Young,Tokyo,Oily
YUL-12620,2024-02-10,P003,Scalp Soothing Oil,Hair,4,8,28,0.0,Online,Seoul,Oily
YUL-12621,2025-11-24,P004,Mugwort Essence,Skin,3,10,32,0.2,Flagship Store,London,Dry
YUL-12622,2024-01-01,P002,Fermented Rice Serum,Skin,2,15,45,0.0,Sephora,London,Sensitive
YUL-12623,2025-08-21,P005,Ceramide Barrier Cream,Skin,1,14,42,0.0,Sephora,Seoul,Oily
YUL-12624,2025-05-15,P002,Fermented Rice Serum,Skin,2,15,45,0.1,Olive Young,Tokyo,Dry
YUL-12625,2024-11-11,P004,Mugwort Essence,Skin,1,10,32,0.1,Olive Young,NYC,Combination
YUL-12626,2024-04-09,P001,Deep Sea Hair Mask,Hair,3,12,38,0.1,Online,London,Dry
YUL-12627,2025-12-06,P002,Fermented Rice Serum,Skin,4,15,45,0.0,Online,NYC,Oily
YUL-12628,2024-10-23,P001,Deep Sea Hair Mask,Hair,2,12,38,0.25,Online,NYC,Sensitive
YUL-12629,2024-05-06,P001,Deep Sea Hair Mask,Hair,4,12,38,0.1,Online,London,Combination
YUL-12630,2024-04-04,P005,Ceramide Barrier Cream,Skin,4,14,42,0.0,Olive Young,NYC,Oily
YUL-12631,2024-03-07,P004,Mugwort Essence,Skin,4,10,32,0.1,Online,Tokyo,Sensitive
YUL-12632,2024-02-26,P005,Ceramide Barrier Cream,Skin,2,14,42,0.1,Sephora,NYC,Oily
YUL-12633,2025-04-08,P005,Ceramide Barrier Cream,Skin,2,14,42,0.0,Online,NYC,Combination
YUL-12634,2024-03-18,P002,Fermented Rice Serum,Skin,3,15,45,0.0,Online,NYC,Dry
YUL-12635,2025-03-02,P003,Scalp Soothing Oil,Hair,2,8,28,0.0,Olive Young,Seoul,Dry
YUL-12636,2025-06-19,P001,Deep Sea Hair Mask,Hair,1,12,38,0.2,Flagship Store,Seoul,Dry
YUL-12637,2025-05-16,P004,Mugwort Essence,Skin,2,10,32,0.1,Olive Young,Seoul,Oily
YUL-12638,2024-03-16,P003,Scalp Soothing Oil,Hair,3,8,28,0.0,Sephora,NYC,Sensitive
YUL-12639,2024-07-10,P001,Deep Sea Hair Mask,Hair,1,12,38,0.0,Flagship Store,London,Combination
YUL-12640,2025-05-15,P005,Ceramide Barrier Cream,Skin,1,14,42,0.0,Online,Seoul,Sensitive
YUL-12641,2024-03-13,P004,Mugwort Essence,Skin,4,10,32,0.0,Olive Young,NYC,Sensitive
YUL-12642,2025-06-24,P004,Mugwort Essence,Skin,1,10,32,0.2,Olive Young,London,Sensitive
YUL-12643,2024-11-13,P004,Mugwort Essence,Skin,2,10,32,0.2,Olive Young,NYC,Oily
YUL-12644,2025-07-27,P003,Scalp Soothing Oil,Hair,2,8,28,0.0,Olive Young,Seoul,Sensitive
YUL-12645,2025-01-31,P001,Deep Sea Hair Mask,Hair,1,12,38,0.25,Flagship Store,NYC,Sensitive
YUL-12646,2025-12-31,P002,Fermented Rice Serum,Skin,2,15,45,0.2,Flagship Store,NYC,Dry
YUL-12647,2024-05-30,P001,Deep Sea Hair Mask,Hair,4,12,38,0.25,Sephora,London,Oily
YUL-12648,2025-07-16,P003,Scalp Soothing Oil,Hair,1,8,28,0.0,Olive Young,Seoul,Combination
YUL-12649,2025-10-16,P001,Deep Sea Hair Mask,Hair,4,12,38,0.1,Olive Young,Tokyo,Combination
YUL-12650,2024-04-03,P004,Mugwort Essence,Skin,1,10,32,0.0,Flagship Store,Tokyo,Combination
YUL-12651,2024-03-12,P004,Mugwort Essence,Skin,3,10,32,0.0,Olive Young,Seoul,Dry
YUL-12652,2025-10-23,P001,Deep Sea Hair Mask,Hair,3,12,38,0.25,Online,NYC,Combination
YUL-12653,2025-11-04,P001,Deep Sea Hair Mask,Hair,2,12,38,0.25,Olive Young,Tokyo,Oily
YUL-12654,2024-05-29,P005,Ceramide Barrier Cream,Skin,4,14,42,0.0,Sephora,NYC,Dry
YUL-12655,2025-07-23,P002,Fermented Rice Serum,Skin,4,15,45,0.1,Olive Young,NYC,Combination
YUL-12656,2024-10-13,P005,Ceramide Barrier Cream,Skin,2,14,42,0.2,Sephora,NYC,Sensitive
YUL-12657,2025-11-17,P003,Scalp Soothing Oil,Hair,4,8,28,0.2,Sephora,NYC,Oily
YUL-12658,2024-12-11,P001,Deep Sea Hair Mask,Hair,3,12,38,0.0,Flagship Store,Tokyo,Oily
YUL-12659,2024-02-23,P005,Ceramide Barrier Cream,Skin,1,14,42,0.25,Sephora,Tokyo,Oily
YUL-12660,2025-02-22,P004,Mugwort Essence,Skin,3,10,32,0.25,Sephora,London,Combination
YUL-12661,2024-10-09,P001,Deep Sea Hair Mask,Hair,3,12,38,0.0,Olive Young,London,Oily
YUL-12662,2025-05-07,P003,Scalp Soothing Oil,Hair,2,8,28,0.25,Flagship Store,Seoul,Sensitive
YUL-12663,2024-10-15,P003,Scalp Soothing Oil,Hair,1,8,28,0.2,Sephora,NYC,Sensitive
YUL-12664,2024-04-14,P005,Ceramide Barrier Cream,Skin,2,14,42,0.0,Sephora,London,Sensitive
YUL-12665,2025-03-03,P001,Deep Sea Hair Mask,Hair,1,12,38,0.0,Flagship Store,NYC,Combination
YUL-12666,2024-08-23,P005,Ceramide Barrier Cream,Skin,3,14,42,0.0,Flagship Store,Tokyo,Dry
YUL-12667,2025-10-10,P003,Scalp Soothing Oil,Hair,2,8,28,0.2,Sephora,NYC,Dry
YUL-12668,2024-01-06,P002,Fermented Rice Serum,Skin,2,15,45,0.0,Online,NYC,Sensitive
YUL-12669,2024-02-12,P002,Fermented Rice Serum,Skin,2,15,45,0.0,Sephora,Tokyo,Sensitive
YUL-12670,2025-02-15,P005,Ceramide Barrier Cream,Skin,3,14,42,0.0,Online,NYC,Combination
YUL-12671,2025-01-26,P001,Deep Sea Hair Mask,Hair,1,12,38,0.0,Flagship Store,Tokyo,Sensitive
YUL-12672,2025-04-08,P004,Mugwort Essence,Skin,2,10,32,0.2,Online,London,Dry
YUL-12673,2024-11-17,P002,Fermented Rice Serum,Skin,2,15,45,0.2,Olive Young,Tokyo,Dry
YUL-12674,2024-11-16,P005,Ceramide Barrier Cream,Skin,1,14,42,0.0,Olive Young,Tokyo,Sensitive
YUL-12675,2025-05-01,P004,Mugwort Essence,Skin,2,10,32,0.0,Olive Young,London,Oily
YUL-12676,2024-02-07,P005,Ceramide Barrier Cream,Skin,4,14,42,0.2,Olive Young,Tokyo,Combination
YUL-12677,2024-03-31,P001,Deep Sea Hair Mask,Hair,3,12,38,0.1,Sephora,NYC,Sensitive
YUL-12678,2025-05-09,P003,Scalp Soothing Oil,Hair,1,8,28,0.1,Sephora,Tokyo,Combination
YUL-12679,2025-07-14,P001,Deep Sea Hair Mask,Hair,1,12,38,0.0,Olive Young,Seoul,Combination
YUL-12680,2024-12-17,P002,Fermented Rice Serum,Skin,1,15,45,0.0,Olive Young,Seoul,Combination
YUL-12681,2024-12-22,P004,Mugwort Essence,Skin,3,10,32,0.0,Sephora,Seoul,Dry
YUL-12682,2025-02-11,P003,Scalp Soothing Oil,Hair,3,8,28,0.2,Sephora,Seoul,Oily
YUL-12683,2025-02-13,P001,Deep Sea Hair Mask,Hair,2,12,38,0.0,Online,NYC,Combination
YUL-12684,2024-02-07,P004,Mugwort Essence,Skin,1,10,32,0.2,Online,Seoul,Combination
YUL-12685,2024-11-25,P005,Ceramide Barrier Cream,Skin,4,14,42,0.0,Flagship Store,London,Combination
YUL-12686,2024-10-11,P002,Fermented Rice Serum,Skin,1,15,45,0.0,Olive Young,London,Sensitive
YUL-12687,2024-11-09,P003,Scalp Soothing Oil,Hair,1,8,28,0.0,Online,Seoul,Combination
YUL-12688,2025-09-30,P003,Scalp Soothing Oil,Hair,4,8,28,0.0,Flagship Store,Seoul,Dry
YUL-12689,2025-02-15,P002,Fermented Rice Serum,Skin,2,15,45,0.25,Olive Young,Tokyo,Oily
YUL-12690,2024-05-02,P003,Scalp Soothing Oil,Hair,3,8,28,0.25,Online,London,Oily
YUL-12691,2025-02-04,P005,Ceramide Barrier Cream,Skin,1,14,42,0.0,Olive Young,Seoul,Sensitive
YUL-12692,2025-01-25,P001,Deep Sea Hair Mask,Hair,2,12,38,0.2,Flagship Store,Seoul,Sensitive
YUL-12693,2024-04-13,P002,Fermented Rice Serum,Skin,1,15,45,0.1,Sephora,London,Oily
YUL-12694,2024-02-19,P003,Scalp Soothing Oil,Hair,1,8,28,0.0,Olive Young,London,Combination
YUL-12695,2025-05-02,P004,Mugwort Essence,Skin,2,10,32,0.0,Olive Young,London,Dry
YUL-12696,2024-08-13,P001,Deep Sea Hair Mask,Hair,3,12,38,0.1,Flagship Store,Tokyo,Dry
YUL-12697,2024-11-24,P003,Scalp Soothing Oil,Hair,2,8,28,0.1,Olive Young,Seoul,Combination
YUL-12698,2025-10-23,P003,Scalp Soothing Oil,Hair,1,8,28,0.1,Sephora,Tokyo,Combination
YUL-12699,2024-01-04,P004,Mugwort Essence,Skin,4,10,32,0.2,Online,Seoul,Combination
YUL-12700,2024-04-11,P002,Fermented Rice Serum,Skin,1,15,45,0.2,Online,Seoul,Combination
YUL-12701,2024-04-04,P001,Deep Sea Hair Mask,Hair,1,12,38,0.25,Sephora,NYC,Oily
YUL-12702,2025-09-18,P005,Ceramide Barrier Cream,Skin,4,14,42,0.0,Flagship Store,NYC,Sensitive
YUL-12703,2025-01-29,P002,Fermented Rice Serum,Skin,1,15,45,0.0,Flagship Store,Seoul,Oily
YUL-12704,2025-01-24,P002,Fermented Rice Serum,Skin,2,15,45,0.0,Online,Seoul,Oily
YUL-12705,2024-05-11,P004,Mugwort Essence,Skin,1,10,32,0.0,Olive Young,London,Sensitive
YUL-12706,2024-06-29,P003,Scalp Soothing Oil,Hair,4,8,28,0.25,Olive Young,London,Dry
YUL-12707,2025-10-23,P001,Deep Sea Hair Mask,Hair,3,12,38,0.0,Olive Young,London,Dry
YUL-12708,2025-01-10,P003,Scalp Soothing Oil,Hair,1,8,28,0.0,Olive Young,Tokyo,Sensitive
YUL-12709,2025-01-26,P001,Deep Sea Hair Mask,Hair,3,12,38,0.2,Online,Tokyo,Oily
YUL-12710,2024-05-17,P003,Scalp Soothing Oil,Hair,3,8,28,0.0,Olive Young,NYC,Sensitive
YUL-12711,2025-11-16,P003,Scalp Soothing Oil,Hair,4,8,28,0.0,Sephora,London,Oily
YUL-12712,2025-08-11,P002,Fermented Rice Serum,Skin,3,15,45,0.2,Flagship Store,London,Dry
YUL-12713,2024-01-29,P002,Fermented Rice Serum,Skin,1,15,45,0.0,Flagship Store,London,Dry
YUL-12714,2025-02-12,P002,Fermented Rice Serum,Skin,1,15,45,0.25,Olive Young,London,Sensitive
YUL-12715,2024-03-04,P001,Deep Sea Hair Mask,Hair,1,12,38,0.25,Online,London,Combination
YUL-12716,2025-12-07,P004,Mugwort Essence,Skin,1,10,32,0.25,Olive Young,NYC,Dry
YUL-12717,2024-03-21,P004,Mugwort Essence,Skin,4,10,32,0.0,Sephora,Seoul,Dry
YUL-12718,2024-02-12,P005,Ceramide Barrier Cream,Skin,1,14,42,0.1,Olive Young,Tokyo,Sensitive
YUL-12719,2024-05-14,P002,Fermented Rice Serum,Skin,3,15,45,0.25,Sephora,Seoul,Oily
YUL-12720,2025-10-06,P001,Deep Sea Hair Mask,Hair,4,12,38,0.1,Sephora,Tokyo,Sensitive
YUL-12721,2025-07-08,P004,Mugwort Essence,Skin,3,10,32,0.25,Flagship Store,NYC,Combination
YUL-12722,2024-08-30,P002,Fermented Rice Serum,Skin,3,15,45,0.1,Olive Young,Tokyo,Combination
YUL-12723,2024-02-09,P001,Deep Sea Hair Mask,Hair,1,12,38,0.0,Olive Young,London,Dry
YUL-12724,2025-04-19,P002,Fermented Rice Serum,Skin,3,15,45,0.2,Flagship Store,Tokyo,Dry
YUL-12725,2024-10-22,P003,Scalp Soothing Oil,Hair,3,8,28,0.2,Flagship Store,London,Sensitive
YUL-12726,2024-10-25,P003,Scalp Soothing Oil,Hair,1,8,28,0.0,Online,NYC,Oily
YUL-12727,2025-02-13,P005,Ceramide Barrier Cream,Skin,4,14,42,0.2,Flagship Store,NYC,Combination
YUL-12728,2024-05-07,P003,Scalp Soothing Oil,Hair,1,8,28,0.1,Olive Young,NYC,Oily
YUL-12729,2024-10-07,P005,Ceramide Barrier Cream,Skin,2,14,42,0.2,Online,Tokyo,Dry
YUL-12730,2025-05-25,P002,Fermented Rice Serum,Skin,1,15,45,0.2,Sephora,London,Sensitive
YUL-12731,2024-04-17,P001,Deep Sea Hair Mask,Hair,3,12,38,0.0,Olive Young,Seoul,Oily
YUL-12732,2024-08-08,P001,Deep Sea Hair Mask,Hair,1,12,38,0.1,Online,NYC,Sensitive
YUL-12733,2025-08-10,P001,Deep Sea Hair Mask,Hair,3,12,38,0.0,Online,Tokyo,Dry
YUL-12734,2025-03-18,P005,Ceramide Barrier Cream,Skin,3,14,42,0.25,Flagship Store,NYC,Dry
YUL-12735,2024-04-21,P003,Scalp Soothing Oil,Hair,4,8,28,0.0,Flagship Store,London,Sensitive
YUL-12736,2025-06-23,P002,Fermented Rice Serum,Skin,3,15,45,0.0,Olive Young,Seoul,Sensitive
YUL-12737,2025-12-03,P001,Deep Sea Hair Mask,Hair,4,12,38,0.0,Sephora,Seoul,Combination
YUL-12738,2024-06-27,P005,Ceramide Barrier Cream,Skin,1,14,42,0.0,Flagship Store,Tokyo,Sensitive
YUL-12739,2024-03-15,P003,Scalp Soothing Oil,Hair,1,8,28,0.2,Sephora,Seoul,Dry
YUL-12740,2024-05-05,P003,Scalp Soothing Oil,Hair,1,8,28,0.2,Olive Young,Seoul,Oily
YUL-12741,2025-04-25,P002,Fermented Rice Serum,Skin,1,15,45,0.0,Online,Seoul,Sensitive
YUL-12742,2025-02-28,P002,Fermented Rice Serum,Skin,4,15,45,0.25,Online,London,Sensitive
YUL-12743,2024-09-02,P004,Mugwort Essence,Skin,4,10,32,0.2,Flagship Store,NYC,Dry
YUL-12744,2025-04-05,P003,Scalp Soothing Oil,Hair,3,8,28,0.0,Flagship Store,Tokyo,Oily
YUL-12745,2024-03-06,P004,Mugwort Essence,Skin,1,10,32,0.0,Flagship Store,NYC,Combination
YUL-12746,2025-12-19,P002,Fermented Rice Serum,Skin,3,15,45,0.25,Online,Tokyo,Sensitive
YUL-12747,2024-01-02,P001,Deep Sea Hair Mask,Hair,4,12,38,0.0,Olive Young,Tokyo,Oily
YUL-12748,2025-04-14,P001,Deep Sea Hair Mask,Hair,3,12,38,0.25,Flagship Store,London,Combination
YUL-12749,2024-02-14,P001,Deep Sea Hair Mask,Hair,1,12,38,0.0,Flagship Store,Tokyo,Dry
YUL-12750,2024-09-13,P004,Mugwort Essence,Skin,1,10,32,0.0,Sephora,Seoul,Sensitive
YUL-12751,2024-12-25,P003,Scalp Soothing Oil,Hair,4,8,28,0.2,Olive Young,London,Sensitive
YUL-12752,2025-04-19,P003,Scalp Soothing Oil,Hair,3,8,28,0.0,Sephora,Tokyo,Oily
YUL-12753,2024-10-06,P005,Ceramide Barrier Cream,Skin,4,14,42,0.0,Online,NYC,Combination
YUL-12754,2025-02-16,P005,Ceramide Barrier Cream,Skin,4,14,42,0.0,Sephora,Seoul,Combination
YUL-12755,2025-10-11,P001,Deep Sea Hair Mask,Hair,1,12,38,0.0,Online,NYC,Dry
YUL-12756,2025-05-03,P001,Deep Sea Hair Mask,Hair,3,12,38,0.0,Olive Young,Seoul,Oily
YUL-12757,2024-03-19,P002,Fermented Rice Serum,Skin,2,15,45,0.25,Sephora,NYC,Dry
YUL-12758,2025-11-16,P001,Deep Sea Hair Mask,Hair,4,12,38,0.25,Olive Young,Tokyo,Oily
YUL-12759,2025-02-03,P001,Deep Sea Hair Mask,Hair,1,12,38,0.2,Sephora,Tokyo,Sensitive
YUL-12760,2024-03-23,P002,Fermented Rice Serum,Skin,3,15,45,0.25,Flagship Store,NYC,Sensitive
YUL-12761,2024-11-05,P004,Mugwort Essence,Skin,1,10,32,0.1,Sephora,Tokyo,Sensitive
YUL-12762,2025-09-01,P005,Ceramide Barrier Cream,Skin,2,14,42,0.1,Flagship Store,Seoul,Oily
YUL-12763,2025-01-28,P002,Fermented Rice Serum,Skin,4,15,45,0.0,Flagship Store,Seoul,Sensitive
YUL-12764,2025-08-21,P001,Deep Sea Hair Mask,Hair,2,12,38,0.0,Olive Young,Seoul,Sensitive
YUL-12765,2024-05-31,P003,Scalp Soothing Oil,Hair,4,8,28,0.0,Flagship Store,London,Sensitive
YUL-12766,2025-08-30,P002,Fermented Rice Serum,Skin,2,15,45,0.0,Flagship Store,NYC,Sensitive
YUL-12767,2024-05-13,P004,Mugwort Essence,Skin,1,10,32,0.0,Flagship Store,Tokyo,Oily
YUL-12768,2025-01-23,P002,Fermented Rice Serum,Skin,4,15,45,0.0,Sephora,London,Sensitive
YUL-12769,2024-04-11,P003,Scalp Soothing Oil,Hair,1,8,28,0.0,Flagship Store,Tokyo,Combination
YUL-12770,2024-05-12,P003,Scalp Soothing Oil,Hair,1,8,28,0.2,Sephora,London,Sensitive
YUL-12771,2024-11-05,P004,Mugwort Essence,Skin,4,10,32,0.0,Online,Tokyo,Oily
YUL-12772,2024-06-29,P003,Scalp Soothing Oil,Hair,1,8,28,0.0,Online,Tokyo,Oily
YUL-12773,2024-07-25,P001,Deep Sea Hair Mask,Hair,1,12,38,0.25,Online,Tokyo,Combination
YUL-12774,2024-11-29,P004,Mugwort Essence,Skin,3,10,32,0.0,Olive Young,London,Sensitive
YUL-12775,2024-02-17,P004,Mugwort Essence,Skin,4,10,32,0.0,Olive Young,Tokyo,Dry
YUL-12776,2024-02-12,P001,Deep Sea Hair Mask,Hair,3,12,38,0.0,Sephora,Seoul,Sensitive
YUL-12777,2025-05-24,P004,Mugwort Essence,Skin,4,10,32,0.2,Online,NYC,Sensitive
YUL-12778,2025-01-18,P001,Deep Sea Hair Mask,Hair,1,12,38,0.25,Olive Young,Tokyo,Sensitive
YUL-12779,2024-06-15,P004,Mugwort Essence,Skin,2,10,32,0.0,Flagship Store,Seoul,Oily
YUL-12780,2025-11-16,P002,Fermented Rice Serum,Skin,4,15,45,0.1,Online,NYC,Combination
YUL-12781,2025-02-14,P005,Ceramide Barrier Cream,Skin,1,14,42,0.25,Sephora,London,Dry
YUL-12782,2024-05-04,P002,Fermented Rice Serum,Skin,1,15,45,0.0,Sephora,Seoul,Combination
YUL-12783,2024-03-25,P003,Scalp Soothing Oil,Hair,3,8,28,0.0,Olive Young,NYC,Sensitive
YUL-12784,2025-09-25,P005,Ceramide Barrier Cream,Skin,3,14,42,0.25,Sephora,London,Sensitive
YUL-12785,2024-04-10,P005,Ceramide Barrier Cream,Skin,2,14,42,0.0,Olive Young,NYC,Dry
YUL-12786,2025-01-27,P004,Mugwort Essence,Skin,3,10,32,0.0,Online,Seoul,Combination
YUL-12787,2024-06-13,P002,Fermented Rice Serum,Skin,2,15,45,0.25,Sephora,NYC,Sensitive
YUL-12788,2024-10-31,P004,Mugwort Essence,Skin,2,10,32,0.0,Online,London,Combination
YUL-12789,2024-06-16,P005,Ceramide Barrier Cream,Skin,4,14,42,0.0,Online,London,Combination
YUL-12790,2025-07-07,P005,Ceramide Barrier Cream,Skin,4,14,42,0.2,Olive Young,London,Combination
YUL-12791,2024-02-03,P001,Deep Sea Hair Mask,Hair,1,12,38,0.0,Online,NYC,Dry
YUL-12792,2025-11-16,P001,Deep Sea Hair Mask,Hair,3,12,38,0.25,Online,Tokyo,Sensitive
YUL-12793,2024-07-12,P003,Scalp Soothing Oil,Hair,1,8,28,0.0,Sephora,London,Combination
YUL-12794,2024-04-03,P002,Fermented Rice Serum,Skin,3,15,45,0.2,Olive Young,NYC,Combination
YUL-12795,2025-10-16,P003,Scalp Soothing Oil,Hair,2,8,28,0.0,Olive Young,Tokyo,Sensitive
YUL-12796,2024-12-01,P002,Fermented Rice Serum,Skin,3,15,45,0.0,Sephora,Seoul,Dry
YUL-12797,2025-03-22,P005,Ceramide Barrier Cream,Skin,4,14,42,0.2,Online,Tokyo,Dry
YUL-12798,2024-07-31,P002,Fermented Rice Serum,Skin,3,15,45,0.0,Flagship Store,Tokyo,Oily
YUL-12799,2024-12-02,P004,Mugwort Essence,Skin,1,10,32,0.0,Online,London,Sensitive
YUL-12800,2024-12-06,P001,Deep Sea Hair Mask,Hair,4,12,38,0.0,Online,Tokyo,Sensitive
YUL-12801,2024-05-06,P001,Deep Sea Hair Mask,Hair,4,12,38,0.0,Olive Young,Seoul,Sensitive
YUL-12802,2024-06-08,P001,Deep Sea Hair Mask,Hair,1,12,38,0.2,Flagship Store,Tokyo,Sensitive
YUL-12803,2024-07-16,P005,Ceramide Barrier Cream,Skin,3,14,42,0.1,Sephora,Seoul,Combination
YUL-12804,2025-09-06,P003,Scalp Soothing Oil,Hair,4,8,28,0.25,Olive Young,London,Sensitive
YUL-12805,2024-04-12,P001,Deep Sea Hair Mask,Hair,3,12,38,0.0,Sephora,NYC,Dry
YUL-12806,2025-04-28,P001,Deep Sea Hair Mask,Hair,3,12,38,0.1,Olive Young,NYC,Oily
YUL-12807,2025-04-11,P003,Scalp Soothing Oil,Hair,1,8,28,0.0,Online,Seoul,Oily
YUL-12808,2025-01-05,P001,Deep Sea Hair Mask,Hair,4,12,38,0.0,Online,NYC,Combination
YUL-12809,2025-11-14,P002,Fermented Rice Serum,Skin,2,15,45,0.25,Online,London,Dry
YUL-12810,2025-08-19,P003,Scalp Soothing Oil,Hair,3,8,28,0.0,Online,London,Oily
YUL-12811,2024-05-30,P002,Fermented Rice Serum,Skin,2,15,45,0.0,Online,Seoul,Combination
YUL-12812,2025-02-02,P004,Mugwort Essence,Skin,4,10,32,0.0,Sephora,Tokyo,Oily
YUL-12813,2024-12-12,P003,Scalp Soothing Oil,Hair,2,8,28,0.0,Olive Young,NYC,Oily
YUL-12814,2025-11-30,P005,Ceramide Barrier Cream,Skin,3,14,42,0.0,Flagship Store,Seoul,Combination
YUL-12815,2025-02-12,P001,Deep Sea Hair Mask,Hair,4,12,38,0.2,Sephora,Seoul,Sensitive
YUL-12816,2024-12-30,P005,Ceramide Barrier Cream,Skin,3,14,42,0.1,Sephora,Seoul,Dry
YUL-12817,2024-06-12,P004,Mugwort Essence,Skin,3,10,32,0.1,Flagship Store,London,Oily
YUL-12818,2025-09-09,P005,Ceramide Barrier Cream,Skin,3,14,42,0.0,Olive Young,NYC,Sensitive
YUL-12819,2025-10-15,P004,Mugwort Essence,Skin,4,10,32,0.2,Flagship Store,London,Combination
YUL-12820,2024-01-06,P001,Deep Sea Hair Mask,Hair,2,12,38,0.0,Flagship Store,Seoul,Oily
YUL-12821,2025-07-26,P003,Scalp Soothing Oil,Hair,4,8,28,0.0,Flagship Store,NYC,Combination
YUL-12822,2024-09-17,P004,Mugwort Essence,Skin,1,10,32,0.1,Online,Seoul,Sensitive
YUL-12823,2024-12-06,P003,Scalp Soothing Oil,Hair,1,8,28,0.0,Online,Tokyo,Dry
YUL-12824,2024-06-08,P004,Mugwort Essence,Skin,4,10,32,0.2,Online,London,Dry
YUL-12825,2025-10-03,P002,Fermented Rice Serum,Skin,1,15,45,0.0,Sephora,London,Dry
YUL-12826,2025-04-16,P001,Deep Sea Hair Mask,Hair,3,12,38,0.2,Flagship Store,London,Dry
YUL-12827,2025-05-14,P002,Fermented Rice Serum,Skin,4,15,45,0.25,Sephora,NYC,Combination
YUL-12828,2025-02-11,P003,Scalp Soothing Oil,Hair,3,8,28,0.0,Online,London,Dry
YUL-12829,2025-12-16,P005,Ceramide Barrier Cream,Skin,2,14,42,0.1,Sephora,NYC,Combination
YUL-12830,2024-09-25,P004,Mugwort Essence,Skin,3,10,32,0.0,Flagship Store,London,Combination
YUL-12831,2025-10-17,P003,Scalp Soothing Oil,Hair,3,8,28,0.1,Olive Young,London,Combination
YUL-12832,2025-05-01,P003,Scalp Soothing Oil,Hair,3,8,28,0.0,Olive Young,NYC,Sensitive
YUL-12833,2025-05-22,P004,Mugwort Essence,Skin,3,10,32,0.0,Olive Young,Seoul,Dry
YUL-12834,2024-09-04,P003,Scalp Soothing Oil,Hair,3,8,28,0.0,Flagship Store,NYC,Oily
YUL-12835,2024-07-03,P003,Scalp Soothing Oil,Hair,3,8,28,0.2,Sephora,Tokyo,Oily
YUL-12836,2025-05-28,P004,Mugwort Essence,Skin,3,10,32,0.0,Sephora,Tokyo,Sensitive
YUL-12837,2024-01-08,P003,Scalp Soothing Oil,Hair,4,8,28,0.0,Flagship Store,Seoul,Sensitive
YUL-12838,2025-08-08,P004,Mugwort Essence,Skin,1,10,32,0.0,Olive Young,London,Oily
YUL-12839,2024-07-16,P005,Ceramide Barrier Cream,Skin,2,14,42,0.0,Flagship Store,London,Combination
YUL-12840,2025-09-20,P002,Fermented Rice Serum,Skin,4,15,45,0.0,Online,London,Oily
YUL-12841,2024-08-31,P003,Scalp Soothing Oil,Hair,4,8,28,0.2,Olive Young,NYC,Combination
YUL-12842,2025-02-12,P002,Fermented Rice Serum,Skin,3,15,45,0.0,Flagship Store,Tokyo,Sensitive
YUL-12843,2025-12-25,P002,Fermented Rice Serum,Skin,1,15,45,0.1,Flagship Store,Seoul,Oily
YUL-12844,2025-12-25,P004,Mugwort Essence,Skin,2,10,32,0.2,Online,London,Dry
YUL-12845,2024-11-25,P004,Mugwort Essence,Skin,2,10,32,0.0,Flagship Store,London,Dry
YUL-12846,2025-04-13,P003,Scalp Soothing Oil,Hair,2,8,28,0.2,Sephora,Tokyo,Sensitive
YUL-12847,2025-08-19,P001,Deep Sea Hair Mask,Hair,1,12,38,0.0,Olive Young,NYC,Oily
YUL-12848,2024-06-15,P002,Fermented Rice Serum,Skin,2,15,45,0.1,Online,London,Oily
YUL-12849,2024-06-21,P003,Scalp Soothing Oil,Hair,1,8,28,0.25,Online,NYC,Dry
YUL-12850,2025-08-06,P005,Ceramide Barrier Cream,Skin,3,14,42,0.2,Flagship Store,London,Combination
YUL-12851,2024-02-26,P005,Ceramide Barrier Cream,Skin,4,14,42,0.1,Flagship Store,Seoul,Oily
YUL-12852,2024-02-08,P003,Scalp Soothing Oil,Hair,2,8,28,0.25,Flagship Store,London,Oily
YUL-12853,2025-10-26,P004,Mugwort Essence,Skin,4,10,32,0.0,Olive Young,Seoul,Sensitive
YUL-12854,2025-01-05,P003,Scalp Soothing Oil,Hair,1,8,28,0.0,Sephora,NYC,Sensitive
YUL-12855,2025-05-15,P001,Deep Sea Hair Mask,Hair,1,12,38,0.0,Flagship Store,NYC,Combination
YUL-12856,2024-07-02,P005,Ceramide Barrier Cream,Skin,2,14,42,0.0,Flagship Store,NYC,Dry
YUL-12857,2025-01-17,P001,Deep Sea Hair Mask,Hair,3,12,38,0.0,Online,Seoul,Oily
YUL-12858,2025-04-28,P002,Fermented Rice Serum,Skin,3,15,45,0.2,Sephora,NYC,Combination
YUL-12859,2025-02-01,P001,Deep Sea Hair Mask,Hair,1,12,38,0.1,Olive Young,NYC,Dry
YUL-12860,2024-07-09,P005,Ceramide Barrier Cream,Skin,4,14,42,0.2,Olive Young,London,Dry
YUL-12861,2024-11-06,P002,Fermented Rice Serum,Skin,4,15,45,0.0,Online,Seoul,Sensitive
YUL-12862,2025-03-03,P002,Fermented Rice Serum,Skin,2,15,45,0.0,Olive Young,Tokyo,Combination
YUL-12863,2024-01-04,P005,Ceramide Barrier Cream,Skin,2,14,42,0.25,Olive Young,NYC,Oily
YUL-12864,2024-11-26,P005,Ceramide Barrier Cream,Skin,4,14,42,0.0,Olive Young,Tokyo,Oily
YUL-12865,2024-09-09,P002,Fermented Rice Serum,Skin,3,15,45,0.25,Flagship Store,NYC,Dry
YUL-12866,2024-06-06,P005,Ceramide Barrier Cream,Skin,4,14,42,0.0,Flagship Store,Tokyo,Combination
YUL-12867,2024-12-15,P003,Scalp Soothing Oil,Hair,4,8,28,0.25,Flagship Store,London,Oily
YUL-12868,2024-02-26,P002,Fermented Rice Serum,Skin,4,15,45,0.1,Olive Young,Seoul,Combination
YUL-12869,2025-12-04,P002,Fermented Rice Serum,Skin,2,15,45,0.0,Olive Young,Tokyo,Oily
YUL-12870,2025-04-19,P005,Ceramide Barrier Cream,Skin,3,14,42,0.25,Online,London,Sensitive
YUL-12871,2025-02-12,P001,Deep Sea Hair Mask,Hair,4,12,38,0.0,Sephora,Tokyo,Oily
YUL-12872,2024-11-20,P005,Ceramide Barrier Cream,Skin,1,14,42,0.0,Sephora,Seoul,Dry
YUL-12873,2025-09-17,P005,Ceramide Barrier Cream,Skin,2,14,42,0.0,Sephora,Seoul,Combination
YUL-12874,2024-02-29,P002,Fermented Rice Serum,Skin,3,15,45,0.0,Sephora,Tokyo,Sensitive
YUL-12875,2024-08-18,P004,Mugwort Essence,Skin,4,10,32,0.0,Flagship Store,London,Sensitive
YUL-12876,2025-02-12,P002,Fermented Rice Serum,Skin,3,15,45,0.0,Olive Young,Tokyo,Combination
YUL-12877,2025-08-13,P003,Scalp Soothing Oil,Hair,3,8,28,0.25,Flagship Store,London,Dry
YUL-12878,2025-07-10,P005,Ceramide Barrier Cream,Skin,2,14,42,0.0,Online,Tokyo,Combination
YUL-12879,2025-10-17,P002,Fermented Rice Serum,Skin,2,15,45,0.0,Olive Young,NYC,Oily
YUL-12880,2024-06-10,P002,Fermented Rice Serum,Skin,3,15,45,0.1,Olive Young,Tokyo,Dry
YUL-12881,2024-08-16,P001,Deep Sea Hair Mask,Hair,1,12,38,0.0,Olive Young,NYC,Oily
YUL-12882,2024-02-20,P002,Fermented Rice Serum,Skin,3,15,45,0.0,Online,Seoul,Dry
YUL-12883,2025-05-21,P004,Mugwort Essence,Skin,4,10,32,0.25,Online,London,Combination
YUL-12884,2025-07-18,P003,Scalp Soothing Oil,Hair,4,8,28,0.0,Sephora,London,Combination
YUL-12885,2024-09-16,P002,Fermented Rice Serum,Skin,3,15,45,0.25,Online,Tokyo,Oily
YUL-12886,2024-01-05,P002,Fermented Rice Serum,Skin,4,15,45,0.25,Sephora,Tokyo,Sensitive
YUL-12887,2024-04-12,P004,Mugwort Essence,Skin,1,10,32,0.1,Olive Young,NYC,Sensitive
YUL-12888,2024-09-18,P002,Fermented Rice Serum,Skin,3,15,45,0.0,Online,London,Sensitive
YUL-12889,2024-11-12,P004,Mugwort Essence,Skin,4,10,32,0.0,Online,NYC,Dry
YUL-12890,2024-10-04,P005,Ceramide Barrier Cream,Skin,2,14,42,0.2,Online,NYC,Combination
YUL-12891,2024-04-03,P004,Mugwort Essence,Skin,4,10,32,0.0,Sephora,Tokyo,Oily
YUL-12892,2025-05-04,P004,Mugwort Essence,Skin,4,10,32,0.1,Olive Young,London,Oily
YUL-12893,2025-02-19,P005,Ceramide Barrier Cream,Skin,2,14,42,0.2,Online,London,Sensitive
YUL-12894,2025-07-02,P002,Fermented Rice Serum,Skin,3,15,45,0.2,Flagship Store,Tokyo,Oily
YUL-12895,2025-12-14,P001,Deep Sea Hair Mask,Hair,3,12,38,0.0,Olive Young,Tokyo,Sensitive
YUL-12896,2025-02-14,P004,Mugwort Essence,Skin,3,10,32,0.1,Flagship Store,London,Oily
YUL-12897,2025-01-10,P001,Deep Sea Hair Mask,Hair,2,12,38,0.1,Sephora,NYC,Combination
YUL-12898,2025-07-19,P003,Scalp Soothing Oil,Hair,3,8,28,0.0,Online,NYC,Sensitive
YUL-12899,2025-12-22,P003,Scalp Soothing Oil,Hair,3,8,28,0.0,Online,Seoul,Dry
YUL-12900,2025-11-10,P001,Deep Sea Hair Mask,Hair,3,12,38,0.2,Online,Seoul,Oily
YUL-12901,2025-03-07,P003,Scalp Soothing Oil,Hair,1,8,28,0.0,Sephora,Seoul,Sensitive
YUL-12902,2024-04-22,P001,Deep Sea Hair Mask,Hair,3,12,38,0.0,Sephora,NYC,Sensitive
YUL-12903,2025-12-14,P002,Fermented Rice Serum,Skin,3,15,45,0.2,Online,London,Combination
YUL-12904,2024-10-28,P002,Fermented Rice Serum,Skin,1,15,45,0.2,Sephora,Tokyo,Oily
YUL-12905,2024-10-06,P003,Scalp Soothing Oil,Hair,2,8,28,0.0,Flagship Store,NYC,Dry
YUL-12906,2025-04-02,P002,Fermented Rice Serum,Skin,1,15,45,0.25,Flagship Store,London,Oily
YUL-12907,2025-04-25,P005,Ceramide Barrier Cream,Skin,1,14,42,0.2,Online,Tokyo,Dry
YUL-12908,2024-02-29,P001,Deep Sea Hair Mask,Hair,3,12,38,0.25,Sephora,Seoul,Sensitive
YUL-12909,2024-01-23,P001,Deep Sea Hair Mask,Hair,3,12,38,0.25,Olive Young,London,Oily
YUL-12910,2025-08-08,P002,Fermented Rice Serum,Skin,1,15,45,0.0,Sephora,NYC,Oily
YUL-12911,2024-12-02,P001,Deep Sea Hair Mask,Hair,3,12,38,0.25,Flagship Store,Seoul,Oily
YUL-12912,2025-07-30,P004,Mugwort Essence,Skin,2,10,32,0.0,Flagship Store,NYC,Sensitive
YUL-12913,2024-09-02,P002,Fermented Rice Serum,Skin,2,15,45,0.0,Sephora,Tokyo,Dry
YUL-12914,2024-09-27,P005,Ceramide Barrier Cream,Skin,1,14,42,0.25,Online,Seoul,Dry
YUL-12915,2024-11-30,P001,Deep Sea Hair Mask,Hair,2,12,38,0.0,Flagship Store,Seoul,Combination
YUL-12916,2025-10-04,P004,Mugwort Essence,Skin,4,10,32,0.0,Online,London,Oily
YUL-12917,2025-03-21,P003,Scalp Soothing Oil,Hair,4,8,28,0.1,Flagship Store,London,Combination
YUL-12918,2024-07-25,P005,Ceramide Barrier Cream,Skin,3,14,42,0.1,Online,Seoul,Dry
YUL-12919,2024-11-20,P004,Mugwort Essence,Skin,1,10,32,0.0,Online,Tokyo,Combination
YUL-12920,2024-03-11,P002,Fermented Rice Serum,Skin,1,15,45,0.25,Sephora,Seoul,Dry
YUL-12921,2024-03-26,P003,Scalp Soothing Oil,Hair,3,8,28,0.2,Olive Young,Tokyo,Combination
YUL-12922,2025-09-20,P005,Ceramide Barrier Cream,Skin,1,14,42,0.1,Olive Young,Seoul,Sensitive
YUL-12923,2025-07-24,P005,Ceramide Barrier Cream,Skin,1,14,42,0.0,Flagship Store,London,Dry
YUL-12924,2024-03-06,P005,Ceramide Barrier Cream,Skin,3,14,42,0.0,Online,Seoul,Oily
YUL-12925,2024-10-25,P004,Mugwort Essence,Skin,1,10,32,0.25,Olive Young,Seoul,Oily
YUL-12926,2025-09-27,P002,Fermented Rice Serum,Skin,2,15,45,0.0,Online,Seoul,Combination
YUL-12927,2024-09-22,P003,Scalp Soothing Oil,Hair,3,8,28,0.0,Flagship Store,Seoul,Combination
YUL-12928,2025-07-16,P001,Deep Sea Hair Mask,Hair,3,12,38,0.0,Sephora,Tokyo,Sensitive
YUL-12929,2024-11-10,P005,Ceramide Barrier Cream,Skin,2,14,42,0.2,Sephora,Seoul,Sensitive
YUL-12930,2025-07-16,P004,Mugwort Essence,Skin,2,10,32,0.0,Sephora,NYC,Dry
YUL-12931,2025-09-21,P004,Mugwort Essence,Skin,4,10,32,0.2,Olive Young,Tokyo,Dry
YUL-12932,2024-06-06,P005,Ceramide Barrier Cream,Skin,1,14,42,0.0,Sephora,Tokyo,Dry
YUL-12933,2025-07-03,P003,Scalp Soothing Oil,Hair,2,8,28,0.0,Flagship Store,NYC,Oily
YUL-12934,2024-03-17,P003,Scalp Soothing Oil,Hair,2,8,28,0.0,Flagship Store,London,Sensitive
YUL-12935,2025-04-09,P004,Mugwort Essence,Skin,2,10,32,0.1,Olive Young,NYC,Dry
YUL-12936,2024-07-05,P002,Fermented Rice Serum,Skin,2,15,45,0.25,Sephora,NYC,Sensitive
YUL-12937,2024-11-25,P001,Deep Sea Hair Mask,Hair,3,12,38,0.0,Online,London,Oily
YUL-12938,2024-08-17,P002,Fermented Rice Serum,Skin,2,15,45,0.2,Sephora,London,Oily
YUL-12939,2025-11-28,P005,Ceramide Barrier Cream,Skin,3,14,42,0.1,Online,NYC,Sensitive
YUL-12940,2024-04-04,P005,Ceramide Barrier Cream,Skin,2,14,42,0.0,Sephora,London,Oily
YUL-12941,2025-10-19,P005,Ceramide Barrier Cream,Skin,2,14,42,0.0,Flagship Store,Seoul,Sensitive
YUL-12942,2024-01-10,P001,Deep Sea Hair Mask,Hair,2,12,38,0.2,Flagship Store,NYC,Combination
YUL-12943,2025-01-25,P004,Mugwort Essence,Skin,2,10,32,0.0,Olive Young,Tokyo,Sensitive
YUL-12944,2025-12-13,P004,Mugwort Essence,Skin,4,10,32,0.1,Olive Young,NYC,Sensitive
YUL-12945,2024-12-02,P002,Fermented Rice Serum,Skin,4,15,45,0.0,Olive Young,Tokyo,Dry
YUL-12946,2024-11-23,P001,Deep Sea Hair Mask,Hair,2,12,38,0.2,Sephora,NYC,Oily
YUL-12947,2024-02-02,P003,Scalp Soothing Oil,Hair,1,8,28,0.25,Sephora,Seoul,Combination
YUL-12948,2024-11-01,P001,Deep Sea Hair Mask,Hair,4,12,38,0.2,Sephora,NYC,Combination
YUL-12949,2025-06-26,P003,Scalp Soothing Oil,Hair,2,8,28,0.1,Online,London,Dry
YUL-12950,2024-06-07,P005,Ceramide Barrier Cream,Skin,3,14,42,0.25,Sephora,NYC,Oily
YUL-12951,2025-09-04,P002,Fermented Rice Serum,Skin,3,15,45,0.0,Online,NYC,Combination
YUL-12952,2025-03-02,P003,Scalp Soothing Oil,Hair,1,8,28,0.1,Sephora,Tokyo,Combination
YUL-12953,2024-09-12,P003,Scalp Soothing Oil,Hair,1,8,28,0.25,Online,Tokyo,Combination
YUL-12954,2024-11-10,P005,Ceramide Barrier Cream,Skin,3,14,42,0.25,Flagship Store,London,Sensitive
YUL-12955,2024-06-21,P003,Scalp Soothing Oil,Hair,4,8,28,0.0,Sephora,London,Dry
YUL-12956,2024-05-25,P003,Scalp Soothing Oil,Hair,1,8,28,0.1,Online,NYC,Oily
YUL-12957,2025-08-03,P005,Ceramide Barrier Cream,Skin,4,14,42,0.0,Online,Tokyo,Sensitive
YUL-12958,2024-06-10,P003,Scalp Soothing Oil,Hair,2,8,28,0.0,Flagship Store,Tokyo,Combination
YUL-12959,2024-12-31,P004,Mugwort Essence,Skin,4,10,32,0.2,Flagship Store,London,Combination
YUL-12960,2024-01-03,P003,Scalp Soothing Oil,Hair,1,8,28,0.2,Sephora,London,Oily
YUL-12961,2024-10-22,P001,Deep Sea Hair Mask,Hair,2,12,38,0.0,Flagship Store,Tokyo,Oily
YUL-12962,2025-06-10,P001,Deep Sea Hair Mask,Hair,2,12,38,0.2,Olive Young,NYC,Sensitive
YUL-12963,2025-08-05,P001,Deep Sea Hair Mask,Hair,4,12,38,0.0,Sephora,Seoul,Combination
YUL-12964,2024-04-01,P001,Deep Sea Hair Mask,Hair,4,12,38,0.1,Flagship Store,London,Combination
YUL-12965,2024-12-29,P002,Fermented Rice Serum,Skin,1,15,45,0.2,Sephora,Seoul,Sensitive
YUL-12966,2025-07-10,P005,Ceramide Barrier Cream,Skin,2,14,42,0.1,Online,Tokyo,Combination
YUL-12967,2025-03-27,P004,Mugwort Essence,Skin,2,10,32,0.0,Olive Young,Tokyo,Dry
YUL-12968,2025-02-12,P003,Scalp Soothing Oil,Hair,1,8,28,0.25,Sephora,London,Combination
YUL-12969,2025-07-28,P002,Fermented Rice Serum,Skin,1,15,45,0.2,Flagship Store,NYC,Oily
YUL-12970,2025-02-05,P001,Deep Sea Hair Mask,Hair,1,12,38,0.0,Flagship Store,Seoul,Combination
YUL-12971,2025-03-06,P003,Scalp Soothing Oil,Hair,4,8,28,0.0,Olive Young,NYC,Combination
YUL-12972,2024-01-11,P002,Fermented Rice Serum,Skin,3,15,45,0.25,Sephora,London,Oily
YUL-12973,2024-05-13,P003,Scalp Soothing Oil,Hair,3,8,28,0.0,Olive Young,Tokyo,Oily
YUL-12974,2025-09-18,P003,Scalp Soothing Oil,Hair,3,8,28,0.0,Flagship Store,London,Oily
YUL-12975,2024-06-06,P004,Mugwort Essence,Skin,3,10,32,0.0,Flagship Store,Tokyo,Sensitive
YUL-12976,2024-04-09,P004,Mugwort Essence,Skin,3,10,32,0.0,Sephora,Seoul,Sensitive
YUL-12977,2024-04-24,P005,Ceramide Barrier Cream,Skin,1,14,42,0.0,Flagship Store,Seoul,Dry
YUL-12978,2025-01-26,P004,Mugwort Essence,Skin,4,10,32,0.0,Flagship Store,NYC,Dry
YUL-12979,2025-10-28,P003,Scalp Soothing Oil,Hair,4,8,28,0.0,Olive Young,NYC,Oily
YUL-12980,2024-09-21,P001,Deep Sea Hair Mask,Hair,1,12,38,0.2,Online,NYC,Oily
YUL-12981,2025-03-07,P004,Mugwort Essence,Skin,1,10,32,0.2,Flagship Store,Tokyo,Combination
YUL-12982,2025-08-02,P005,Ceramide Barrier Cream,Skin,1,14,42,0.25,Olive Young,NYC,Oily
YUL-12983,2025-02-26,P001,Deep Sea Hair Mask,Hair,2,12,38,0.0,Olive Young,Tokyo,Dry
YUL-12984,2024-08-15,P004,Mugwort Essence,Skin,3,10,32,0.1,Online,Tokyo,Oily
YUL-12985,2025-01-19,P002,Fermented Rice Serum,Skin,4,15,45,0.0,Olive Young,London,Sensitive
YUL-12986,2025-09-13,P004,Mugwort Essence,Skin,4,10,32,0.0,Sephora,NYC,Dry
YUL-12987,2025-03-08,P004,Mugwort Essence,Skin,3,10,32,0.0,Sephora,London,Dry
YUL-12988,2025-11-21,P003,Scalp Soothing Oil,Hair,4,8,28,0.25,Sephora,Tokyo,Dry
YUL-12989,2025-04-22,P002,Fermented Rice Serum,Skin,3,15,45,0.1,Online,Seoul,Oily
YUL-12990,2025-06-13,P003,Scalp Soothing Oil,Hair,1,8,28,0.2,Online,Tokyo,Oily
YUL-12991,2025-11-13,P002,Fermented Rice Serum,Skin,2,15,45,0.25,Olive Young,Seoul,Dry
YUL-12992,2024-02-29,P003,Scalp Soothing Oil,Hair,1,8,28,0.2,Flagship Store,NYC,Sensitive
YUL-12993,2025-06-27,P005,Ceramide Barrier Cream,Skin,1,14,42,0.0,Online,NYC,Dry
YUL-12994,2025-05-24,P004,Mugwort Essence,Skin,1,10,32,0.0,Flagship Store,NYC,Sensitive
YUL-12995,2024-06-02,P002,Fermented Rice Serum,Skin,1,15,45,0.25,Flagship Store,Seoul,Combination
YUL-12996,2024-12-26,P004,Mugwort Essence,Skin,3,10,32,0.0,Sephora,London,Dry
YUL-12997,2025-05-11,P001,Deep Sea Hair Mask,Hair,3,12,38,0.1,Olive Young,NYC,Dry
YUL-12998,2024-09-11,P005,Ceramide Barrier Cream,Skin,1,14,42,0.1,Flagship Store,NYC,Dry
YUL-12999,2024-11-29,P003,Scalp Soothing Oil,Hair,4,8,28,0.0,Olive Young,Seoul,Dry
YUL-13000,2024-01-16,P004,Mugwort Essence,Skin,3,10,32,0.2,Online,London,Dry
YUL-13001,2024-08-01,P001,Deep Sea Hair Mask,Hair,4,12,38,0.0,Olive Young,Seoul,Oily
YUL-13002,2025-03-16,P004,Mugwort Essence,Skin,2,10,32,0.25,Sephora,Seoul,Dry
YUL-13003,2024-04-29,P004,Mugwort Essence,Skin,2,10,32,0.0,Online,London,Sensitive
YUL-13004,2024-02-13,P005,Ceramide Barrier Cream,Skin,1,14,42,0.25,Sephora,London,Oily
YUL-13005,2024-09-06,P002,Fermented Rice Serum,Skin,3,15,45,0.1,Sephora,Tokyo,Dry
YUL-13006,2024-07-07,P003,Scalp Soothing Oil,Hair,2,8,28,0.2,Online,London,Oily
YUL-13007,2025-08-26,P005,Ceramide Barrier Cream,Skin,3,14,42,0.2,Sephora,London,Sensitive
YUL-13008,2025-06-25,P002,Fermented Rice Serum,Skin,1,15,45,0.0,Sephora,Tokyo,Sensitive
YUL-13009,2025-12-19,P001,Deep Sea Hair Mask,Hair,2,12,38,0.2,Flagship Store,Seoul,Dry
YUL-13010,2025-08-29,P003,Scalp Soothing Oil,Hair,1,8,28,0.0,Sephora,London,Dry
YUL-13011,2025-08-15,P005,Ceramide Barrier Cream,Skin,1,14,42,0.0,Sephora,NYC,Sensitive
YUL-13012,2024-10-02,P004,Mugwort Essence,Skin,4,10,32,0.0,Sephora,London,Dry
YUL-13013,2024-07-19,P001,Deep Sea Hair Mask,Hair,4,12,38,0.25,Olive Young,Seoul,Combination
YUL-13014,2024-11-17,P005,Ceramide Barrier Cream,Skin,4,14,42,0.0,Olive Young,Tokyo,Dry
YUL-13015,2024-10-10,P004,Mugwort Essence,Skin,2,10,32,0.25,Flagship Store,Tokyo,Oily
YUL-13016,2025-10-16,P005,Ceramide Barrier Cream,Skin,3,14,42,0.25,Flagship Store,Seoul,Dry
YUL-13017,2024-04-12,P001,Deep Sea Hair Mask,Hair,3,12,38,0.0,Flagship Store,Seoul,Sensitive
YUL-13018,2024-08-06,P004,Mugwort Essence,Skin,4,10,32,0.0,Sephora,Seoul,Oily
YUL-13019,2024-10-11,P003,Scalp Soothing Oil,Hair,4,8,28,0.2,Olive Young,London,Combination
YUL-13020,2024-04-14,P001,Deep Sea Hair Mask,Hair,3,12,38,0.0,Sephora,Seoul,Dry
YUL-13021,2025-09-25,P003,Scalp Soothing Oil,Hair,3,8,28,0.0,Sephora,Tokyo,Oily
YUL-13022,2024-03-04,P002,Fermented Rice Serum,Skin,3,15,45,0.2,Online,NYC,Sensitive
YUL-13023,2024-03-27,P003,Scalp Soothing Oil,Hair,2,8,28,0.2,Online,Tokyo,Oily
YUL-13024,2024-01-04,P003,Scalp Soothing Oil,Hair,4,8,28,0.25,Olive Young,Seoul,Dry
YUL-13025,2025-08-31,P003,Scalp Soothing Oil,Hair,1,8,28,0.0,Online,London,Sensitive
YUL-13026,2024-09-23,P004,Mugwort Essence,Skin,1,10,32,0.1,Sephora,London,Combination
YUL-13027,2025-03-03,P004,Mugwort Essence,Skin,1,10,32,0.0,Online,London,Combination
YUL-13028,2025-07-23,P005,Ceramide Barrier Cream,Skin,4,14,42,0.0,Flagship Store,Tokyo,Combination
YUL-13029,2024-05-27,P005,Ceramide Barrier Cream,Skin,3,14,42,0.1,Olive Young,NYC,Sensitive
YUL-13030,2025-02-18,P002,Fermented Rice Serum,Skin,1,15,45,0.0,Olive Young,London,Sensitive
YUL-13031,2024-01-06,P002,Fermented Rice Serum,Skin,1,15,45,0.2,Sephora,London,Sensitive
YUL-13032,2025-08-12,P002,Fermented Rice Serum,Skin,1,15,45,0.25,Flagship Store,Seoul,Dry
YUL-13033,2025-04-07,P004,Mugwort Essence,Skin,1,10,32,0.0,Olive Young,NYC,Combination
YUL-13034,2024-01-03,P005,Ceramide Barrier Cream,Skin,3,14,42,0.0,Sephora,Seoul,Oily
YUL-13035,2025-01-16,P003,Scalp Soothing Oil,Hair,4,8,28,0.25,Online,Tokyo,Sensitive
YUL-13036,2025-07-26,P004,Mugwort Essence,Skin,4,10,32,0.0,Olive Young,London,Dry
YUL-13037,2024-01-08,P002,Fermented Rice Serum,Skin,1,15,45,0.0,Olive Young,Seoul,Oily
YUL-13038,2025-07-24,P001,Deep Sea Hair Mask,Hair,4,12,38,0.2,Sephora,Seoul,Oily
YUL-13039,2024-03-27,P004,Mugwort Essence,Skin,3,10,32,0.0,Sephora,Tokyo,Dry
YUL-13040,2024-05-13,P001,Deep Sea Hair Mask,Hair,3,12,38,0.1,Olive Young,Tokyo,Combination
YUL-13041,2025-03-15,P002,Fermented Rice Serum,Skin,3,15,45,0.1,Olive Young,London,Combination
YUL-13042,2024-11-02,P004,Mugwort Essence,Skin,1,10,32,0.0,Olive Young,NYC,Dry
YUL-13043,2025-04-18,P002,Fermented Rice Serum,Skin,1,15,45,0.1,Olive Young,Seoul,Oily
YUL-13044,2024-03-20,P003,Scalp Soothing Oil,Hair,4,8,28,0.25,Flagship Store,Seoul,Combination
YUL-13045,2025-08-07,P001,Deep Sea Hair Mask,Hair,2,12,38,0.1,Sephora,London,Dry
YUL-13046,2024-12-15,P002,Fermented Rice Serum,Skin,1,15,45,0.0,Olive Young,NYC,Oily
YUL-13047,2025-07-24,P002,Fermented Rice Serum,Skin,3,15,45,0.0,Olive Young,London,Oily
YUL-13048,2024-09-22,P001,Deep Sea Hair Mask,Hair,2,12,38,0.2,Online,Tokyo,Oily
YUL-13049,2025-02-20,P001,Deep Sea Hair Mask,Hair,3,12,38,0.0,Olive Young,Seoul,Dry
YUL-13050,2025-06-07,P003,Scalp Soothing Oil,Hair,3,8,28,0.0,Sephora,NYC,Oily
YUL-13051,2025-09-24,P003,Scalp Soothing Oil,Hair,4,8,28,0.0,Online,Tokyo,Dry
YUL-13052,2025-07-07,P003,Scalp Soothing Oil,Hair,3,8,28,0.25,Sephora,NYC,Combination
YUL-13053,2025-12-06,P005,Ceramide Barrier Cream,Skin,4,14,42,0.0,Olive Young,Seoul,Dry
YUL-13054,2024-08-31,P001,Deep Sea Hair Mask,Hair,3,12,38,0.2,Online,London,Dry
YUL-13055,2024-10-10,P003,Scalp Soothing Oil,Hair,4,8,28,0.0,Olive Young,Seoul,Dry
YUL-13056,2024-02-02,P004,Mugwort Essence,Skin,2,10,32,0.0,Online,London,Sensitive
YUL-13057,2024-08-16,P001,Deep Sea Hair Mask,Hair,1,12,38,0.0,Flagship Store,London,Dry
YUL-13058,2025-03-27,P002,Fermented Rice Serum,Skin,3,15,45,0.0,Online,Tokyo,Dry
YUL-13059,2025-09-02,P002,Fermented Rice Serum,Skin,4,15,45,0.0,Olive Young,Seoul,Oily
YUL-13060,2025-04-25,P004,Mugwort Essence,Skin,2,10,32,0.0,Online,Seoul,Oily
YUL-13061,2025-09-28,P005,Ceramide Barrier Cream,Skin,1,14,42,0.0,Flagship Store,Tokyo,Sensitive
YUL-13062,2025-03-08,P003,Scalp Soothing Oil,Hair,1,8,28,0.2,Flagship Store,Tokyo,Oily
YUL-13063,2024-05-29,P004,Mugwort Essence,Skin,3,10,32,0.0,Sephora,Tokyo,Dry
YUL-13064,2024-10-13,P003,Scalp Soothing Oil,Hair,1,8,28,0.0,Online,Seoul,Oily
YUL-13065,2025-09-30,P001,Deep Sea Hair Mask,Hair,3,12,38,0.2,Sephora,London,Dry
YUL-13066,2024-05-22,P005,Ceramide Barrier Cream,Skin,3,14,42,0.0,Olive Young,London,Dry
YUL-13067,2025-09-15,P002,Fermented Rice Serum,Skin,1,15,45,0.0,Olive Young,NYC,Dry
YUL-13068,2024-09-27,P001,Deep Sea Hair Mask,Hair,3,12,38,0.25,Sephora,NYC,Oily
YUL-13069,2025-12-27,P001,Deep Sea Hair Mask,Hair,3,12,38,0.0,Online,NYC,Dry
YUL-13070,2024-02-27,P004,Mugwort Essence,Skin,4,10,32,0.25,Flagship Store,Seoul,Oily
YUL-13071,2025-10-11,P001,Deep Sea Hair Mask,Hair,4,12,38,0.0,Flagship Store,Tokyo,Oily
YUL-13072,2025-12-31,P002,Fermented Rice Serum,Skin,3,15,45,0.25,Olive Young,London,Oily
YUL-13073,2024-08-18,P005,Ceramide Barrier Cream,Skin,4,14,42,0.1,Flagship Store,London,Sensitive
YUL-13074,2024-09-25,P003,Scalp Soothing Oil,Hair,2,8,28,0.0,Flagship Store,London,Sensitive
YUL-13075,2025-10-17,P004,Mugwort Essence,Skin,1,10,32,0.0,Online,NYC,Sensitive
YUL-13076,2024-11-17,P005,Ceramide Barrier Cream,Skin,3,14,42,0.0,Flagship Store,NYC,Oily
YUL-13077,2025-09-23,P005,Ceramide Barrier Cream,Skin,1,14,42,0.0,Online,Tokyo,Sensitive
YUL-13078,2025-10-10,P004,Mugwort Essence,Skin,1,10,32,0.0,Online,Seoul,Sensitive
YUL-13079,2025-10-19,P004,Mugwort Essence,Skin,2,10,32,0.0,Olive Young,Tokyo,Dry
YUL-13080,2024-05-01,P002,Fermented Rice Serum,Skin,3,15,45,0.25,Olive Young,London,Sensitive
YUL-13081,2024-12-22,P002,Fermented Rice Serum,Skin,1,15,45,0.25,Olive Young,Tokyo,Dry
YUL-13082,2024-03-20,P001,Deep Sea Hair Mask,Hair,3,12,38,0.25,Online,NYC,Combination
YUL-13083,2025-04-20,P005,Ceramide Barrier Cream,Skin,1,14,42,0.2,Online,NYC,Combination
YUL-13084,2024-02-02,P001,Deep Sea Hair Mask,Hair,3,12,38,0.0,Olive Young,Tokyo,Combination
YUL-13085,2025-05-28,P001,Deep Sea Hair Mask,Hair,4,12,38,0.25,Flagship Store,Tokyo,Sensitive
YUL-13086,2025-09-28,P005,Ceramide Barrier Cream,Skin,2,14,42,0.1,Online,Tokyo,Sensitive
YUL-13087,2025-10-27,P004,Mugwort Essence,Skin,4,10,32,0.0,Flagship Store,Tokyo,Oily
YUL-13088,2025-10-22,P003,Scalp Soothing Oil,Hair,4,8,28,0.1,Olive Young,London,Combination
YUL-13089,2025-10-13,P003,Scalp Soothing Oil,Hair,4,8,28,0.25,Sephora,London,Dry
YUL-13090,2024-02-04,P004,Mugwort Essence,Skin,1,10,32,0.0,Online,Seoul,Dry
YUL-13091,2024-05-16,P003,Scalp Soothing Oil,Hair,3,8,28,0.0,Flagship Store,London,Sensitive
YUL-13092,2025-05-10,P005,Ceramide Barrier Cream,Skin,1,14,42,0.2,Flagship Store,London,Combination
YUL-13093,2025-08-09,P004,Mugwort Essence,Skin,1,10,32,0.2,Olive Young,NYC,Combination
YUL-13094,2024-08-29,P001,Deep Sea Hair Mask,Hair,1,12,38,0.2,Olive Young,NYC,Combination
YUL-13095,2025-02-05,P005,Ceramide Barrier Cream,Skin,4,14,42,0.25,Flagship Store,NYC,Sensitive
YUL-13096,2024-12-27,P001,Deep Sea Hair Mask,Hair,1,12,38,0.0,Sephora,NYC,Combination
YUL-13097,2025-09-01,P004,Mugwort Essence,Skin,3,10,32,0.1,Online,Seoul,Combination
YUL-13098,2025-08-09,P004,Mugwort Essence,Skin,3,10,32,0.2,Sephora,Tokyo,Dry
YUL-13099,2025-04-27,P005,Ceramide Barrier Cream,Skin,3,14,42,0.2,Sephora,Tokyo,Sensitive
YUL-13100,2025-03-12,P002,Fermented Rice Serum,Skin,2,15,45,0.0,Sephora,Tokyo,Oily
YUL-13101,2024-05-22,P002,Fermented Rice Serum,Skin,4,15,45,0.1,Sephora,Tokyo,Combination
YUL-13102,2024-06-21,P004,Mugwort Essence,Skin,3,10,32,0.2,Flagship Store,NYC,Oily
YUL-13103,2025-12-25,P005,Ceramide Barrier Cream,Skin,1,14,42,0.1,Online,Tokyo,Oily
YUL-13104,2024-04-23,P001,Deep Sea Hair Mask,Hair,1,12,38,0.0,Flagship Store,Seoul,Combination
YUL-13105,2025-09-05,P004,Mugwort Essence,Skin,2,10,32,0.1,Online,Tokyo,Combination
YUL-13106,2024-09-04,P005,Ceramide Barrier Cream,Skin,1,14,42,0.0,Olive Young,NYC,Combination
YUL-13107,2025-01-15,P005,Ceramide Barrier Cream,Skin,4,14,42,0.1,Flagship Store,Tokyo,Sensitive
YUL-13108,2025-11-08,P004,Mugwort Essence,Skin,2,10,32,0.1,Olive Young,Tokyo,Sensitive
YUL-13109,2025-06-20,P001,Deep Sea Hair Mask,Hair,1,12,38,0.2,Flagship Store,NYC,Oily
YUL-13110,2024-02-09,P004,Mugwort Essence,Skin,1,10,32,0.2,Olive Young,London,Oily
YUL-13111,2024-02-26,P001,Deep Sea Hair Mask,Hair,2,12,38,0.1,Olive Young,NYC,Sensitive
YUL-13112,2024-01-13,P001,Deep Sea Hair Mask,Hair,2,12,38,0.1,Olive Young,NYC,Dry
YUL-13113,2024-05-04,P002,Fermented Rice Serum,Skin,2,15,45,0.0,Online,NYC,Oily
YUL-13114,2025-07-03,P003,Scalp Soothing Oil,Hair,3,8,28,0.0,Olive Young,NYC,Dry
YUL-13115,2024-04-21,P002,Fermented Rice Serum,Skin,4,15,45,0.0,Olive Young,London,Dry
YUL-13116,2025-08-19,P001,Deep Sea Hair Mask,Hair,3,12,38,0.2,Online,Tokyo,Combination
YUL-13117,2025-02-14,P001,Deep Sea Hair Mask,Hair,3,12,38,0.0,Online,Seoul,Dry
YUL-13118,2025-11-12,P004,Mugwort Essence,Skin,1,10,32,0.25,Sephora,London,Combination
YUL-13119,2024-07-10,P005,Ceramide Barrier Cream,Skin,3,14,42,0.0,Online,NYC,Dry
YUL-13120,2024-04-12,P001,Deep Sea Hair Mask,Hair,2,12,38,0.0,Sephora,Tokyo,Sensitive
YUL-13121,2024-09-19,P003,Scalp Soothing Oil,Hair,4,8,28,0.1,Olive Young,Seoul,Dry
YUL-13122,2025-07-07,P003,Scalp Soothing Oil,Hair,4,8,28,0.0,Olive Young,NYC,Combination
YUL-13123,2024-04-17,P002,Fermented Rice Serum,Skin,4,15,45,0.2,Sephora,NYC,Dry
YUL-13124,2025-07-31,P005,Ceramide Barrier Cream,Skin,4,14,42,0.0,Flagship Store,London,Oily
YUL-13125,2025-09-04,P005,Ceramide Barrier Cream,Skin,3,14,42,0.1,Olive Young,NYC,Combination
YUL-13126,2024-01-22,P003,Scalp Soothing Oil,Hair,4,8,28,0.25,Flagship Store,Tokyo,Dry
YUL-13127,2024-08-02,P005,Ceramide Barrier Cream,Skin,2,14,42,0.0,Olive Young,NYC,Combination
YUL-13128,2024-06-12,P005,Ceramide Barrier Cream,Skin,2,14,42,0.25,Sephora,Tokyo,Sensitive
YUL-13129,2024-09-24,P005,Ceramide Barrier Cream,Skin,3,14,42,0.0,Flagship Store,NYC,Oily
YUL-13130,2024-11-15,P005,Ceramide Barrier Cream,Skin,2,14,42,0.0,Olive Young,Seoul,Dry
YUL-13131,2025-08-02,P003,Scalp Soothing Oil,Hair,1,8,28,0.0,Olive Young,Tokyo,Dry
YUL-13132,2024-06-17,P004,Mugwort Essence,Skin,1,10,32,0.2,Online,NYC,Combination
YUL-13133,2024-02-13,P005,Ceramide Barrier Cream,Skin,2,14,42,0.0,Sephora,Tokyo,Dry
YUL-13134,2025-05-14,P002,Fermented Rice Serum,Skin,1,15,45,0.2,Sephora,NYC,Combination
YUL-13135,2024-11-07,P002,Fermented Rice Serum,Skin,4,15,45,0.25,Flagship Store,Seoul,Sensitive
YUL-13136,2024-07-17,P005,Ceramide Barrier Cream,Skin,2,14,42,0.25,Flagship Store,Seoul,Oily
YUL-13137,2024-09-07,P005,Ceramide Barrier Cream,Skin,3,14,42,0.0,Flagship Store,London,Dry
YUL-13138,2024-05-09,P003,Scalp Soothing Oil,Hair,4,8,28,0.0,Sephora,Tokyo,Dry
YUL-13139,2024-04-15,P004,Mugwort Essence,Skin,4,10,32,0.0,Flagship Store,NYC,Dry
YUL-13140,2024-11-25,P005,Ceramide Barrier Cream,Skin,2,14,42,0.1,Online,Seoul,Oily
YUL-13141,2024-09-04,P005,Ceramide Barrier Cream,Skin,1,14,42,0.0,Online,NYC,Sensitive
YUL-13142,2024-10-31,P001,Deep Sea Hair Mask,Hair,2,12,38,0.0,Flagship Store,Seoul,Dry
YUL-13143,2024-01-19,P005,Ceramide Barrier Cream,Skin,3,14,42,0.0,Sephora,Seoul,Dry
YUL-13144,2025-03-12,P005,Ceramide Barrier Cream,Skin,1,14,42,0.0,Flagship Store,London,Combination
YUL-13145,2025-03-22,P004,Mugwort Essence,Skin,4,10,32,0.25,Flagship Store,Tokyo,Oily
YUL-13146,2024-09-02,P002,Fermented Rice Serum,Skin,1,15,45,0.2,Flagship Store,Tokyo,Combination
YUL-13147,2024-12-10,P003,Scalp Soothing Oil,Hair,1,8,28,0.25,Online,Tokyo,Dry
YUL-13148,2024-08-13,P001,Deep Sea Hair Mask,Hair,2,12,38,0.2,Olive Young,London,Dry
YUL-13149,2024-01-11,P004,Mugwort Essence,Skin,2,10,32,0.2,Online,NYC,Sensitive
YUL-13150,2025-09-03,P002,Fermented Rice Serum,Skin,1,15,45,0.0,Online,NYC,Sensitive
YUL-13151,2024-07-02,P005,Ceramide Barrier Cream,Skin,4,14,42,0.25,Olive Young,Tokyo,Oily
YUL-13152,2024-03-27,P003,Scalp Soothing Oil,Hair,1,8,28,0.0,Flagship Store,NYC,Sensitive
YUL-13153,2024-11-15,P002,Fermented Rice Serum,Skin,2,15,45,0.0,Online,Tokyo,Oily
YUL-13154,2024-12-24,P005,Ceramide Barrier Cream,Skin,3,14,42,0.0,Olive Young,Tokyo,Oily
YUL-13155,2024-11-07,P005,Ceramide Barrier Cream,Skin,2,14,42,0.1,Online,NYC,Oily
YUL-13156,2024-03-16,P005,Ceramide Barrier Cream,Skin,1,14,42,0.0,Sephora,NYC,Combination
YUL-13157,2025-08-03,P001,Deep Sea Hair Mask,Hair,2,12,38,0.2,Sephora,NYC,Dry
YUL-13158,2024-07-05,P005,Ceramide Barrier Cream,Skin,3,14,42,0.0,Olive Young,Tokyo,Dry
YUL-13159,2024-01-18,P004,Mugwort Essence,Skin,1,10,32,0.25,Flagship Store,NYC,Dry
YUL-13160,2024-02-06,P002,Fermented Rice Serum,Skin,4,15,45,0.25,Flagship Store,NYC,Combination
YUL-13161,2024-12-30,P002,Fermented Rice Serum,Skin,1,15,45,0.25,Online,Tokyo,Combination
YUL-13162,2024-12-30,P005,Ceramide Barrier Cream,Skin,2,14,42,0.1,Sephora,NYC,Combination
YUL-13163,2024-02-04,P002,Fermented Rice Serum,Skin,2,15,45,0.25,Online,Tokyo,Combination
YUL-13164,2024-06-03,P005,Ceramide Barrier Cream,Skin,4,14,42,0.2,Online,NYC,Combination
YUL-13165,2025-06-29,P002,Fermented Rice Serum,Skin,3,15,45,0.0,Sephora,London,Combination
YUL-13166,2024-05-16,P003,Scalp Soothing Oil,Hair,2,8,28,0.1,Flagship Store,London,Oily
YUL-13167,2024-02-13,P004,Mugwort Essence,Skin,3,10,32,0.0,Online,Seoul,Dry
YUL-13168,2024-03-10,P002,Fermented Rice Serum,Skin,1,15,45,0.0,Flagship Store,Tokyo,Dry
YUL-13169,2025-05-30,P005,Ceramide Barrier Cream,Skin,4,14,42,0.2,Online,NYC,Sensitive
YUL-13170,2025-01-05,P004,Mugwort Essence,Skin,3,10,32,0.2,Flagship Store,Tokyo,Sensitive
YUL-13171,2025-08-04,P002,Fermented Rice Serum,Skin,2,15,45,0.0,Olive Young,NYC,Combination
YUL-13172,2025-12-14,P002,Fermented Rice Serum,Skin,4,15,45,0.0,Sephora,London,Combination
YUL-13173,2024-06-06,P001,Deep Sea Hair Mask,Hair,3,12,38,0.1,Flagship Store,Tokyo,Dry
YUL-13174,2025-01-17,P004,Mugwort Essence,Skin,4,10,32,0.0,Sephora,Seoul,Dry
YUL-13175,2025-12-15,P004,Mugwort Essence,Skin,1,10,32,0.25,Sephora,Seoul,Combination
YUL-13176,2025-03-25,P003,Scalp Soothing Oil,Hair,1,8,28,0.0,Sephora,London,Dry
YUL-13177,2025-10-04,P004,Mugwort Essence,Skin,2,10,32,0.0,Olive Young,London,Dry
YUL-13178,2025-04-11,P004,Mugwort Essence,Skin,4,10,32,0.1,Online,Tokyo,Dry
YUL-13179,2025-02-25,P005,Ceramide Barrier Cream,Skin,2,14,42,0.2,Flagship Store,Seoul,Dry
YUL-13180,2025-02-23,P002,Fermented Rice Serum,Skin,3,15,45,0.0,Flagship Store,Seoul,Dry
YUL-13181,2025-04-07,P004,Mugwort Essence,Skin,3,10,32,0.0,Sephora,London,Combination
YUL-13182,2025-12-03,P005,Ceramide Barrier Cream,Skin,2,14,42,0.0,Sephora,Tokyo,Sensitive
YUL-13183,2025-09-24,P001,Deep Sea Hair Mask,Hair,3,12,38,0.1,Sephora,London,Oily
YUL-13184,2025-04-02,P003,Scalp Soothing Oil,Hair,3,8,28,0.0,Sephora,London,Dry
YUL-13185,2025-08-13,P002,Fermented Rice Serum,Skin,2,15,45,0.0,Sephora,London,Dry
YUL-13186,2025-07-16,P005,Ceramide Barrier Cream,Skin,1,14,42,0.25,Flagship Store,NYC,Combination
YUL-13187,2024-06-20,P003,Scalp Soothing Oil,Hair,4,8,28,0.0,Sephora,Seoul,Dry
YUL-13188,2025-11-06,P002,Fermented Rice Serum,Skin,3,15,45,0.1,Olive Young,Tokyo,Combination
YUL-13189,2025-03-31,P003,Scalp Soothing Oil,Hair,2,8,28,0.2,Online,NYC,Oily
YUL-13190,2024-06-25,P005,Ceramide Barrier Cream,Skin,4,14,42,0.0,Online,NYC,Sensitive
YUL-13191,2024-01-07,P002,Fermented Rice Serum,Skin,3,15,45,0.25,Sephora,Tokyo,Sensitive
YUL-13192,2024-11-03,P002,Fermented Rice Serum,Skin,2,15,45,0.2,Online,Tokyo,Oily
YUL-13193,2024-04-05,P004,Mugwort Essence,Skin,2,10,32,0.25,Sephora,NYC,Combination
YUL-13194,2025-11-30,P002,Fermented Rice Serum,Skin,3,15,45,0.25,Olive Young,NYC,Oily
YUL-13195,2025-10-18,P002,Fermented Rice Serum,Skin,4,15,45,0.25,Flagship Store,NYC,Oily
YUL-13196,2024-12-17,P004,Mugwort Essence,Skin,4,10,32,0.0,Online,NYC,Combination
YUL-13197,2024-01-25,P004,Mugwort Essence,Skin,2,10,32,0.2,Flagship Store,Seoul,Oily
YUL-13198,2025-05-06,P002,Fermented Rice Serum,Skin,4,15,45,0.1,Flagship Store,NYC,Sensitive
YUL-13199,2025-02-28,P004,Mugwort Essence,Skin,4,10,32,0.0,Sephora,Tokyo,Oily
YUL-13200,2024-12-11,P001,Deep Sea Hair Mask,Hair,4,12,38,0.0,Olive Young,Seoul,Combination
YUL-13201,2025-01-27,P005,Ceramide Barrier Cream,Skin,2,14,42,0.0,Flagship Store,Tokyo,Oily
YUL-13202,2025-11-29,P004,Mugwort Essence,Skin,2,10,32,0.0,Online,NYC,Combination
YUL-13203,2025-02-28,P001,Deep Sea Hair Mask,Hair,2,12,38,0.0,Online,Tokyo,Oily
YUL-13204,2024-08-01,P001,Deep Sea Hair Mask,Hair,4,12,38,0.1,Online,Seoul,Combination
YUL-13205,2024-10-12,P002,Fermented Rice Serum,Skin,2,15,45,0.1,Olive Young,NYC,Combination
YUL-13206,2024-01-06,P001,Deep Sea Hair Mask,Hair,4,12,38,0.0,Sephora,Seoul,Dry
YUL-13207,2024-08-12,P002,Fermented Rice Serum,Skin,2,15,45,0.2,Olive Young,Tokyo,Combination
YUL-13208,2025-08-26,P004,Mugwort Essence,Skin,4,10,32,0.2,Sephora,Tokyo,Sensitive
YUL-13209,2024-11-10,P001,Deep Sea Hair Mask,Hair,2,12,38,0.0,Online,Seoul,Oily
YUL-13210,2024-11-20,P001,Deep Sea Hair Mask,Hair,3,12,38,0.2,Sephora,Seoul,Dry
YUL-13211,2025-02-21,P004,Mugwort Essence,Skin,4,10,32,0.0,Online,London,Oily
YUL-13212,2025-01-15,P002,Fermented Rice Serum,Skin,2,15,45,0.0,Sephora,NYC,Sensitive
YUL-13213,2024-11-18,P004,Mugwort Essence,Skin,1,10,32,0.2,Olive Young,London,Sensitive
YUL-13214,2024-08-05,P005,Ceramide Barrier Cream,Skin,4,14,42,0.1,Sephora,Tokyo,Oily
YUL-13215,2025-04-30,P001,Deep Sea Hair Mask,Hair,4,12,38,0.25,Online,NYC,Sensitive
YUL-13216,2025-09-15,P003,Scalp Soothing Oil,Hair,1,8,28,0.0,Flagship Store,Seoul,Dry
YUL-13217,2025-03-11,P005,Ceramide Barrier Cream,Skin,1,14,42,0.2,Sephora,Seoul,Oily
YUL-13218,2024-09-06,P002,Fermented Rice Serum,Skin,2,15,45,0.25,Olive Young,Seoul,Combination
YUL-13219,2024-12-08,P004,Mugwort Essence,Skin,1,10,32,0.0,Flagship Store,Tokyo,Combination
YUL-13220,2024-04-18,P001,Deep Sea Hair Mask,Hair,1,12,38,0.0,Sephora,Seoul,Sensitive
YUL-13221,2024-02-11,P004,Mugwort Essence,Skin,4,10,32,0.0,Olive Young,Tokyo,Dry
YUL-13222,2025-03-05,P001,Deep Sea Hair Mask,Hair,1,12,38,0.2,Sephora,Seoul,Dry
YUL-13223,2024-09-10,P004,Mugwort Essence,Skin,1,10,32,0.0,Olive Young,NYC,Dry
YUL-13224,2024-05-14,P004,Mugwort Essence,Skin,3,10,32,0.0,Sephora,Seoul,Dry
YUL-13225,2024-05-04,P005,Ceramide Barrier Cream,Skin,2,14,42,0.0,Flagship Store,Seoul,Combination
YUL-13226,2025-07-20,P003,Scalp Soothing Oil,Hair,2,8,28,0.25,Sephora,Seoul,Sensitive
YUL-13227,2025-10-09,P003,Scalp Soothing Oil,Hair,4,8,28,0.0,Sephora,Seoul,Combination
YUL-13228,2025-03-25,P002,Fermented Rice Serum,Skin,2,15,45,0.2,Online,Tokyo,Oily
YUL-13229,2024-04-07,P004,Mugwort Essence,Skin,1,10,32,0.2,Olive Young,Tokyo,Combination
YUL-13230,2024-05-08,P005,Ceramide Barrier Cream,Skin,4,14,42,0.0,Sephora,Tokyo,Oily
YUL-13231,2025-04-25,P004,Mugwort Essence,Skin,4,10,32,0.0,Olive Young,Seoul,Combination
YUL-13232,2025-02-10,P001,Deep Sea Hair Mask,Hair,1,12,38,0.1,Olive Young,Seoul,Dry
YUL-13233,2024-04-15,P001,Deep Sea Hair Mask,Hair,2,12,38,0.0,Sephora,Tokyo,Sensitive
YUL-13234,2024-09-12,P002,Fermented Rice Serum,Skin,1,15,45,0.2,Online,London,Sensitive
YUL-13235,2024-03-23,P003,Scalp Soothing Oil,Hair,1,8,28,0.25,Online,Tokyo,Dry
YUL-13236,2024-03-10,P004,Mugwort Essence,Skin,4,10,32,0.1,Olive Young,London,Combination
YUL-13237,2025-01-07,P005,Ceramide Barrier Cream,Skin,1,14,42,0.2,Sephora,Seoul,Sensitive
YUL-13238,2024-01-07,P005,Ceramide Barrier Cream,Skin,3,14,42,0.2,Olive Young,Seoul,Sensitive
YUL-13239,2025-05-26,P003,Scalp Soothing Oil,Hair,3,8,28,0.2,Olive Young,Tokyo,Sensitive
YUL-13240,2025-03-26,P004,Mugwort Essence,Skin,3,10,32,0.0,Flagship Store,Tokyo,Sensitive
YUL-13241,2025-01-22,P004,Mugwort Essence,Skin,1,10,32,0.2,Online,Seoul,Oily
YUL-13242,2024-01-16,P003,Scalp Soothing Oil,Hair,1,8,28,0.0,Sephora,Tokyo,Oily
YUL-13243,2024-08-22,P001,Deep Sea Hair Mask,Hair,2,12,38,0.0,Online,NYC,Oily
YUL-13244,2024-06-09,P003,Scalp Soothing Oil,Hair,1,8,28,0.0,Olive Young,Tokyo,Combination
YUL-13245,2024-07-15,P005,Ceramide Barrier Cream,Skin,2,14,42,0.0,Flagship Store,Tokyo,Oily
YUL-13246,2025-04-27,P004,Mugwort Essence,Skin,4,10,32,0.25,Flagship Store,NYC,Sensitive
YUL-13247,2024-06-04,P002,Fermented Rice Serum,Skin,2,15,45,0.0,Sephora,London,Sensitive
YUL-13248,2024-11-23,P005,Ceramide Barrier Cream,Skin,2,14,42,0.0,Online,Seoul,Combination
YUL-13249,2025-05-22,P003,Scalp Soothing Oil,Hair,2,8,28,0.0,Olive Young,NYC,Sensitive
YUL-13250,2025-12-05,P003,Scalp Soothing Oil,Hair,1,8,28,0.0,Flagship Store,Tokyo,Combination
YUL-13251,2025-10-29,P002,Fermented Rice Serum,Skin,2,15,45,0.0,Flagship Store,Seoul,Combination
YUL-13252,2025-06-18,P002,Fermented Rice Serum,Skin,2,15,45,0.1,Online,Seoul,Sensitive
YUL-13253,2025-01-24,P003,Scalp Soothing Oil,Hair,4,8,28,0.0,Online,Seoul,Oily
YUL-13254,2024-05-27,P003,Scalp Soothing Oil,Hair,2,8,28,0.2,Online,Tokyo,Sensitive
YUL-13255,2024-05-29,P001,Deep Sea Hair Mask,Hair,3,12,38,0.2,Sephora,NYC,Sensitive
YUL-13256,2025-03-09,P005,Ceramide Barrier Cream,Skin,4,14,42,0.2,Olive Young,London,Dry
YUL-13257,2025-05-25,P001,Deep Sea Hair Mask,Hair,4,12,38,0.2,Sephora,NYC,Combination
YUL-13258,2024-05-27,P005,Ceramide Barrier Cream,Skin,1,14,42,0.0,Olive Young,Seoul,Dry
YUL-13259,2025-02-28,P005,Ceramide Barrier Cream,Skin,4,14,42,0.2,Online,Tokyo,Oily
YUL-13260,2025-08-01,P003,Scalp Soothing Oil,Hair,1,8,28,0.2,Flagship Store,Tokyo,Oily
YUL-13261,2024-06-24,P001,Deep Sea Hair Mask,Hair,3,12,38,0.0,Olive Young,Tokyo,Sensitive
YUL-13262,2024-07-10,P001,Deep Sea Hair Mask,Hair,1,12,38,0.2,Sephora,Seoul,Combination
YUL-13263,2025-07-29,P004,Mugwort Essence,Skin,1,10,32,0.0,Flagship Store,Tokyo,Dry
YUL-13264,2025-10-03,P001,Deep Sea Hair Mask,Hair,3,12,38,0.0,Online,Tokyo,Combination
YUL-13265,2024-02-17,P004,Mugwort Essence,Skin,3,10,32,0.25,Olive Young,NYC,Combination
YUL-13266,2025-11-03,P004,Mugwort Essence,Skin,3,10,32,0.2,Sephora,NYC,Oily
YUL-13267,2025-12-12,P005,Ceramide Barrier Cream,Skin,1,14,42,0.0,Olive Young,NYC,Dry
YUL-13268,2025-11-08,P004,Mugwort Essence,Skin,4,10,32,0.1,Online,Tokyo,Dry
YUL-13269,2024-09-26,P005,Ceramide Barrier Cream,Skin,4,14,42,0.2,Olive Young,NYC,Combination
YUL-13270,2025-09-02,P005,Ceramide Barrier Cream,Skin,2,14,42,0.25,Online,London,Oily
YUL-13271,2024-02-15,P001,Deep Sea Hair Mask,Hair,2,12,38,0.0,Online,Tokyo,Oily
YUL-13272,2025-06-26,P002,Fermented Rice Serum,Skin,1,15,45,0.25,Sephora,NYC,Dry
YUL-13273,2025-06-18,P002,Fermented Rice Serum,Skin,1,15,45,0.1,Online,Tokyo,Dry
YUL-13274,2025-01-06,P002,Fermented Rice Serum,Skin,2,15,45,0.2,Online,NYC,Oily
YUL-13275,2025-09-18,P002,Fermented Rice Serum,Skin,3,15,45,0.25,Flagship Store,NYC,Combination
YUL-13276,2025-12-24,P002,Fermented Rice Serum,Skin,3,15,45,0.0,Sephora,Tokyo,Dry
YUL-13277,2025-01-26,P004,Mugwort Essence,Skin,4,10,32,0.25,Sephora,Tokyo,Dry
YUL-13278,2025-03-24,P004,Mugwort Essence,Skin,1,10,32,0.25,Online,Tokyo,Dry
YUL-13279,2025-06-24,P004,Mugwort Essence,Skin,2,10,32,0.0,Olive Young,NYC,Sensitive
YUL-13280,2025-06-09,P003,Scalp Soothing Oil,Hair,3,8,28,0.0,Online,NYC,Combination
YUL-13281,2025-09-08,P005,Ceramide Barrier Cream,Skin,3,14,42,0.0,Sephora,Seoul,Oily
YUL-13282,2025-02-19,P001,Deep Sea Hair Mask,Hair,3,12,38,0.0,Olive Young,Tokyo,Oily
YUL-13283,2025-12-14,P003,Scalp Soothing Oil,Hair,4,8,28,0.0,Sephora,London,Oily
YUL-13284,2024-11-28,P002,Fermented Rice Serum,Skin,3,15,45,0.0,Online,NYC,Combination
YUL-13285,2025-07-15,P002,Fermented Rice Serum,Skin,2,15,45,0.25,Flagship Store,Tokyo,Oily
YUL-13286,2024-06-13,P005,Ceramide Barrier Cream,Skin,3,14,42,0.1,Flagship Store,NYC,Oily
YUL-13287,2025-07-18,P004,Mugwort Essence,Skin,3,10,32,0.0,Online,Seoul,Sensitive
YUL-13288,2025-10-01,P003,Scalp Soothing Oil,Hair,4,8,28,0.0,Flagship Store,Tokyo,Oily
YUL-13289,2024-03-03,P003,Scalp Soothing Oil,Hair,3,8,28,0.0,Olive Young,Seoul,Sensitive
YUL-13290,2024-01-28,P002,Fermented Rice Serum,Skin,1,15,45,0.2,Olive Young,Seoul,Sensitive
YUL-13291,2025-10-21,P003,Scalp Soothing Oil,Hair,3,8,28,0.2,Sephora,Seoul,Dry
YUL-13292,2025-09-20,P005,Ceramide Barrier Cream,Skin,2,14,42,0.0,Sephora,Seoul,Sensitive
YUL-13293,2025-02-19,P003,Scalp Soothing Oil,Hair,1,8,28,0.25,Flagship Store,London,Oily
YUL-13294,2024-10-01,P002,Fermented Rice Serum,Skin,3,15,45,0.25,Flagship Store,Seoul,Oily
YUL-13295,2024-01-30,P003,Scalp Soothing Oil,Hair,2,8,28,0.1,Online,London,Dry
YUL-13296,2024-06-13,P002,Fermented Rice Serum,Skin,2,15,45,0.0,Olive Young,NYC,Dry
YUL-13297,2025-08-11,P002,Fermented Rice Serum,Skin,3,15,45,0.0,Sephora,Tokyo,Combination
YUL-13298,2025-12-07,P002,Fermented Rice Serum,Skin,3,15,45,0.0,Sephora,London,Dry
YUL-13299,2025-11-06,P001,Deep Sea Hair Mask,Hair,4,12,38,0.0,Flagship Store,Seoul,Sensitive
YUL-13300,2025-03-11,P001,Deep Sea Hair Mask,Hair,4,12,38,0.0,Sephora,NYC,Oily
YUL-13301,2025-07-23,P004,Mugwort Essence,Skin,1,10,32,0.1,Sephora,NYC,Dry
YUL-13302,2024-01-01,P002,Fermented Rice Serum,Skin,4,15,45,0.0,Flagship Store,NYC,Sensitive
YUL-13303,2024-01-12,P001,Deep Sea Hair Mask,Hair,1,12,38,0.1,Olive Young,Tokyo,Dry
YUL-13304,2025-09-14,P002,Fermented Rice Serum,Skin,1,15,45,0.0,Olive Young,Tokyo,Combination
YUL-13305,2024-10-29,P003,Scalp Soothing Oil,Hair,3,8,28,0.0,Olive Young,Tokyo,Dry
YUL-13306,2025-04-20,P002,Fermented Rice Serum,Skin,1,15,45,0.1,Flagship Store,NYC,Combination
YUL-13307,2024-06-30,P003,Scalp Soothing Oil,Hair,2,8,28,0.0,Sephora,Tokyo,Combination
YUL-13308,2025-03-21,P005,Ceramide Barrier Cream,Skin,2,14,42,0.0,Sephora,London,Dry
YUL-13309,2025-11-14,P001,Deep Sea Hair Mask,Hair,3,12,38,0.0,Online,Tokyo,Dry
YUL-13310,2025-12-18,P005,Ceramide Barrier Cream,Skin,1,14,42,0.0,Flagship Store,London,Oily
YUL-13311,2024-05-25,P004,Mugwort Essence,Skin,4,10,32,0.0,Online,Seoul,Dry
YUL-13312,2025-04-03,P003,Scalp Soothing Oil,Hair,3,8,28,0.0,Online,Seoul,Combination
YUL-13313,2025-05-23,P004,Mugwort Essence,Skin,3,10,32,0.1,Olive Young,Seoul,Dry
YUL-13314,2025-01-11,P002,Fermented Rice Serum,Skin,4,15,45,0.1,Flagship Store,London,Oily
YUL-13315,2025-10-21,P003,Scalp Soothing Oil,Hair,1,8,28,0.0,Flagship Store,NYC,Oily
YUL-13316,2025-02-14,P003,Scalp Soothing Oil,Hair,1,8,28,0.2,Flagship Store,Seoul,Dry
YUL-13317,2025-12-01,P005,Ceramide Barrier Cream,Skin,3,14,42,0.2,Flagship Store,London,Combination
YUL-13318,2025-07-28,P003,Scalp Soothing Oil,Hair,1,8,28,0.0,Online,NYC,Dry
YUL-13319,2025-01-02,P001,Deep Sea Hair Mask,Hair,4,12,38,0.0,Flagship Store,Seoul,Dry
YUL-13320,2024-09-07,P002,Fermented Rice Serum,Skin,1,15,45,0.1,Online,London,Oily
YUL-13321,2024-11-26,P001,Deep Sea Hair Mask,Hair,4,12,38,0.2,Flagship Store,London,Sensitive
YUL-13322,2024-10-13,P005,Ceramide Barrier Cream,Skin,4,14,42,0.0,Online,Tokyo,Combination
YUL-13323,2025-10-16,P002,Fermented Rice Serum,Skin,3,15,45,0.0,Sephora,Seoul,Combination
YUL-13324,2024-05-12,P003,Scalp Soothing Oil,Hair,4,8,28,0.25,Sephora,London,Sensitive
YUL-13325,2024-08-18,P004,Mugwort Essence,Skin,1,10,32,0.0,Online,London,Combination
YUL-13326,2025-06-03,P004,Mugwort Essence,Skin,2,10,32,0.2,Flagship Store,Seoul,Sensitive
YUL-13327,2024-08-16,P003,Scalp Soothing Oil,Hair,4,8,28,0.1,Online,London,Oily
YUL-13328,2025-08-09,P002,Fermented Rice Serum,Skin,3,15,45,0.0,Sephora,NYC,Oily
YUL-13329,2025-06-26,P002,Fermented Rice Serum,Skin,4,15,45,0.0,Sephora,Tokyo,Combination
YUL-13330,2025-03-07,P004,Mugwort Essence,Skin,1,10,32,0.2,Olive Young,Tokyo,Sensitive
YUL-13331,2024-10-06,P001,Deep Sea Hair Mask,Hair,1,12,38,0.1,Sephora,Seoul,Oily
YUL-13332,2025-06-03,P004,Mugwort Essence,Skin,1,10,32,0.0,Flagship Store,Tokyo,Sensitive
YUL-13333,2024-12-24,P003,Scalp Soothing Oil,Hair,4,8,28,0.25,Flagship Store,Seoul,Oily
YUL-13334,2025-07-19,P003,Scalp Soothing Oil,Hair,2,8,28,0.1,Flagship Store,London,Sensitive
YUL-13335,2024-10-18,P001,Deep Sea Hair Mask,Hair,1,12,38,0.2,Sephora,Seoul,Combination
YUL-13336,2024-08-11,P003,Scalp Soothing Oil,Hair,1,8,28,0.25,Flagship Store,Seoul,Combination
YUL-13337,2025-02-25,P002,Fermented Rice Serum,Skin,1,15,45,0.1,Online,Seoul,Sensitive
YUL-13338,2025-12-11,P005,Ceramide Barrier Cream,Skin,2,14,42,0.25,Flagship Store,NYC,Dry
YUL-13339,2024-03-14,P003,Scalp Soothing Oil,Hair,1,8,28,0.0,Online,London,Oily
YUL-13340,2024-09-07,P005,Ceramide Barrier Cream,Skin,3,14,42,0.2,Online,London,Sensitive
YUL-13341,2024-12-07,P001,Deep Sea Hair Mask,Hair,3,12,38,0.0,Sephora,London,Combination
YUL-13342,2025-12-17,P005,Ceramide Barrier Cream,Skin,4,14,42,0.0,Flagship Store,NYC,Sensitive
YUL-13343,2024-05-20,P005,Ceramide Barrier Cream,Skin,2,14,42,0.0,Olive Young,NYC,Oily
YUL-13344,2025-10-07,P003,Scalp Soothing Oil,Hair,4,8,28,0.2,Flagship Store,Seoul,Combination
YUL-13345,2025-04-25,P002,Fermented Rice Serum,Skin,1,15,45,0.1,Olive Young,London,Combination
YUL-13346,2025-05-25,P004,Mugwort Essence,Skin,4,10,32,0.0,Online,NYC,Oily
YUL-13347,2024-11-02,P004,Mugwort Essence,Skin,4,10,32,0.0,Online,Seoul,Oily
YUL-13348,2024-01-26,P003,Scalp Soothing Oil,Hair,2,8,28,0.25,Online,Tokyo,Sensitive
YUL-13349,2024-10-22,P005,Ceramide Barrier Cream,Skin,1,14,42,0.0,Olive Young,NYC,Sensitive
YUL-13350,2025-02-10,P002,Fermented Rice Serum,Skin,2,15,45,0.2,Sephora,Seoul,Oily
YUL-13351,2024-04-06,P002,Fermented Rice Serum,Skin,4,15,45,0.25,Sephora,NYC,Sensitive
YUL-13352,2024-02-28,P002,Fermented Rice Serum,Skin,1,15,45,0.0,Olive Young,Tokyo,Combination
YUL-13353,2025-06-15,P003,Scalp Soothing Oil,Hair,3,8,28,0.2,Sephora,Seoul,Sensitive
YUL-13354,2025-04-21,P002,Fermented Rice Serum,Skin,4,15,45,0.2,Sephora,NYC,Oily
YUL-13355,2025-01-05,P003,Scalp Soothing Oil,Hair,2,8,28,0.0,Olive Young,Seoul,Combination
YUL-13356,2025-11-29,P005,Ceramide Barrier Cream,Skin,4,14,42,0.0,Online,Seoul,Combination
YUL-13357,2025-09-06,P004,Mugwort Essence,Skin,1,10,32,0.25,Olive Young,Seoul,Oily
YUL-13358,2024-03-24,P001,Deep Sea Hair Mask,Hair,2,12,38,0.0,Flagship Store,Tokyo,Combination
YUL-13359,2025-12-09,P003,Scalp Soothing Oil,Hair,1,8,28,0.0,Flagship Store,Tokyo,Dry
YUL-13360,2025-01-22,P003,Scalp Soothing Oil,Hair,2,8,28,0.0,Sephora,London,Dry
YUL-13361,2025-01-14,P005,Ceramide Barrier Cream,Skin,4,14,42,0.2,Olive Young,London,Oily
YUL-13362,2025-07-08,P005,Ceramide Barrier Cream,Skin,1,14,42,0.1,Sephora,Seoul,Dry
YUL-13363,2025-04-22,P005,Ceramide Barrier Cream,Skin,1,14,42,0.25,Olive Young,Seoul,Sensitive
YUL-13364,2025-11-04,P003,Scalp Soothing Oil,Hair,3,8,28,0.1,Olive Young,Seoul,Sensitive
YUL-13365,2025-02-14,P001,Deep Sea Hair Mask,Hair,4,12,38,0.0,Sephora,Tokyo,Dry
YUL-13366,2024-11-29,P004,Mugwort Essence,Skin,4,10,32,0.1,Olive Young,Tokyo,Combination
YUL-13367,2025-01-11,P003,Scalp Soothing Oil,Hair,3,8,28,0.0,Olive Young,Seoul,Oily
YUL-13368,2024-01-20,P003,Scalp Soothing Oil,Hair,2,8,28,0.0,Flagship Store,Tokyo,Combination
YUL-13369,2024-05-16,P002,Fermented Rice Serum,Skin,1,15,45,0.0,Online,Tokyo,Sensitive
YUL-13370,2024-12-21,P002,Fermented Rice Serum,Skin,3,15,45,0.0,Online,Tokyo,Sensitive
YUL-13371,2025-01-11,P003,Scalp Soothing Oil,Hair,2,8,28,0.25,Online,London,Combination
YUL-13372,2025-06-02,P003,Scalp Soothing Oil,Hair,4,8,28,0.25,Online,Seoul,Combination
YUL-13373,2025-05-27,P004,Mugwort Essence,Skin,4,10,32,0.25,Online,Tokyo,Combination
YUL-13374,2025-04-17,P001,Deep Sea Hair Mask,Hair,4,12,38,0.2,Sephora,Tokyo,Combination
YUL-13375,2025-11-18,P003,Scalp Soothing Oil,Hair,3,8,28,0.2,Sephora,Seoul,Combination
YUL-13376,2025-02-15,P001,Deep Sea Hair Mask,Hair,3,12,38,0.2,Sephora,Tokyo,Oily
YUL-13377,2024-07-12,P004,Mugwort Essence,Skin,4,10,32,0.0,Sephora,Seoul,Sensitive
YUL-13378,2025-02-14,P001,Deep Sea Hair Mask,Hair,3,12,38,0.2,Flagship Store,NYC,Dry
YUL-13379,2025-10-20,P001,Deep Sea Hair Mask,Hair,2,12,38,0.1,Sephora,Seoul,Oily
YUL-13380,2024-11-20,P003,Scalp Soothing Oil,Hair,3,8,28,0.0,Sephora,Seoul,Sensitive
YUL-13381,2025-02-02,P002,Fermented Rice Serum,Skin,3,15,45,0.2,Olive Young,NYC,Sensitive
YUL-13382,2025-12-04,P004,Mugwort Essence,Skin,2,10,32,0.0,Olive Young,Tokyo,Oily
YUL-13383,2024-12-26,P004,Mugwort Essence,Skin,3,10,32,0.0,Sephora,NYC,Sensitive
YUL-13384,2024-08-29,P005,Ceramide Barrier Cream,Skin,1,14,42,0.0,Sephora,Seoul,Dry
YUL-13385,2025-10-21,P005,Ceramide Barrier Cream,Skin,2,14,42,0.0,Flagship Store,NYC,Combination
YUL-13386,2024-04-19,P002,Fermented Rice Serum,Skin,3,15,45,0.0,Olive Young,NYC,Oily
YUL-13387,2024-04-10,P003,Scalp Soothing Oil,Hair,2,8,28,0.1,Online,NYC,Oily
YUL-13388,2024-07-26,P005,Ceramide Barrier Cream,Skin,1,14,42,0.0,Sephora,Tokyo,Sensitive
YUL-13389,2025-03-30,P003,Scalp Soothing Oil,Hair,2,8,28,0.0,Online,Seoul,Oily
YUL-13390,2024-06-18,P004,Mugwort Essence,Skin,3,10,32,0.25,Sephora,Tokyo,Oily
YUL-13391,2024-05-27,P002,Fermented Rice Serum,Skin,4,15,45,0.1,Online,Seoul,Combination
YUL-13392,2025-04-09,P002,Fermented Rice Serum,Skin,1,15,45,0.0,Sephora,Seoul,Sensitive
YUL-13393,2024-08-28,P001,Deep Sea Hair Mask,Hair,1,12,38,0.2,Olive Young,NYC,Oily
YUL-13394,2024-04-29,P002,Fermented Rice Serum,Skin,1,15,45,0.2,Sephora,NYC,Sensitive
YUL-13395,2024-08-18,P001,Deep Sea Hair Mask,Hair,2,12,38,0.0,Flagship Store,Tokyo,Combination
YUL-13396,2025-06-09,P005,Ceramide Barrier Cream,Skin,3,14,42,0.0,Flagship Store,NYC,Sensitive
YUL-13397,2024-06-20,P002,Fermented Rice Serum,Skin,3,15,45,0.0,Flagship Store,Tokyo,Sensitive
YUL-13398,2024-11-24,P002,Fermented Rice Serum,Skin,1,15,45,0.25,Online,Tokyo,Sensitive
YUL-13399,2025-06-11,P003,Scalp Soothing Oil,Hair,2,8,28,0.0,Olive Young,NYC,Combination
YUL-13400,2024-06-10,P005,Ceramide Barrier Cream,Skin,4,14,42,0.25,Sephora,Tokyo,Dry
YUL-13401,2025-10-22,P001,Deep Sea Hair Mask,Hair,3,12,38,0.0,Sephora,Tokyo,Dry
YUL-13402,2024-01-11,P003,Scalp Soothing Oil,Hair,3,8,28,0.0,Online,NYC,Combination
YUL-13403,2024-11-08,P004,Mugwort Essence,Skin,1,10,32,0.0,Olive Young,NYC,Sensitive
YUL-13404,2024-10-09,P002,Fermented Rice Serum,Skin,3,15,45,0.0,Online,London,Oily
YUL-13405,2025-03-11,P003,Scalp Soothing Oil,Hair,3,8,28,0.0,Sephora,NYC,Sensitive
YUL-13406,2025-08-03,P004,Mugwort Essence,Skin,3,10,32,0.0,Sephora,Seoul,Combination
YUL-13407,2025-07-07,P003,Scalp Soothing Oil,Hair,4,8,28,0.1,Sephora,Tokyo,Combination
YUL-13408,2024-09-25,P002,Fermented Rice Serum,Skin,2,15,45,0.0,Sephora,Tokyo,Sensitive
YUL-13409,2025-10-14,P004,Mugwort Essence,Skin,2,10,32,0.1,Sephora,Seoul,Combination
YUL-13410,2024-05-05,P002,Fermented Rice Serum,Skin,4,15,45,0.0,Online,NYC,Oily
YUL-13411,2025-02-26,P004,Mugwort Essence,Skin,3,10,32,0.0,Olive Young,Seoul,Sensitive
YUL-13412,2024-03-26,P005,Ceramide Barrier Cream,Skin,3,14,42,0.2,Sephora,Tokyo,Sensitive
YUL-13413,2024-09-11,P004,Mugwort Essence,Skin,4,10,32,0.0,Olive Young,London,Dry
YUL-13414,2025-04-20,P002,Fermented Rice Serum,Skin,4,15,45,0.25,Flagship Store,Seoul,Sensitive
YUL-13415,2024-11-22,P004,Mugwort Essence,Skin,3,10,32,0.0,Flagship Store,NYC,Sensitive
YUL-13416,2025-12-15,P005,Ceramide Barrier Cream,Skin,4,14,42,0.0,Sephora,Seoul,Combination
YUL-13417,2024-06-02,P002,Fermented Rice Serum,Skin,4,15,45,0.0,Sephora,NYC,Dry
YUL-13418,2025-09-09,P002,Fermented Rice Serum,Skin,4,15,45,0.0,Flagship Store,Tokyo,Dry
YUL-13419,2024-10-30,P005,Ceramide Barrier Cream,Skin,1,14,42,0.0,Online,NYC,Combination
YUL-13420,2024-12-11,P004,Mugwort Essence,Skin,4,10,32,0.1,Olive Young,NYC,Dry
YUL-13421,2025-09-04,P002,Fermented Rice Serum,Skin,2,15,45,0.1,Flagship Store,Seoul,Oily
YUL-13422,2025-08-12,P002,Fermented Rice Serum,Skin,2,15,45,0.2,Olive Young,NYC,Dry
YUL-13423,2024-03-01,P005,Ceramide Barrier Cream,Skin,3,14,42,0.0,Online,Seoul,Dry
YUL-13424,2024-07-03,P005,Ceramide Barrier Cream,Skin,4,14,42,0.25,Online,Seoul,Dry
YUL-13425,2025-05-15,P001,Deep Sea Hair Mask,Hair,1,12,38,0.2,Flagship Store,Tokyo,Dry
YUL-13426,2025-04-18,P004,Mugwort Essence,Skin,1,10,32,0.0,Online,NYC,Oily
YUL-13427,2024-10-23,P002,Fermented Rice Serum,Skin,3,15,45,0.0,Sephora,NYC,Sensitive
YUL-13428,2024-10-05,P001,Deep Sea Hair Mask,Hair,2,12,38,0.0,Online,London,Combination
YUL-13429,2024-08-26,P004,Mugwort Essence,Skin,2,10,32,0.0,Sephora,Tokyo,Oily
YUL-13430,2024-06-03,P003,Scalp Soothing Oil,Hair,4,8,28,0.2,Sephora,NYC,Sensitive
YUL-13431,2024-01-15,P003,Scalp Soothing Oil,Hair,1,8,28,0.25,Flagship Store,London,Sensitive
YUL-13432,2024-05-30,P001,Deep Sea Hair Mask,Hair,1,12,38,0.0,Flagship Store,NYC,Sensitive
YUL-13433,2025-04-07,P002,Fermented Rice Serum,Skin,4,15,45,0.0,Online,NYC,Oily
YUL-13434,2024-12-17,P001,Deep Sea Hair Mask,Hair,3,12,38,0.0,Olive Young,London,Combination
YUL-13435,2024-01-25,P002,Fermented Rice Serum,Skin,4,15,45,0.0,Online,London,Sensitive
YUL-13436,2025-11-02,P005,Ceramide Barrier Cream,Skin,1,14,42,0.0,Sephora,NYC,Combination
YUL-13437,2025-01-25,P001,Deep Sea Hair Mask,Hair,1,12,38,0.1,Olive Young,Seoul,Combination
YUL-13438,2024-09-08,P003,Scalp Soothing Oil,Hair,4,8,28,0.2,Sephora,Tokyo,Oily
YUL-13439,2025-01-21,P004,Mugwort Essence,Skin,4,10,32,0.1,Sephora,Seoul,Dry
YUL-13440,2024-09-16,P001,Deep Sea Hair Mask,Hair,3,12,38,0.0,Olive Young,London,Oily
YUL-13441,2024-05-19,P004,Mugwort Essence,Skin,2,10,32,0.0,Sephora,Seoul,Oily
YUL-13442,2025-06-10,P001,Deep Sea Hair Mask,Hair,3,12,38,0.25,Sephora,Tokyo,Combination
YUL-13443,2024-07-31,P003,Scalp Soothing Oil,Hair,2,8,28,0.0,Flagship Store,Seoul,Combination
YUL-13444,2024-10-16,P004,Mugwort Essence,Skin,1,10,32,0.0,Flagship Store,Tokyo,Oily
YUL-13445,2025-08-23,P003,Scalp Soothing Oil,Hair,3,8,28,0.0,Flagship Store,NYC,Combination
YUL-13446,2025-09-17,P005,Ceramide Barrier Cream,Skin,1,14,42,0.0,Olive Young,NYC,Oily
YUL-13447,2025-05-10,P003,Scalp Soothing Oil,Hair,3,8,28,0.0,Online,NYC,Oily
YUL-13448,2025-01-10,P003,Scalp Soothing Oil,Hair,2,8,28,0.0,Online,Tokyo,Dry
YUL-13449,2025-05-17,P003,Scalp Soothing Oil,Hair,1,8,28,0.25,Sephora,Tokyo,Combination
YUL-13450,2025-10-22,P004,Mugwort Essence,Skin,4,10,32,0.0,Flagship Store,NYC,Combination
YUL-13451,2024-03-21,P004,Mugwort Essence,Skin,2,10,32,0.2,Sephora,Tokyo,Oily
YUL-13452,2024-10-10,P001,Deep Sea Hair Mask,Hair,1,12,38,0.0,Olive Young,Tokyo,Dry
YUL-13453,2024-04-19,P004,Mugwort Essence,Skin,4,10,32,0.0,Olive Young,Seoul,Oily
YUL-13454,2025-01-02,P002,Fermented Rice Serum,Skin,2,15,45,0.1,Olive Young,Tokyo,Dry
YUL-13455,2025-06-13,P005,Ceramide Barrier Cream,Skin,3,14,42,0.0,Sephora,London,Combination
YUL-13456,2025-02-08,P005,Ceramide Barrier Cream,Skin,4,14,42,0.0,Olive Young,London,Dry
YUL-13457,2024-04-07,P004,Mugwort Essence,Skin,4,10,32,0.25,Olive Young,Seoul,Oily
YUL-13458,2024-03-21,P001,Deep Sea Hair Mask,Hair,4,12,38,0.0,Flagship Store,NYC,Dry
YUL-13459,2025-06-25,P001,Deep Sea Hair Mask,Hair,1,12,38,0.25,Flagship Store,London,Combination
YUL-13460,2024-02-10,P005,Ceramide Barrier Cream,Skin,3,14,42,0.0,Online,Seoul,Dry
YUL-13461,2025-01-24,P004,Mugwort Essence,Skin,2,10,32,0.0,Flagship Store,NYC,Oily
YUL-13462,2025-03-10,P003,Scalp Soothing Oil,Hair,1,8,28,0.2,Online,Tokyo,Oily
YUL-13463,2024-08-25,P004,Mugwort Essence,Skin,3,10,32,0.1,Flagship Store,Seoul,Oily
YUL-13464,2025-07-22,P004,Mugwort Essence,Skin,2,10,32,0.1,Flagship Store,Seoul,Oily
YUL-13465,2024-07-11,P005,Ceramide Barrier Cream,Skin,2,14,42,0.0,Online,London,Combination
YUL-13466,2025-05-08,P001,Deep Sea Hair Mask,Hair,1,12,38,0.2,Flagship Store,NYC,Sensitive
YUL-13467,2025-05-07,P005,Ceramide Barrier Cream,Skin,1,14,42,0.25,Online,Tokyo,Dry
YUL-13468,2024-10-07,P003,Scalp Soothing Oil,Hair,4,8,28,0.2,Sephora,Seoul,Sensitive
YUL-13469,2024-11-14,P001,Deep Sea Hair Mask,Hair,1,12,38,0.0,Sephora,London,Oily
YUL-13470,2025-06-19,P001,Deep Sea Hair Mask,Hair,3,12,38,0.0,Online,Seoul,Dry
YUL-13471,2025-08-08,P001,Deep Sea Hair Mask,Hair,3,12,38,0.0,Flagship Store,London,Dry
YUL-13472,2025-05-06,P003,Scalp Soothing Oil,Hair,1,8,28,0.25,Sephora,London,Combination
YUL-13473,2024-07-21,P002,Fermented Rice Serum,Skin,1,15,45,0.0,Olive Young,NYC,Dry
YUL-13474,2024-08-05,P005,Ceramide Barrier Cream,Skin,3,14,42,0.0,Online,Tokyo,Dry
YUL-13475,2024-11-17,P005,Ceramide Barrier Cream,Skin,2,14,42,0.25,Flagship Store,London,Combination
YUL-13476,2025-02-14,P003,Scalp Soothing Oil,Hair,1,8,28,0.0,Olive Young,London,Oily
YUL-13477,2025-06-17,P001,Deep Sea Hair Mask,Hair,2,12,38,0.0,Flagship Store,Seoul,Dry
YUL-13478,2024-12-20,P003,Scalp Soothing Oil,Hair,3,8,28,0.25,Sephora,NYC,Oily
YUL-13479,2025-03-05,P005,Ceramide Barrier Cream,Skin,1,14,42,0.25,Online,NYC,Dry
YUL-13480,2025-02-18,P005,Ceramide Barrier Cream,Skin,3,14,42,0.0,Sephora,Tokyo,Sensitive
YUL-13481,2024-11-17,P001,Deep Sea Hair Mask,Hair,3,12,38,0.0,Online,Tokyo,Combination
YUL-13482,2025-06-14,P001,Deep Sea Hair Mask,Hair,3,12,38,0.25,Online,London,Dry
YUL-13483,2025-08-04,P004,Mugwort Essence,Skin,2,10,32,0.25,Olive Young,NYC,Sensitive
YUL-13484,2024-05-18,P003,Scalp Soothing Oil,Hair,4,8,28,0.1,Online,NYC,Combination
YUL-13485,2024-02-19,P003,Scalp Soothing Oil,Hair,2,8,28,0.1,Olive Young,London,Oily
YUL-13486,2024-04-29,P002,Fermented Rice Serum,Skin,4,15,45,0.1,Olive Young,London,Dry
YUL-13487,2024-07-09,P001,Deep Sea Hair Mask,Hair,4,12,38,0.2,Sephora,NYC,Sensitive
YUL-13488,2025-12-11,P001,Deep Sea Hair Mask,Hair,1,12,38,0.0,Olive Young,NYC,Oily
YUL-13489,2025-10-26,P002,Fermented Rice Serum,Skin,3,15,45,0.1,Online,Seoul,Sensitive
YUL-13490,2025-02-12,P002,Fermented Rice Serum,Skin,1,15,45,0.0,Online,NYC,Dry
YUL-13491,2024-10-15,P001,Deep Sea Hair Mask,Hair,4,12,38,0.0,Online,NYC,Dry
YUL-13492,2024-03-01,P003,Scalp Soothing Oil,Hair,2,8,28,0.0,Sephora,NYC,Oily
YUL-13493,2025-03-29,P001,Deep Sea Hair Mask,Hair,4,12,38,0.0,Sephora,London,Sensitive
YUL-13494,2025-02-09,P003,Scalp Soothing Oil,Hair,2,8,28,0.1,Sephora,NYC,Oily
YUL-13495,2025-09-22,P004,Mugwort Essence,Skin,1,10,32,0.0,Olive Young,London,Dry
YUL-13496,2025-09-02,P001,Deep Sea Hair Mask,Hair,1,12,38,0.25,Olive Young,Tokyo,Combination
YUL-13497,2025-06-25,P003,Scalp Soothing Oil,Hair,4,8,28,0.0,Sephora,NYC,Dry
YUL-13498,2024-09-01,P002,Fermented Rice Serum,Skin,1,15,45,0.0,Olive Young,Seoul,Combination
YUL-13499,2025-11-30,P003,Scalp Soothing Oil,Hair,3,8,28,0.0,Online,Seoul,Sensitive
YUL-13500,2025-07-25,P003,Scalp Soothing Oil,Hair,3,8,28,0.0,Flagship Store,London,Dry
YUL-13501,2025-12-25,P004,Mugwort Essence,Skin,1,10,32,0.0,Flagship Store,Tokyo,Combination
YUL-13502,2025-08-02,P005,Ceramide Barrier Cream,Skin,4,14,42,0.1,Flagship Store,Tokyo,Combination
YUL-13503,2025-07-09,P002,Fermented Rice Serum,Skin,2,15,45,0.1,Online,Tokyo,Oily
YUL-13504,2024-11-04,P003,Scalp Soothing Oil,Hair,1,8,28,0.0,Olive Young,Seoul,Dry
YUL-13505,2024-08-04,P004,Mugwort Essence,Skin,3,10,32,0.0,Sephora,NYC,Oily
YUL-13506,2025-07-14,P001,Deep Sea Hair Mask,Hair,3,12,38,0.1,Sephora,Tokyo,Dry
YUL-13507,2025-05-08,P003,Scalp Soothing Oil,Hair,3,8,28,0.2,Olive Young,Seoul,Sensitive
YUL-13508,2025-03-24,P002,Fermented Rice Serum,Skin,1,15,45,0.1,Olive Young,Tokyo,Dry
YUL-13509,2025-07-27,P001,Deep Sea Hair Mask,Hair,1,12,38,0.0,Sephora,Seoul,Dry
YUL-13510,2025-06-25,P002,Fermented Rice Serum,Skin,3,15,45,0.25,Olive Young,London,Oily
YUL-13511,2024-10-30,P001,Deep Sea Hair Mask,Hair,1,12,38,0.2,Flagship Store,Seoul,Combination
YUL-13512,2024-05-28,P004,Mugwort Essence,Skin,2,10,32,0.0,Olive Young,Seoul,Dry
YUL-13513,2024-10-31,P004,Mugwort Essence,Skin,2,10,32,0.25,Olive Young,Tokyo,Combination
YUL-13514,2025-05-31,P003,Scalp Soothing Oil,Hair,2,8,28,0.25,Online,London,Oily
YUL-13515,2024-06-10,P001,Deep Sea Hair Mask,Hair,2,12,38,0.0,Olive Young,NYC,Oily
YUL-13516,2025-04-23,P004,Mugwort Essence,Skin,1,10,32,0.2,Flagship Store,Tokyo,Oily
YUL-13517,2024-03-18,P003,Scalp Soothing Oil,Hair,1,8,28,0.25,Online,Tokyo,Dry
YUL-13518,2024-04-22,P001,Deep Sea Hair Mask,Hair,3,12,38,0.1,Olive Young,Tokyo,Combination
YUL-13519,2025-12-31,P001,Deep Sea Hair Mask,Hair,4,12,38,0.2,Olive Young,NYC,Combination
YUL-13520,2025-09-05,P005,Ceramide Barrier Cream,Skin,3,14,42,0.25,Online,NYC,Oily
YUL-13521,2025-01-31,P001,Deep Sea Hair Mask,Hair,4,12,38,0.1,Olive Young,NYC,Sensitive
YUL-13522,2025-08-02,P004,Mugwort Essence,Skin,4,10,32,0.1,Olive Young,Tokyo,Dry
YUL-13523,2024-01-30,P004,Mugwort Essence,Skin,2,10,32,0.0,Online,NYC,Combination
YUL-13524,2024-10-02,P005,Ceramide Barrier Cream,Skin,3,14,42,0.25,Olive Young,NYC,Sensitive
YUL-13525,2025-09-13,P001,Deep Sea Hair Mask,Hair,3,12,38,0.1,Sephora,Seoul,Sensitive
YUL-13526,2024-01-12,P004,Mugwort Essence,Skin,1,10,32,0.0,Flagship Store,NYC,Dry
YUL-13527,2024-02-24,P001,Deep Sea Hair Mask,Hair,3,12,38,0.2,Olive Young,NYC,Sensitive
YUL-13528,2025-12-03,P005,Ceramide Barrier Cream,Skin,2,14,42,0.0,Sephora,Tokyo,Oily
YUL-13529,2025-09-22,P001,Deep Sea Hair Mask,Hair,2,12,38,0.0,Olive Young,NYC,Dry
YUL-13530,2025-10-29,P002,Fermented Rice Serum,Skin,4,15,45,0.0,Flagship Store,London,Combination
YUL-13531,2024-12-09,P004,Mugwort Essence,Skin,3,10,32,0.25,Flagship Store,London,Combination
YUL-13532,2025-02-01,P005,Ceramide Barrier Cream,Skin,2,14,42,0.25,Online,London,Sensitive
YUL-13533,2025-02-14,P004,Mugwort Essence,Skin,1,10,32,0.25,Sephora,Tokyo,Oily
YUL-13534,2024-06-11,P005,Ceramide Barrier Cream,Skin,1,14,42,0.2,Sephora,London,Oily
YUL-13535,2024-02-16,P002,Fermented Rice Serum,Skin,1,15,45,0.1,Olive Young,London,Dry
YUL-13536,2024-04-25,P002,Fermented Rice Serum,Skin,1,15,45,0.0,Olive Young,Seoul,Dry
YUL-13537,2025-10-28,P002,Fermented Rice Serum,Skin,1,15,45,0.0,Sephora,Tokyo,Oily
YUL-13538,2025-03-22,P004,Mugwort Essence,Skin,2,10,32,0.0,Sephora,Seoul,Sensitive
YUL-13539,2024-05-15,P003,Scalp Soothing Oil,Hair,2,8,28,0.1,Olive Young,NYC,Dry
YUL-13540,2024-12-24,P001,Deep Sea Hair Mask,Hair,2,12,38,0.1,Online,London,Sensitive
YUL-13541,2025-04-21,P001,Deep Sea Hair Mask,Hair,3,12,38,0.0,Olive Young,Seoul,Sensitive
YUL-13542,2025-05-13,P002,Fermented Rice Serum,Skin,1,15,45,0.2,Sephora,Seoul,Sensitive
YUL-13543,2024-04-18,P005,Ceramide Barrier Cream,Skin,1,14,42,0.0,Online,London,Oily
YUL-13544,2024-04-27,P005,Ceramide Barrier Cream,Skin,1,14,42,0.0,Flagship Store,Seoul,Dry
YUL-13545,2025-12-13,P001,Deep Sea Hair Mask,Hair,1,12,38,0.2,Sephora,London,Combination
YUL-13546,2025-11-26,P001,Deep Sea Hair Mask,Hair,3,12,38,0.1,Sephora,London,Sensitive
YUL-13547,2025-12-25,P004,Mugwort Essence,Skin,4,10,32,0.1,Sephora,Tokyo,Dry
YUL-13548,2024-06-05,P002,Fermented Rice Serum,Skin,4,15,45,0.25,Flagship Store,London,Combination
YUL-13549,2025-11-16,P003,Scalp Soothing Oil,Hair,3,8,28,0.0,Olive Young,London,Sensitive
YUL-13550,2024-04-23,P005,Ceramide Barrier Cream,Skin,1,14,42,0.0,Sephora,NYC,Combination
YUL-13551,2024-03-16,P004,Mugwort Essence,Skin,2,10,32,0.0,Olive Young,London,Oily
YUL-13552,2025-07-30,P004,Mugwort Essence,Skin,4,10,32,0.25,Olive Young,NYC,Sensitive
YUL-13553,2025-01-08,P004,Mugwort Essence,Skin,2,10,32,0.0,Olive Young,NYC,Dry
YUL-13554,2024-08-03,P001,Deep Sea Hair Mask,Hair,4,12,38,0.2,Online,London,Oily
YUL-13555,2025-10-03,P003,Scalp Soothing Oil,Hair,2,8,28,0.0,Flagship Store,NYC,Oily
YUL-13556,2024-12-16,P002,Fermented Rice Serum,Skin,4,15,45,0.2,Olive Young,Tokyo,Oily
YUL-13557,2024-11-05,P003,Scalp Soothing Oil,Hair,2,8,28,0.0,Sephora,Seoul,Dry
YUL-13558,2025-04-01,P002,Fermented Rice Serum,Skin,1,15,45,0.25,Olive Young,Seoul,Combination
YUL-13559,2024-04-03,P001,Deep Sea Hair Mask,Hair,2,12,38,0.2,Online,London,Dry
YUL-13560,2024-02-26,P001,Deep Sea Hair Mask,Hair,2,12,38,0.0,Flagship Store,NYC,Oily
YUL-13561,2025-01-15,P002,Fermented Rice Serum,Skin,4,15,45,0.25,Flagship Store,London,Dry
YUL-13562,2025-06-16,P004,Mugwort Essence,Skin,2,10,32,0.0,Olive Young,Tokyo,Oily
YUL-13563,2024-09-17,P001,Deep Sea Hair Mask,Hair,2,12,38,0.0,Olive Young,Seoul,Combination
YUL-13564,2025-06-26,P005,Ceramide Barrier Cream,Skin,2,14,42,0.2,Olive Young,London,Combination
YUL-13565,2024-10-27,P004,Mugwort Essence,Skin,2,10,32,0.0,Flagship Store,Seoul,Dry
YUL-13566,2025-09-01,P004,Mugwort Essence,Skin,1,10,32,0.0,Online,London,Oily
YUL-13567,2025-08-17,P004,Mugwort Essence,Skin,2,10,32,0.0,Flagship Store,NYC,Dry
YUL-13568,2024-07-25,P003,Scalp Soothing Oil,Hair,4,8,28,0.0,Online,NYC,Dry
YUL-13569,2025-03-29,P002,Fermented Rice Serum,Skin,4,15,45,0.25,Flagship Store,London,Dry
YUL-13570,2024-05-05,P005,Ceramide Barrier Cream,Skin,3,14,42,0.1,Online,NYC,Oily
YUL-13571,2024-11-18,P004,Mugwort Essence,Skin,2,10,32,0.1,Online,Seoul,Sensitive
YUL-13572,2024-06-12,P003,Scalp Soothing Oil,Hair,2,8,28,0.0,Online,Tokyo,Oily
YUL-13573,2025-11-24,P003,Scalp Soothing Oil,Hair,4,8,28,0.1,Olive Young,London,Oily
YUL-13574,2024-01-21,P003,Scalp Soothing Oil,Hair,1,8,28,0.0,Flagship Store,London,Combination
YUL-13575,2025-01-17,P004,Mugwort Essence,Skin,3,10,32,0.0,Flagship Store,London,Oily
YUL-13576,2024-05-23,P003,Scalp Soothing Oil,Hair,3,8,28,0.0,Olive Young,NYC,Combination
YUL-13577,2025-01-08,P002,Fermented Rice Serum,Skin,3,15,45,0.0,Online,London,Dry
YUL-13578,2024-06-12,P003,Scalp Soothing Oil,Hair,3,8,28,0.0,Sephora,Tokyo,Oily
YUL-13579,2024-03-25,P002,Fermented Rice Serum,Skin,4,15,45,0.1,Online,NYC,Oily
YUL-13580,2025-10-13,P004,Mugwort Essence,Skin,4,10,32,0.25,Flagship Store,NYC,Combination
YUL-13581,2025-06-28,P004,Mugwort Essence,Skin,2,10,32,0.2,Sephora,Tokyo,Dry
YUL-13582,2025-01-13,P002,Fermented Rice Serum,Skin,3,15,45,0.25,Olive Young,Tokyo,Combination
YUL-13583,2025-05-20,P003,Scalp Soothing Oil,Hair,4,8,28,0.0,Sephora,Tokyo,Combination
YUL-13584,2025-11-29,P003,Scalp Soothing Oil,Hair,1,8,28,0.25,Flagship Store,Seoul,Sensitive
YUL-13585,2024-06-21,P005,Ceramide Barrier Cream,Skin,1,14,42,0.1,Sephora,London,Oily
YUL-13586,2025-06-12,P005,Ceramide Barrier Cream,Skin,2,14,42,0.2,Sephora,Seoul,Dry
YUL-13587,2024-09-23,P001,Deep Sea Hair Mask,Hair,1,12,38,0.25,Sephora,London,Dry
YUL-13588,2024-07-10,P002,Fermented Rice Serum,Skin,2,15,45,0.0,Olive Young,Tokyo,Oily
YUL-13589,2025-01-24,P001,Deep Sea Hair Mask,Hair,3,12,38,0.2,Olive Young,Tokyo,Combination
YUL-13590,2024-03-14,P004,Mugwort Essence,Skin,4,10,32,0.1,Sephora,Tokyo,Combination
YUL-13591,2025-11-08,P002,Fermented Rice Serum,Skin,4,15,45,0.25,Olive Young,Tokyo,Combination
YUL-13592,2025-06-28,P001,Deep Sea Hair Mask,Hair,3,12,38,0.1,Olive Young,Tokyo,Dry
YUL-13593,2024-05-06,P001,Deep Sea Hair Mask,Hair,1,12,38,0.0,Flagship Store,NYC,Dry
YUL-13594,2024-11-07,P005,Ceramide Barrier Cream,Skin,1,14,42,0.25,Sephora,London,Combination
YUL-13595,2024-09-18,P003,Scalp Soothing Oil,Hair,1,8,28,0.2,Olive Young,NYC,Combination
YUL-13596,2025-04-13,P004,Mugwort Essence,Skin,1,10,32,0.25,Olive Young,NYC,Combination
YUL-13597,2024-10-10,P003,Scalp Soothing Oil,Hair,4,8,28,0.0,Olive Young,NYC,Dry
YUL-13598,2024-01-06,P004,Mugwort Essence,Skin,3,10,32,0.25,Online,Tokyo,Oily
YUL-13599,2025-03-11,P004,Mugwort Essence,Skin,4,10,32,0.0,Sephora,Tokyo,Oily
YUL-13600,2025-06-16,P005,Ceramide Barrier Cream,Skin,1,14,42,0.25,Flagship Store,London,Oily
YUL-13601,2025-07-08,P002,Fermented Rice Serum,Skin,3,15,45,0.0,Flagship Store,Tokyo,Dry
YUL-13602,2024-04-18,P004,Mugwort Essence,Skin,2,10,32,0.0,Sephora,Seoul,Sensitive
YUL-13603,2025-05-10,P002,Fermented Rice Serum,Skin,2,15,45,0.25,Sephora,Seoul,Combination
YUL-13604,2024-02-18,P002,Fermented Rice Serum,Skin,1,15,45,0.25,Sephora,NYC,Oily
YUL-13605,2024-09-29,P003,Scalp Soothing Oil,Hair,3,8,28,0.0,Flagship Store,NYC,Combination
YUL-13606,2024-05-11,P001,Deep Sea Hair Mask,Hair,1,12,38,0.0,Online,NYC,Combination
YUL-13607,2024-01-16,P002,Fermented Rice Serum,Skin,3,15,45,0.0,Olive Young,London,Sensitive
YUL-13608,2025-07-02,P005,Ceramide Barrier Cream,Skin,2,14,42,0.2,Sephora,Seoul,Oily
YUL-13609,2025-05-02,P005,Ceramide Barrier Cream,Skin,2,14,42,0.0,Flagship Store,Seoul,Combination
YUL-13610,2025-12-29,P003,Scalp Soothing Oil,Hair,1,8,28,0.0,Flagship Store,London,Oily
YUL-13611,2025-03-07,P001,Deep Sea Hair Mask,Hair,2,12,38,0.1,Online,Tokyo,Dry
YUL-13612,2025-11-29,P005,Ceramide Barrier Cream,Skin,4,14,42,0.0,Online,Seoul,Dry
YUL-13613,2024-03-24,P004,Mugwort Essence,Skin,4,10,32,0.1,Online,Seoul,Combination
YUL-13614,2025-03-26,P005,Ceramide Barrier Cream,Skin,4,14,42,0.25,Online,London,Dry
YUL-13615,2025-02-08,P004,Mugwort Essence,Skin,3,10,32,0.0,Sephora,Tokyo,Dry
YUL-13616,2025-02-06,P005,Ceramide Barrier Cream,Skin,2,14,42,0.1,Sephora,London,Sensitive
YUL-13617,2025-06-18,P001,Deep Sea Hair Mask,Hair,3,12,38,0.1,Olive Young,NYC,Dry
YUL-13618,2024-03-22,P003,Scalp Soothing Oil,Hair,4,8,28,0.0,Olive Young,NYC,Sensitive
YUL-13619,2025-06-25,P004,Mugwort Essence,Skin,1,10,32,0.0,Sephora,Seoul,Oily
YUL-13620,2025-05-22,P001,Deep Sea Hair Mask,Hair,4,12,38,0.0,Online,London,Combination
YUL-13621,2024-08-11,P001,Deep Sea Hair Mask,Hair,3,12,38,0.0,Olive Young,London,Oily
YUL-13622,2025-08-10,P005,Ceramide Barrier Cream,Skin,2,14,42,0.1,Olive Young,Seoul,Dry
YUL-13623,2025-06-12,P001,Deep Sea Hair Mask,Hair,4,12,38,0.0,Olive Young,Tokyo,Oily
YUL-13624,2025-10-06,P004,Mugwort Essence,Skin,4,10,32,0.2,Sephora,Seoul,Combination
YUL-13625,2024-01-25,P004,Mugwort Essence,Skin,2,10,32,0.1,Olive Young,London,Oily
YUL-13626,2025-07-01,P005,Ceramide Barrier Cream,Skin,4,14,42,0.0,Olive Young,Seoul,Sensitive
YUL-13627,2024-12-18,P003,Scalp Soothing Oil,Hair,2,8,28,0.25,Online,Tokyo,Dry
YUL-13628,2024-11-04,P002,Fermented Rice Serum,Skin,2,15,45,0.0,Olive Young,London,Dry
YUL-13629,2025-05-30,P001,Deep Sea Hair Mask,Hair,2,12,38,0.25,Sephora,NYC,Sensitive
YUL-13630,2025-10-11,P001,Deep Sea Hair Mask,Hair,2,12,38,0.1,Olive Young,NYC,Dry
YUL-13631,2024-08-05,P004,Mugwort Essence,Skin,1,10,32,0.25,Flagship Store,NYC,Sensitive
YUL-13632,2024-01-12,P001,Deep Sea Hair Mask,Hair,3,12,38,0.0,Online,Tokyo,Dry
YUL-13633,2025-11-03,P003,Scalp Soothing Oil,Hair,3,8,28,0.2,Olive Young,London,Combination
YUL-13634,2024-07-17,P002,Fermented Rice Serum,Skin,3,15,45,0.0,Sephora,London,Dry
YUL-13635,2024-11-28,P004,Mugwort Essence,Skin,4,10,32,0.0,Online,London,Dry
YUL-13636,2024-01-07,P003,Scalp Soothing Oil,Hair,3,8,28,0.25,Olive Young,Seoul,Oily
YUL-13637,2024-08-08,P001,Deep Sea Hair Mask,Hair,2,12,38,0.1,Sephora,Seoul,Dry
YUL-13638,2025-04-03,P001,Deep Sea Hair Mask,Hair,2,12,38,0.0,Sephora,London,Combination
YUL-13639,2025-05-19,P003,Scalp Soothing Oil,Hair,3,8,28,0.0,Olive Young,Seoul,Sensitive
YUL-13640,2024-06-13,P002,Fermented Rice Serum,Skin,3,15,45,0.0,Olive Young,Tokyo,Oily
YUL-13641,2024-01-12,P004,Mugwort Essence,Skin,1,10,32,0.2,Sephora,London,Sensitive
YUL-13642,2025-08-26,P004,Mugwort Essence,Skin,3,10,32,0.1,Flagship Store,Seoul,Combination
YUL-13643,2025-05-24,P002,Fermented Rice Serum,Skin,4,15,45,0.1,Olive Young,Tokyo,Oily
YUL-13644,2025-09-12,P001,Deep Sea Hair Mask,Hair,4,12,38,0.2,Online,Tokyo,Oily
YUL-13645,2024-07-15,P003,Scalp Soothing Oil,Hair,4,8,28,0.25,Sephora,NYC,Dry
YUL-13646,2024-01-25,P003,Scalp Soothing Oil,Hair,1,8,28,0.0,Sephora,NYC,Combination
YUL-13647,2024-08-26,P004,Mugwort Essence,Skin,4,10,32,0.1,Flagship Store,NYC,Sensitive
YUL-13648,2025-12-17,P005,Ceramide Barrier Cream,Skin,4,14,42,0.0,Online,Tokyo,Sensitive
YUL-13649,2025-04-19,P004,Mugwort Essence,Skin,2,10,32,0.1,Online,Seoul,Dry
YUL-13650,2024-04-08,P002,Fermented Rice Serum,Skin,4,15,45,0.0,Flagship Store,Seoul,Oily
YUL-13651,2025-02-19,P004,Mugwort Essence,Skin,1,10,32,0.0,Sephora,NYC,Oily
YUL-13652,2024-11-26,P001,Deep Sea Hair Mask,Hair,1,12,38,0.0,Sephora,London,Sensitive
YUL-13653,2025-06-04,P002,Fermented Rice Serum,Skin,2,15,45,0.2,Sephora,NYC,Sensitive
YUL-13654,2025-03-03,P003,Scalp Soothing Oil,Hair,4,8,28,0.1,Olive Young,London,Dry
YUL-13655,2025-03-09,P005,Ceramide Barrier Cream,Skin,4,14,42,0.1,Flagship Store,London,Combination
YUL-13656,2025-10-12,P001,Deep Sea Hair Mask,Hair,3,12,38,0.0,Sephora,Tokyo,Dry
YUL-13657,2024-01-19,P005,Ceramide Barrier Cream,Skin,3,14,42,0.0,Flagship Store,Tokyo,Combination
YUL-13658,2024-03-02,P001,Deep Sea Hair Mask,Hair,2,12,38,0.1,Flagship Store,NYC,Combination
YUL-13659,2025-09-19,P001,Deep Sea Hair Mask,Hair,1,12,38,0.0,Flagship Store,London,Oily
YUL-13660,2024-02-19,P004,Mugwort Essence,Skin,3,10,32,0.0,Olive Young,London,Oily
YUL-13661,2024-04-30,P005,Ceramide Barrier Cream,Skin,1,14,42,0.2,Flagship Store,Tokyo,Combination
YUL-13662,2025-11-25,P004,Mugwort Essence,Skin,4,10,32,0.0,Olive Young,Tokyo,Dry
YUL-13663,2025-11-09,P005,Ceramide Barrier Cream,Skin,2,14,42,0.0,Online,London,Dry
YUL-13664,2025-04-18,P005,Ceramide Barrier Cream,Skin,4,14,42,0.1,Flagship Store,Seoul,Oily
YUL-13665,2024-04-25,P005,Ceramide Barrier Cream,Skin,4,14,42,0.0,Olive Young,NYC,Combination
YUL-13666,2025-07-04,P004,Mugwort Essence,Skin,4,10,32,0.0,Flagship Store,London,Combination
YUL-13667,2024-11-19,P005,Ceramide Barrier Cream,Skin,4,14,42,0.0,Olive Young,NYC,Dry
YUL-13668,2024-07-24,P002,Fermented Rice Serum,Skin,3,15,45,0.0,Online,Seoul,Combination
YUL-13669,2025-04-10,P001,Deep Sea Hair Mask,Hair,3,12,38,0.0,Flagship Store,London,Dry
YUL-13670,2024-08-24,P004,Mugwort Essence,Skin,2,10,32,0.2,Flagship Store,Tokyo,Oily
YUL-13671,2024-02-18,P005,Ceramide Barrier Cream,Skin,1,14,42,0.0,Online,NYC,Sensitive
YUL-13672,2025-01-18,P005,Ceramide Barrier Cream,Skin,1,14,42,0.25,Olive Young,Tokyo,Combination
YUL-13673,2024-09-20,P001,Deep Sea Hair Mask,Hair,1,12,38,0.2,Flagship Store,Tokyo,Dry
YUL-13674,2025-06-15,P002,Fermented Rice Serum,Skin,3,15,45,0.1,Online,London,Sensitive
YUL-13675,2025-04-16,P003,Scalp Soothing Oil,Hair,4,8,28,0.0,Sephora,Seoul,Sensitive
YUL-13676,2024-10-18,P001,Deep Sea Hair Mask,Hair,4,12,38,0.1,Olive Young,London,Sensitive
YUL-13677,2024-04-27,P004,Mugwort Essence,Skin,1,10,32,0.2,Online,Tokyo,Dry
YUL-13678,2025-12-22,P001,Deep Sea Hair Mask,Hair,2,12,38,0.0,Sephora,Tokyo,Combination
YUL-13679,2024-08-18,P005,Ceramide Barrier Cream,Skin,2,14,42,0.0,Olive Young,NYC,Sensitive
YUL-13680,2024-08-11,P005,Ceramide Barrier Cream,Skin,4,14,42,0.1,Sephora,Tokyo,Combination
YUL-13681,2024-02-07,P001,Deep Sea Hair Mask,Hair,1,12,38,0.0,Flagship Store,NYC,Sensitive
YUL-13682,2024-05-13,P005,Ceramide Barrier Cream,Skin,1,14,42,0.0,Online,London,Dry
YUL-13683,2025-08-11,P004,Mugwort Essence,Skin,1,10,32,0.0,Sephora,Tokyo,Combination
YUL-13684,2024-07-29,P005,Ceramide Barrier Cream,Skin,1,14,42,0.1,Flagship Store,Tokyo,Dry
YUL-13685,2025-12-11,P004,Mugwort Essence,Skin,3,10,32,0.1,Online,Seoul,Combination
YUL-13686,2024-11-23,P002,Fermented Rice Serum,Skin,1,15,45,0.2,Sephora,London,Dry
YUL-13687,2025-06-28,P003,Scalp Soothing Oil,Hair,4,8,28,0.2,Online,Seoul,Oily
YUL-13688,2025-10-01,P002,Fermented Rice Serum,Skin,1,15,45,0.2,Online,NYC,Dry
YUL-13689,2025-11-02,P001,Deep Sea Hair Mask,Hair,2,12,38,0.1,Online,London,Sensitive
YUL-13690,2024-01-07,P004,Mugwort Essence,Skin,4,10,32,0.0,Flagship Store,London,Oily
YUL-13691,2024-08-22,P004,Mugwort Essence,Skin,1,10,32,0.25,Flagship Store,London,Dry
YUL-13692,2024-07-20,P005,Ceramide Barrier Cream,Skin,3,14,42,0.25,Sephora,Tokyo,Sensitive
YUL-13693,2025-12-13,P004,Mugwort Essence,Skin,3,10,32,0.2,Sephora,Tokyo,Dry
YUL-13694,2024-10-26,P005,Ceramide Barrier Cream,Skin,2,14,42,0.25,Flagship Store,Seoul,Dry
YUL-13695,2025-10-30,P003,Scalp Soothing Oil,Hair,1,8,28,0.0,Olive Young,Tokyo,Combination
YUL-13696,2025-03-23,P004,Mugwort Essence,Skin,1,10,32,0.0,Olive Young,Tokyo,Oily
YUL-13697,2024-10-21,P002,Fermented Rice Serum,Skin,1,15,45,0.0,Flagship Store,NYC,Combination
YUL-13698,2025-02-13,P004,Mugwort Essence,Skin,1,10,32,0.0,Online,Tokyo,Dry
YUL-13699,2024-03-30,P002,Fermented Rice Serum,Skin,3,15,45,0.0,Olive Young,Tokyo,Oily
YUL-13700,2024-10-28,P004,Mugwort Essence,Skin,4,10,32,0.0,Online,London,Dry
YUL-13701,2025-10-02,P003,Scalp Soothing Oil,Hair,2,8,28,0.0,Flagship Store,Tokyo,Dry
YUL-13702,2024-06-18,P001,Deep Sea Hair Mask,Hair,1,12,38,0.2,Olive Young,Tokyo,Sensitive
YUL-13703,2024-07-27,P004,Mugwort Essence,Skin,1,10,32,0.2,Olive Young,NYC,Oily
YUL-13704,2024-10-10,P003,Scalp Soothing Oil,Hair,4,8,28,0.0,Online,NYC,Dry
YUL-13705,2025-05-18,P003,Scalp Soothing Oil,Hair,4,8,28,0.25,Online,London,Oily
YUL-13706,2024-09-10,P002,Fermented Rice Serum,Skin,4,15,45,0.0,Online,Seoul,Combination
YUL-13707,2025-08-26,P002,Fermented Rice Serum,Skin,2,15,45,0.2,Sephora,NYC,Sensitive
YUL-13708,2025-11-29,P002,Fermented Rice Serum,Skin,2,15,45,0.2,Flagship Store,NYC,Oily
YUL-13709,2024-12-03,P001,Deep Sea Hair Mask,Hair,3,12,38,0.0,Flagship Store,NYC,Oily
YUL-13710,2025-06-19,P003,Scalp Soothing Oil,Hair,3,8,28,0.2,Flagship Store,London,Sensitive
YUL-13711,2024-07-25,P003,Scalp Soothing Oil,Hair,1,8,28,0.1,Olive Young,London,Dry
YUL-13712,2024-07-07,P004,Mugwort Essence,Skin,2,10,32,0.2,Olive Young,Tokyo,Dry
YUL-13713,2025-10-29,P003,Scalp Soothing Oil,Hair,3,8,28,0.0,Flagship Store,London,Combination
YUL-13714,2025-04-17,P001,Deep Sea Hair Mask,Hair,2,12,38,0.0,Sephora,London,Oily
YUL-13715,2025-07-09,P003,Scalp Soothing Oil,Hair,1,8,28,0.0,Flagship Store,Tokyo,Oily
YUL-13716,2025-01-09,P004,Mugwort Essence,Skin,2,10,32,0.0,Flagship Store,London,Sensitive
YUL-13717,2024-04-02,P003,Scalp Soothing Oil,Hair,2,8,28,0.0,Olive Young,London,Combination
YUL-13718,2024-01-09,P003,Scalp Soothing Oil,Hair,4,8,28,0.0,Olive Young,Seoul,Oily
YUL-13719,2025-05-12,P005,Ceramide Barrier Cream,Skin,3,14,42,0.0,Olive Young,NYC,Sensitive
YUL-13720,2025-12-26,P002,Fermented Rice Serum,Skin,1,15,45,0.25,Olive Young,Seoul,Combination
YUL-13721,2025-04-28,P005,Ceramide Barrier Cream,Skin,3,14,42,0.25,Flagship Store,Tokyo,Dry
YUL-13722,2025-06-28,P004,Mugwort Essence,Skin,2,10,32,0.2,Sephora,Seoul,Oily
YUL-13723,2025-11-03,P004,Mugwort Essence,Skin,4,10,32,0.1,Online,Tokyo,Combination
YUL-13724,2025-08-02,P002,Fermented Rice Serum,Skin,4,15,45,0.2,Olive Young,Seoul,Sensitive
YUL-13725,2025-07-20,P001,Deep Sea Hair Mask,Hair,2,12,38,0.0,Online,NYC,Combination
YUL-13726,2024-11-07,P002,Fermented Rice Serum,Skin,3,15,45,0.0,Online,Seoul,Combination
YUL-13727,2024-11-15,P004,Mugwort Essence,Skin,4,10,32,0.2,Olive Young,NYC,Sensitive
YUL-13728,2025-08-02,P002,Fermented Rice Serum,Skin,4,15,45,0.25,Olive Young,London,Dry
YUL-13729,2024-10-26,P003,Scalp Soothing Oil,Hair,2,8,28,0.25,Sephora,Tokyo,Oily
YUL-13730,2025-11-04,P005,Ceramide Barrier Cream,Skin,3,14,42,0.1,Sephora,Seoul,Oily
YUL-13731,2025-06-09,P004,Mugwort Essence,Skin,3,10,32,0.0,Sephora,Tokyo,Sensitive
YUL-13732,2025-02-28,P001,Deep Sea Hair Mask,Hair,4,12,38,0.1,Sephora,Tokyo,Combination
YUL-13733,2024-10-11,P001,Deep Sea Hair Mask,Hair,4,12,38,0.25,Flagship Store,Tokyo,Combination
YUL-13734,2024-10-26,P001,Deep Sea Hair Mask,Hair,2,12,38,0.2,Online,Tokyo,Dry
YUL-13735,2024-04-24,P001,Deep Sea Hair Mask,Hair,4,12,38,0.1,Online,Tokyo,Combination
YUL-13736,2024-02-02,P002,Fermented Rice Serum,Skin,4,15,45,0.1,Olive Young,NYC,Combination
YUL-13737,2024-02-11,P005,Ceramide Barrier Cream,Skin,4,14,42,0.25,Sephora,Tokyo,Combination
YUL-13738,2024-09-11,P003,Scalp Soothing Oil,Hair,1,8,28,0.0,Flagship Store,Tokyo,Combination
YUL-13739,2025-11-18,P005,Ceramide Barrier Cream,Skin,1,14,42,0.2,Flagship Store,Tokyo,Oily
YUL-13740,2025-04-24,P005,Ceramide Barrier Cream,Skin,3,14,42,0.1,Sephora,Seoul,Sensitive
YUL-13741,2024-07-14,P001,Deep Sea Hair Mask,Hair,4,12,38,0.0,Flagship Store,NYC,Dry
YUL-13742,2024-04-05,P005,Ceramide Barrier Cream,Skin,1,14,42,0.0,Sephora,London,Dry
YUL-13743,2025-04-26,P005,Ceramide Barrier Cream,Skin,4,14,42,0.0,Online,NYC,Oily
YUL-13744,2024-11-29,P004,Mugwort Essence,Skin,2,10,32,0.0,Online,London,Sensitive
YUL-13745,2025-03-05,P002,Fermented Rice Serum,Skin,4,15,45,0.0,Online,Seoul,Dry
YUL-13746,2025-07-17,P001,Deep Sea Hair Mask,Hair,2,12,38,0.0,Flagship Store,NYC,Sensitive
YUL-13747,2024-01-18,P002,Fermented Rice Serum,Skin,3,15,45,0.0,Sephora,Seoul,Sensitive
YUL-13748,2025-07-16,P005,Ceramide Barrier Cream,Skin,2,14,42,0.25,Online,London,Dry
YUL-13749,2024-09-16,P003,Scalp Soothing Oil,Hair,3,8,28,0.1,Online,London,Dry
YUL-13750,2024-07-25,P003,Scalp Soothing Oil,Hair,2,8,28,0.0,Flagship Store,NYC,Combination
YUL-13751,2025-02-08,P003,Scalp Soothing Oil,Hair,2,8,28,0.0,Online,Seoul,Dry
YUL-13752,2024-06-18,P001,Deep Sea Hair Mask,Hair,4,12,38,0.0,Olive Young,Tokyo,Oily
YUL-13753,2025-06-02,P003,Scalp Soothing Oil,Hair,2,8,28,0.2,Olive Young,NYC,Combination
YUL-13754,2025-06-21,P004,Mugwort Essence,Skin,4,10,32,0.0,Flagship Store,London,Oily
YUL-13755,2024-05-21,P004,Mugwort Essence,Skin,3,10,32,0.0,Online,Seoul,Dry
YUL-13756,2025-02-06,P004,Mugwort Essence,Skin,2,10,32,0.2,Olive Young,Seoul,Dry
YUL-13757,2025-07-14,P005,Ceramide Barrier Cream,Skin,2,14,42,0.25,Flagship Store,London,Dry
YUL-13758,2025-05-10,P001,Deep Sea Hair Mask,Hair,2,12,38,0.0,Olive Young,Seoul,Dry
YUL-13759,2025-02-11,P004,Mugwort Essence,Skin,1,10,32,0.1,Olive Young,Tokyo,Sensitive
YUL-13760,2025-12-13,P003,Scalp Soothing Oil,Hair,1,8,28,0.25,Sephora,NYC,Combination
YUL-13761,2024-10-09,P003,Scalp Soothing Oil,Hair,2,8,28,0.2,Olive Young,Tokyo,Dry
YUL-13762,2024-12-11,P005,Ceramide Barrier Cream,Skin,4,14,42,0.25,Sephora,London,Dry
YUL-13763,2024-02-27,P003,Scalp Soothing Oil,Hair,3,8,28,0.25,Flagship Store,NYC,Oily
YUL-13764,2024-07-29,P003,Scalp Soothing Oil,Hair,4,8,28,0.0,Sephora,NYC,Dry
YUL-13765,2024-09-05,P005,Ceramide Barrier Cream,Skin,3,14,42,0.2,Online,Seoul,Sensitive
YUL-13766,2025-05-22,P002,Fermented Rice Serum,Skin,1,15,45,0.0,Flagship Store,Seoul,Combination
YUL-13767,2025-08-18,P005,Ceramide Barrier Cream,Skin,3,14,42,0.2,Flagship Store,London,Oily
YUL-13768,2024-05-22,P002,Fermented Rice Serum,Skin,4,15,45,0.2,Olive Young,London,Combination
YUL-13769,2024-06-22,P003,Scalp Soothing Oil,Hair,1,8,28,0.2,Olive Young,Tokyo,Oily
YUL-13770,2024-06-27,P005,Ceramide Barrier Cream,Skin,1,14,42,0.25,Olive Young,London,Combination
YUL-13771,2025-03-22,P005,Ceramide Barrier Cream,Skin,3,14,42,0.2,Olive Young,Tokyo,Combination
YUL-13772,2024-10-21,P001,Deep Sea Hair Mask,Hair,4,12,38,0.2,Flagship Store,Tokyo,Combination
YUL-13773,2025-10-04,P005,Ceramide Barrier Cream,Skin,1,14,42,0.2,Olive Young,Tokyo,Sensitive
YUL-13774,2024-03-21,P004,Mugwort Essence,Skin,4,10,32,0.25,Flagship Store,Seoul,Oily
YUL-13775,2025-03-05,P003,Scalp Soothing Oil,Hair,2,8,28,0.2,Online,NYC,Oily
YUL-13776,2025-06-25,P002,Fermented Rice Serum,Skin,3,15,45,0.0,Online,London,Combination
YUL-13777,2024-09-20,P004,Mugwort Essence,Skin,3,10,32,0.1,Online,Seoul,Combination
YUL-13778,2025-06-21,P003,Scalp Soothing Oil,Hair,4,8,28,0.0,Olive Young,Tokyo,Sensitive
YUL-13779,2025-07-26,P003,Scalp Soothing Oil,Hair,4,8,28,0.0,Sephora,Tokyo,Dry
YUL-13780,2024-03-26,P002,Fermented Rice Serum,Skin,4,15,45,0.25,Online,London,Combination
YUL-13781,2025-08-31,P004,Mugwort Essence,Skin,1,10,32,0.1,Olive Young,Tokyo,Dry
YUL-13782,2024-09-26,P003,Scalp Soothing Oil,Hair,4,8,28,0.25,Flagship Store,London,Dry
YUL-13783,2024-10-09,P001,Deep Sea Hair Mask,Hair,3,12,38,0.0,Sephora,Seoul,Sensitive
YUL-13784,2025-01-28,P005,Ceramide Barrier Cream,Skin,2,14,42,0.0,Olive Young,London,Dry
YUL-13785,2024-07-14,P002,Fermented Rice Serum,Skin,1,15,45,0.2,Flagship Store,London,Oily
YUL-13786,2025-08-01,P003,Scalp Soothing Oil,Hair,2,8,28,0.2,Sephora,NYC,Combination
YUL-13787,2024-07-04,P001,Deep Sea Hair Mask,Hair,1,12,38,0.25,Online,Seoul,Sensitive
YUL-13788,2025-02-05,P002,Fermented Rice Serum,Skin,4,15,45,0.2,Sephora,London,Oily
YUL-13789,2025-07-09,P005,Ceramide Barrier Cream,Skin,3,14,42,0.25,Online,Tokyo,Combination
YUL-13790,2025-12-04,P005,Ceramide Barrier Cream,Skin,3,14,42,0.1,Sephora,Seoul,Combination
YUL-13791,2024-10-03,P003,Scalp Soothing Oil,Hair,1,8,28,0.0,Sephora,Seoul,Dry
YUL-13792,2024-12-22,P002,Fermented Rice Serum,Skin,1,15,45,0.0,Sephora,Seoul,Dry
YUL-13793,2025-06-26,P002,Fermented Rice Serum,Skin,2,15,45,0.0,Olive Young,NYC,Dry
YUL-13794,2025-07-24,P003,Scalp Soothing Oil,Hair,1,8,28,0.25,Flagship Store,London,Combination
YUL-13795,2025-09-29,P003,Scalp Soothing Oil,Hair,3,8,28,0.1,Olive Young,London,Sensitive
YUL-13796,2024-12-30,P002,Fermented Rice Serum,Skin,3,15,45,0.1,Sephora,London,Dry
YUL-13797,2025-06-07,P005,Ceramide Barrier Cream,Skin,3,14,42,0.0,Online,Tokyo,Dry
YUL-13798,2025-09-23,P003,Scalp Soothing Oil,Hair,3,8,28,0.25,Flagship Store,Tokyo,Combination
YUL-13799,2024-11-25,P005,Ceramide Barrier Cream,Skin,4,14,42,0.0,Online,London,Oily
YUL-13800,2024-07-05,P003,Scalp Soothing Oil,Hair,3,8,28,0.0,Olive Young,NYC,Oily
YUL-13801,2024-11-14,P004,Mugwort Essence,Skin,3,10,32,0.0,Flagship Store,NYC,Sensitive
YUL-13802,2025-06-18,P005,Ceramide Barrier Cream,Skin,2,14,42,0.0,Online,Tokyo,Oily
YUL-13803,2024-02-06,P004,Mugwort Essence,Skin,3,10,32,0.1,Online,NYC,Oily
YUL-13804,2025-12-31,P002,Fermented Rice Serum,Skin,4,15,45,0.0,Sephora,Tokyo,Combination
YUL-13805,2025-02-26,P002,Fermented Rice Serum,Skin,1,15,45,0.25,Online,London,Oily
YUL-13806,2024-05-26,P004,Mugwort Essence,Skin,3,10,32,0.0,Flagship Store,Seoul,Dry
YUL-13807,2025-12-17,P005,Ceramide Barrier Cream,Skin,2,14,42,0.0,Sephora,Seoul,Oily
YUL-13808,2025-08-07,P004,Mugwort Essence,Skin,3,10,32,0.0,Flagship Store,London,Oily
YUL-13809,2024-12-07,P001,Deep Sea Hair Mask,Hair,2,12,38,0.1,Online,London,Sensitive
YUL-13810,2025-02-15,P002,Fermented Rice Serum,Skin,1,15,45,0.0,Online,Tokyo,Sensitive
YUL-13811,2025-09-11,P005,Ceramide Barrier Cream,Skin,4,14,42,0.0,Flagship Store,Seoul,Sensitive
YUL-13812,2025-08-20,P002,Fermented Rice Serum,Skin,4,15,45,0.0,Olive Young,NYC,Oily
YUL-13813,2025-01-07,P002,Fermented Rice Serum,Skin,2,15,45,0.0,Flagship Store,Tokyo,Oily
YUL-13814,2024-10-11,P003,Scalp Soothing Oil,Hair,1,8,28,0.25,Online,London,Sensitive
YUL-13815,2025-05-09,P005,Ceramide Barrier Cream,Skin,1,14,42,0.0,Olive Young,London,Dry
YUL-13816,2025-08-01,P002,Fermented Rice Serum,Skin,3,15,45,0.2,Olive Young,London,Combination
YUL-13817,2024-06-27,P002,Fermented Rice Serum,Skin,1,15,45,0.0,Sephora,London,Sensitive
YUL-13818,2024-03-26,P005,Ceramide Barrier Cream,Skin,3,14,42,0.25,Sephora,London,Sensitive
YUL-13819,2024-04-29,P005,Ceramide Barrier Cream,Skin,1,14,42,0.0,Online,Tokyo,Sensitive
YUL-13820,2025-07-09,P004,Mugwort Essence,Skin,1,10,32,0.25,Online,London,Dry
YUL-13821,2025-04-19,P005,Ceramide Barrier Cream,Skin,2,14,42,0.0,Online,London,Dry
YUL-13822,2024-03-30,P002,Fermented Rice Serum,Skin,2,15,45,0.0,Flagship Store,NYC,Combination
YUL-13823,2024-12-17,P002,Fermented Rice Serum,Skin,1,15,45,0.2,Flagship Store,London,Sensitive
YUL-13824,2025-10-02,P001,Deep Sea Hair Mask,Hair,1,12,38,0.2,Sephora,Seoul,Dry
YUL-13825,2025-11-25,P004,Mugwort Essence,Skin,4,10,32,0.0,Flagship Store,Seoul,Dry
YUL-13826,2025-02-02,P004,Mugwort Essence,Skin,2,10,32,0.1,Olive Young,NYC,Oily
YUL-13827,2025-03-13,P005,Ceramide Barrier Cream,Skin,4,14,42,0.25,Online,Seoul,Sensitive
YUL-13828,2025-01-13,P004,Mugwort Essence,Skin,4,10,32,0.25,Sephora,London,Dry
YUL-13829,2025-04-14,P003,Scalp Soothing Oil,Hair,1,8,28,0.0,Flagship Store,NYC,Sensitive
YUL-13830,2025-06-29,P001,Deep Sea Hair Mask,Hair,2,12,38,0.0,Sephora,NYC,Oily
YUL-13831,2025-05-30,P003,Scalp Soothing Oil,Hair,2,8,28,0.0,Online,London,Dry
YUL-13832,2025-09-23,P003,Scalp Soothing Oil,Hair,3,8,28,0.1,Sephora,NYC,Combination
YUL-13833,2024-05-11,P003,Scalp Soothing Oil,Hair,2,8,28,0.0,Olive Young,Seoul,Dry
YUL-13834,2025-10-03,P001,Deep Sea Hair Mask,Hair,4,12,38,0.0,Flagship Store,Tokyo,Combination
YUL-13835,2025-06-06,P001,Deep Sea Hair Mask,Hair,3,12,38,0.0,Online,NYC,Combination
YUL-13836,2024-06-01,P003,Scalp Soothing Oil,Hair,3,8,28,0.2,Olive Young,London,Dry
YUL-13837,2024-04-10,P004,Mugwort Essence,Skin,2,10,32,0.0,Online,NYC,Dry
YUL-13838,2024-01-06,P004,Mugwort Essence,Skin,4,10,32,0.25,Flagship Store,NYC,Sensitive
YUL-13839,2025-08-02,P005,Ceramide Barrier Cream,Skin,3,14,42,0.0,Sephora,Seoul,Dry
YUL-13840,2025-10-22,P004,Mugwort Essence,Skin,4,10,32,0.2,Online,NYC,Sensitive
YUL-13841,2024-07-27,P003,Scalp Soothing Oil,Hair,2,8,28,0.25,Olive Young,Tokyo,Oily
YUL-13842,2025-01-05,P003,Scalp Soothing Oil,Hair,2,8,28,0.25,Online,London,Sensitive
YUL-13843,2024-10-27,P003,Scalp Soothing Oil,Hair,2,8,28,0.25,Flagship Store,London,Oily
YUL-13844,2024-10-10,P003,Scalp Soothing Oil,Hair,4,8,28,0.0,Sephora,London,Sensitive
YUL-13845,2025-03-11,P005,Ceramide Barrier Cream,Skin,4,14,42,0.2,Olive Young,Tokyo,Dry
YUL-13846,2025-04-23,P004,Mugwort Essence,Skin,3,10,32,0.25,Olive Young,London,Combination
YUL-13847,2024-09-24,P005,Ceramide Barrier Cream,Skin,1,14,42,0.0,Flagship Store,NYC,Combination
YUL-13848,2024-12-23,P001,Deep Sea Hair Mask,Hair,1,12,38,0.1,Flagship Store,London,Sensitive
YUL-13849,2024-02-13,P004,Mugwort Essence,Skin,3,10,32,0.2,Flagship Store,NYC,Dry
YUL-13850,2025-06-21,P005,Ceramide Barrier Cream,Skin,2,14,42,0.2,Sephora,Tokyo,Dry
YUL-13851,2025-04-20,P005,Ceramide Barrier Cream,Skin,3,14,42,0.1,Olive Young,NYC,Sensitive
YUL-13852,2024-08-18,P003,Scalp Soothing Oil,Hair,2,8,28,0.1,Flagship Store,NYC,Combination
YUL-13853,2025-03-24,P003,Scalp Soothing Oil,Hair,1,8,28,0.25,Sephora,Seoul,Oily
YUL-13854,2024-09-05,P001,Deep Sea Hair Mask,Hair,4,12,38,0.0,Flagship Store,Tokyo,Dry
YUL-13855,2025-11-19,P001,Deep Sea Hair Mask,Hair,1,12,38,0.0,Olive Young,London,Combination
YUL-13856,2024-11-11,P002,Fermented Rice Serum,Skin,3,15,45,0.1,Sephora,London,Combination
YUL-13857,2025-09-12,P003,Scalp Soothing Oil,Hair,2,8,28,0.25,Flagship Store,NYC,Oily
YUL-13858,2025-05-16,P005,Ceramide Barrier Cream,Skin,1,14,42,0.25,Flagship Store,NYC,Combination
YUL-13859,2024-08-31,P001,Deep Sea Hair Mask,Hair,4,12,38,0.1,Sephora,London,Dry
YUL-13860,2025-09-16,P004,Mugwort Essence,Skin,3,10,32,0.0,Sephora,London,Dry
YUL-13861,2025-06-14,P005,Ceramide Barrier Cream,Skin,4,14,42,0.0,Online,NYC,Oily
YUL-13862,2024-10-15,P003,Scalp Soothing Oil,Hair,2,8,28,0.1,Online,NYC,Combination
YUL-13863,2024-09-29,P005,Ceramide Barrier Cream,Skin,3,14,42,0.0,Online,Seoul,Combination
YUL-13864,2024-03-10,P005,Ceramide Barrier Cream,Skin,4,14,42,0.25,Online,London,Oily
YUL-13865,2024-10-16,P003,Scalp Soothing Oil,Hair,4,8,28,0.1,Olive Young,London,Sensitive
YUL-13866,2024-01-16,P005,Ceramide Barrier Cream,Skin,3,14,42,0.1,Sephora,Tokyo,Sensitive
YUL-13867,2024-11-28,P001,Deep Sea Hair Mask,Hair,4,12,38,0.0,Online,Tokyo,Sensitive
YUL-13868,2025-07-04,P001,Deep Sea Hair Mask,Hair,3,12,38,0.0,Flagship Store,Tokyo,Oily
YUL-13869,2024-12-21,P004,Mugwort Essence,Skin,2,10,32,0.0,Sephora,London,Combination
YUL-13870,2024-02-28,P004,Mugwort Essence,Skin,3,10,32,0.25,Online,Tokyo,Sensitive
YUL-13871,2024-02-21,P005,Ceramide Barrier Cream,Skin,4,14,42,0.0,Flagship Store,Tokyo,Combination
YUL-13872,2024-07-02,P002,Fermented Rice Serum,Skin,3,15,45,0.1,Olive Young,London,Sensitive
YUL-13873,2025-01-03,P004,Mugwort Essence,Skin,3,10,32,0.2,Online,Seoul,Sensitive
YUL-13874,2024-06-25,P003,Scalp Soothing Oil,Hair,4,8,28,0.25,Olive Young,Seoul,Combination
YUL-13875,2024-09-07,P004,Mugwort Essence,Skin,1,10,32,0.1,Olive Young,NYC,Sensitive
YUL-13876,2025-03-30,P004,Mugwort Essence,Skin,2,10,32,0.0,Online,London,Oily
YUL-13877,2025-02-04,P001,Deep Sea Hair Mask,Hair,1,12,38,0.0,Olive Young,NYC,Dry
YUL-13878,2024-02-13,P002,Fermented Rice Serum,Skin,4,15,45,0.0,Sephora,London,Dry
YUL-13879,2025-05-22,P005,Ceramide Barrier Cream,Skin,2,14,42,0.2,Online,Seoul,Dry
YUL-13880,2024-01-13,P003,Scalp Soothing Oil,Hair,1,8,28,0.2,Flagship Store,NYC,Combination
YUL-13881,2024-02-21,P001,Deep Sea Hair Mask,Hair,4,12,38,0.1,Flagship Store,Seoul,Sensitive
YUL-13882,2025-08-03,P002,Fermented Rice Serum,Skin,3,15,45,0.0,Sephora,London,Combination
YUL-13883,2025-02-14,P003,Scalp Soothing Oil,Hair,2,8,28,0.0,Flagship Store,Tokyo,Sensitive
YUL-13884,2025-08-21,P005,Ceramide Barrier Cream,Skin,1,14,42,0.1,Flagship Store,NYC,Oily
YUL-13885,2025-02-10,P001,Deep Sea Hair Mask,Hair,4,12,38,0.2,Sephora,NYC,Combination
YUL-13886,2024-07-25,P001,Deep Sea Hair Mask,Hair,1,12,38,0.2,Online,Tokyo,Oily
YUL-13887,2025-05-06,P004,Mugwort Essence,Skin,1,10,32,0.0,Sephora,Seoul,Sensitive
YUL-13888,2025-07-26,P001,Deep Sea Hair Mask,Hair,2,12,38,0.0,Sephora,NYC,Combination
YUL-13889,2025-06-02,P001,Deep Sea Hair Mask,Hair,3,12,38,0.1,Online,Tokyo,Dry
YUL-13890,2025-07-05,P001,Deep Sea Hair Mask,Hair,3,12,38,0.0,Olive Young,Seoul,Combination
YUL-13891,2025-06-17,P001,Deep Sea Hair Mask,Hair,2,12,38,0.0,Online,Seoul,Sensitive
YUL-13892,2025-04-30,P001,Deep Sea Hair Mask,Hair,4,12,38,0.1,Sephora,NYC,Oily
YUL-13893,2025-09-23,P002,Fermented Rice Serum,Skin,3,15,45,0.0,Olive Young,Tokyo,Dry
YUL-13894,2024-04-03,P002,Fermented Rice Serum,Skin,4,15,45,0.2,Olive Young,London,Combination
YUL-13895,2024-05-21,P004,Mugwort Essence,Skin,4,10,32,0.1,Flagship Store,London,Dry
YUL-13896,2025-10-11,P002,Fermented Rice Serum,Skin,2,15,45,0.0,Flagship Store,London,Dry
YUL-13897,2025-03-20,P003,Scalp Soothing Oil,Hair,2,8,28,0.0,Online,Seoul,Oily
YUL-13898,2024-01-29,P001,Deep Sea Hair Mask,Hair,4,12,38,0.2,Sephora,Tokyo,Sensitive
YUL-13899,2024-08-23,P004,Mugwort Essence,Skin,2,10,32,0.0,Sephora,London,Oily
YUL-13900,2024-12-22,P003,Scalp Soothing Oil,Hair,3,8,28,0.2,Olive Young,London,Oily
YUL-13901,2025-04-23,P002,Fermented Rice Serum,Skin,2,15,45,0.0,Online,London,Oily
YUL-13902,2025-06-06,P002,Fermented Rice Serum,Skin,3,15,45,0.0,Flagship Store,Tokyo,Sensitive
YUL-13903,2025-01-26,P002,Fermented Rice Serum,Skin,1,15,45,0.0,Sephora,NYC,Combination
YUL-13904,2024-05-03,P004,Mugwort Essence,Skin,2,10,32,0.1,Sephora,Seoul,Sensitive
YUL-13905,2024-11-19,P003,Scalp Soothing Oil,Hair,2,8,28,0.1,Online,NYC,Oily
YUL-13906,2024-10-27,P003,Scalp Soothing Oil,Hair,3,8,28,0.0,Olive Young,Tokyo,Sensitive
YUL-13907,2024-07-14,P004,Mugwort Essence,Skin,2,10,32,0.0,Online,NYC,Dry
YUL-13908,2025-07-13,P003,Scalp Soothing Oil,Hair,4,8,28,0.0,Sephora,Seoul,Oily
YUL-13909,2025-05-31,P004,Mugwort Essence,Skin,3,10,32,0.0,Sephora,London,Combination
YUL-13910,2024-03-09,P004,Mugwort Essence,Skin,4,10,32,0.1,Online,NYC,Dry
YUL-13911,2025-03-01,P005,Ceramide Barrier Cream,Skin,3,14,42,0.0,Sephora,Seoul,Combination
YUL-13912,2025-03-06,P003,Scalp Soothing Oil,Hair,4,8,28,0.0,Online,London,Dry
YUL-13913,2024-05-07,P004,Mugwort Essence,Skin,4,10,32,0.0,Olive Young,Seoul,Dry
YUL-13914,2025-02-02,P002,Fermented Rice Serum,Skin,3,15,45,0.0,Olive Young,NYC,Sensitive
YUL-13915,2024-10-03,P003,Scalp Soothing Oil,Hair,4,8,28,0.2,Sephora,Tokyo,Sensitive
YUL-13916,2025-07-29,P002,Fermented Rice Serum,Skin,1,15,45,0.0,Online,NYC,Sensitive
YUL-13917,2024-01-15,P005,Ceramide Barrier Cream,Skin,4,14,42,0.0,Sephora,NYC,Oily
YUL-13918,2024-04-22,P005,Ceramide Barrier Cream,Skin,4,14,42,0.0,Online,Tokyo,Dry
YUL-13919,2024-12-01,P001,Deep Sea Hair Mask,Hair,2,12,38,0.0,Flagship Store,Tokyo,Oily
YUL-13920,2025-06-14,P005,Ceramide Barrier Cream,Skin,3,14,42,0.0,Flagship Store,NYC,Sensitive
YUL-13921,2025-12-31,P005,Ceramide Barrier Cream,Skin,4,14,42,0.1,Flagship Store,NYC,Combination
YUL-13922,2024-03-04,P005,Ceramide Barrier Cream,Skin,4,14,42,0.0,Olive Young,Seoul,Sensitive
YUL-13923,2025-05-25,P002,Fermented Rice Serum,Skin,3,15,45,0.1,Olive Young,Tokyo,Oily
YUL-13924,2024-06-23,P001,Deep Sea Hair Mask,Hair,2,12,38,0.0,Online,Tokyo,Dry
YUL-13925,2024-10-21,P004,Mugwort Essence,Skin,2,10,32,0.25,Olive Young,London,Combination
YUL-13926,2024-10-22,P003,Scalp Soothing Oil,Hair,2,8,28,0.0,Flagship Store,Tokyo,Dry
YUL-13927,2025-10-13,P005,Ceramide Barrier Cream,Skin,3,14,42,0.1,Olive Young,NYC,Oily
YUL-13928,2024-07-20,P003,Scalp Soothing Oil,Hair,3,8,28,0.25,Online,Seoul,Sensitive
YUL-13929,2024-07-13,P004,Mugwort Essence,Skin,4,10,32,0.2,Sephora,NYC,Combination
YUL-13930,2025-04-30,P005,Ceramide Barrier Cream,Skin,3,14,42,0.25,Online,Tokyo,Oily
YUL-13931,2024-08-29,P004,Mugwort Essence,Skin,3,10,32,0.1,Sephora,Seoul,Combination
YUL-13932,2024-07-19,P001,Deep Sea Hair Mask,Hair,2,12,38,0.2,Sephora,London,Sensitive
YUL-13933,2024-12-28,P004,Mugwort Essence,Skin,3,10,32,0.0,Sephora,London,Oily
YUL-13934,2025-07-22,P002,Fermented Rice Serum,Skin,4,15,45,0.0,Olive Young,NYC,Combination
YUL-13935,2024-12-03,P001,Deep Sea Hair Mask,Hair,3,12,38,0.0,Sephora,NYC,Sensitive
YUL-13936,2024-05-01,P002,Fermented Rice Serum,Skin,2,15,45,0.1,Flagship Store,Seoul,Dry
YUL-13937,2025-01-07,P001,Deep Sea Hair Mask,Hair,3,12,38,0.0,Flagship Store,Seoul,Oily
YUL-13938,2025-04-03,P003,Scalp Soothing Oil,Hair,4,8,28,0.0,Sephora,Tokyo,Dry
YUL-13939,2024-02-08,P001,Deep Sea Hair Mask,Hair,4,12,38,0.0,Olive Young,Tokyo,Dry
YUL-13940,2024-10-10,P003,Scalp Soothing Oil,Hair,2,8,28,0.2,Olive Young,Seoul,Sensitive
YUL-13941,2025-11-10,P004,Mugwort Essence,Skin,3,10,32,0.0,Olive Young,Tokyo,Combination
YUL-13942,2025-03-09,P004,Mugwort Essence,Skin,2,10,32,0.0,Online,Tokyo,Dry
YUL-13943,2024-01-08,P003,Scalp Soothing Oil,Hair,3,8,28,0.0,Olive Young,Tokyo,Sensitive
YUL-13944,2024-10-14,P001,Deep Sea Hair Mask,Hair,4,12,38,0.0,Olive Young,Tokyo,Oily
YUL-13945,2025-02-20,P002,Fermented Rice Serum,Skin,4,15,45,0.0,Olive Young,NYC,Sensitive
YUL-13946,2025-05-06,P004,Mugwort Essence,Skin,4,10,32,0.1,Olive Young,Tokyo,Oily
YUL-13947,2024-07-10,P004,Mugwort Essence,Skin,4,10,32,0.1,Olive Young,Seoul,Dry
YUL-13948,2025-09-13,P002,Fermented Rice Serum,Skin,1,15,45,0.0,Olive Young,London,Combination
YUL-13949,2025-05-28,P003,Scalp Soothing Oil,Hair,2,8,28,0.0,Sephora,Tokyo,Combination
YUL-13950,2024-12-28,P005,Ceramide Barrier Cream,Skin,2,14,42,0.0,Flagship Store,Seoul,Combination
YUL-13951,2025-04-24,P004,Mugwort Essence,Skin,4,10,32,0.0,Online,London,Dry
YUL-13952,2024-05-26,P003,Scalp Soothing Oil,Hair,4,8,28,0.0,Online,Seoul,Dry
YUL-13953,2025-05-12,P003,Scalp Soothing Oil,Hair,4,8,28,0.25,Sephora,London,Sensitive
YUL-13954,2024-12-29,P005,Ceramide Barrier Cream,Skin,2,14,42,0.0,Flagship Store,Seoul,Oily
YUL-13955,2024-08-13,P001,Deep Sea Hair Mask,Hair,3,12,38,0.0,Sephora,Seoul,Sensitive
YUL-13956,2024-02-02,P002,Fermented Rice Serum,Skin,2,15,45,0.25,Sephora,London,Combination
YUL-13957,2024-11-14,P004,Mugwort Essence,Skin,3,10,32,0.25,Flagship Store,London,Combination
YUL-13958,2024-02-03,P005,Ceramide Barrier Cream,Skin,4,14,42,0.1,Olive Young,NYC,Dry
YUL-13959,2025-04-04,P004,Mugwort Essence,Skin,3,10,32,0.25,Olive Young,Seoul,Sensitive
YUL-13960,2024-10-17,P003,Scalp Soothing Oil,Hair,3,8,28,0.0,Online,Seoul,Combination
YUL-13961,2024-12-15,P004,Mugwort Essence,Skin,1,10,32,0.0,Sephora,Seoul,Combination
YUL-13962,2025-07-27,P003,Scalp Soothing Oil,Hair,3,8,28,0.0,Flagship Store,NYC,Sensitive
YUL-13963,2025-11-18,P005,Ceramide Barrier Cream,Skin,4,14,42,0.0,Olive Young,Seoul,Oily
YUL-13964,2024-04-09,P003,Scalp Soothing Oil,Hair,2,8,28,0.0,Flagship Store,NYC,Combination
YUL-13965,2025-07-02,P003,Scalp Soothing Oil,Hair,2,8,28,0.0,Sephora,London,Sensitive
YUL-13966,2025-02-02,P004,Mugwort Essence,Skin,3,10,32,0.0,Sephora,Seoul,Combination
YUL-13967,2025-03-26,P003,Scalp Soothing Oil,Hair,2,8,28,0.25,Sephora,Tokyo,Combination
YUL-13968,2024-06-08,P003,Scalp Soothing Oil,Hair,1,8,28,0.1,Online,London,Oily
YUL-13969,2025-04-24,P002,Fermented Rice Serum,Skin,1,15,45,0.25,Flagship Store,Tokyo,Combination
YUL-13970,2025-08-22,P005,Ceramide Barrier Cream,Skin,3,14,42,0.1,Online,Seoul,Sensitive
YUL-13971,2025-05-10,P004,Mugwort Essence,Skin,3,10,32,0.25,Flagship Store,NYC,Sensitive
YUL-13972,2025-11-13,P003,Scalp Soothing Oil,Hair,3,8,28,0.1,Online,Tokyo,Dry
YUL-13973,2024-04-03,P005,Ceramide Barrier Cream,Skin,3,14,42,0.2,Sephora,NYC,Sensitive
YUL-13974,2025-08-24,P002,Fermented Rice Serum,Skin,4,15,45,0.2,Online,NYC,Oily
YUL-13975,2024-10-23,P001,Deep Sea Hair Mask,Hair,4,12,38,0.25,Olive Young,NYC,Oily
YUL-13976,2025-05-18,P002,Fermented Rice Serum,Skin,1,15,45,0.1,Sephora,London,Combination
YUL-13977,2024-01-16,P003,Scalp Soothing Oil,Hair,4,8,28,0.0,Flagship Store,London,Sensitive
YUL-13978,2025-01-11,P002,Fermented Rice Serum,Skin,4,15,45,0.0,Online,London,Sensitive
YUL-13979,2025-02-15,P003,Scalp Soothing Oil,Hair,2,8,28,0.0,Sephora,Seoul,Dry
YUL-13980,2024-04-19,P005,Ceramide Barrier Cream,Skin,3,14,42,0.2,Flagship Store,NYC,Sensitive
YUL-13981,2025-08-18,P002,Fermented Rice Serum,Skin,4,15,45,0.2,Sephora,Tokyo,Dry
YUL-13982,2024-01-06,P002,Fermented Rice Serum,Skin,1,15,45,0.0,Flagship Store,NYC,Dry
YUL-13983,2024-11-25,P005,Ceramide Barrier Cream,Skin,4,14,42,0.25,Sephora,Tokyo,Combination
YUL-13984,2025-11-10,P004,Mugwort Essence,Skin,3,10,32,0.1,Flagship Store,London,Sensitive
YUL-13985,2025-07-02,P001,Deep Sea Hair Mask,Hair,2,12,38,0.1,Sephora,Seoul,Dry
YUL-13986,2025-08-29,P005,Ceramide Barrier Cream,Skin,3,14,42,0.0,Flagship Store,NYC,Dry
YUL-13987,2025-04-07,P003,Scalp Soothing Oil,Hair,3,8,28,0.1,Olive Young,NYC,Oily
YUL-13988,2025-11-10,P001,Deep Sea Hair Mask,Hair,1,12,38,0.1,Olive Young,London,Sensitive
YUL-13989,2025-11-11,P003,Scalp Soothing Oil,Hair,3,8,28,0.2,Online,Seoul,Sensitive
YUL-13990,2024-03-01,P003,Scalp Soothing Oil,Hair,2,8,28,0.2,Online,Tokyo,Sensitive
YUL-13991,2025-08-26,P004,Mugwort Essence,Skin,1,10,32,0.0,Online,Tokyo,Sensitive
YUL-13992,2024-05-16,P004,Mugwort Essence,Skin,1,10,32,0.0,Sephora,NYC,Sensitive
YUL-13993,2025-11-06,P004,Mugwort Essence,Skin,2,10,32,0.0,Sephora,NYC,Dry
YUL-13994,2024-12-23,P004,Mugwort Essence,Skin,3,10,32,0.2,Online,Seoul,Dry
YUL-13995,2025-09-07,P001,Deep Sea Hair Mask,Hair,1,12,38,0.1,Sephora,London,Sensitive
YUL-13996,2024-01-05,P004,Mugwort Essence,Skin,1,10,32,0.0,Flagship Store,London,Dry
YUL-13997,2024-10-28,P003,Scalp Soothing Oil,Hair,2,8,28,0.1,Sephora,Seoul,Combination
YUL-13998,2024-01-02,P001,Deep Sea Hair Mask,Hair,4,12,38,0.0,Olive Young,Seoul,Sensitive
YUL-13999,2024-06-28,P001,Deep Sea Hair Mask,Hair,2,12,38,0.1,Online,London,Combination
YUL-14000,2024-11-06,P002,Fermented Rice Serum,Skin,4,15,45,0.25,Online,London,Sensitive
YUL-14001,2025-12-20,P003,Scalp Soothing Oil,Hair,3,8,28,0.2,Olive Young,Tokyo,Oily
YUL-14002,2024-08-23,P002,Fermented Rice Serum,Skin,2,15,45,0.0,Sephora,Tokyo,Oily
YUL-14003,2024-02-11,P001,Deep Sea Hair Mask,Hair,1,12,38,0.2,Sephora,London,Dry
YUL-14004,2025-03-05,P003,Scalp Soothing Oil,Hair,4,8,28,0.0,Flagship Store,Seoul,Sensitive
YUL-14005,2025-10-08,P004,Mugwort Essence,Skin,2,10,32,0.25,Olive Young,Seoul,Combination
YUL-14006,2025-12-10,P002,Fermented Rice Serum,Skin,3,15,45,0.0,Sephora,NYC,Oily
YUL-14007,2025-05-24,P001,Deep Sea Hair Mask,Hair,4,12,38,0.1,Flagship Store,NYC,Oily
YUL-14008,2024-11-13,P004,Mugwort Essence,Skin,4,10,32,0.0,Olive Young,NYC,Dry
YUL-14009,2024-07-20,P002,Fermented Rice Serum,Skin,1,15,45,0.2,Olive Young,London,Combination
YUL-14010,2024-03-30,P001,Deep Sea Hair Mask,Hair,3,12,38,0.25,Online,NYC,Combination
YUL-14011,2024-08-06,P004,Mugwort Essence,Skin,1,10,32,0.1,Sephora,Seoul,Dry
YUL-14012,2025-04-20,P004,Mugwort Essence,Skin,2,10,32,0.0,Flagship Store,London,Oily
YUL-14013,2025-03-06,P002,Fermented Rice Serum,Skin,1,15,45,0.25,Olive Young,NYC,Combination
YUL-14014,2025-04-21,P004,Mugwort Essence,Skin,1,10,32,0.2,Flagship Store,NYC,Combination
YUL-14015,2024-04-29,P001,Deep Sea Hair Mask,Hair,3,12,38,0.0,Flagship Store,Seoul,Combination
YUL-14016,2025-05-30,P001,Deep Sea Hair Mask,Hair,1,12,38,0.25,Flagship Store,Seoul,Sensitive
YUL-14017,2025-09-28,P003,Scalp Soothing Oil,Hair,2,8,28,0.1,Sephora,London,Combination
YUL-14018,2025-06-19,P005,Ceramide Barrier Cream,Skin,3,14,42,0.0,Flagship Store,London,Sensitive
YUL-14019,2025-03-23,P005,Ceramide Barrier Cream,Skin,1,14,42,0.0,Olive Young,NYC,Dry
YUL-14020,2025-08-25,P002,Fermented Rice Serum,Skin,4,15,45,0.2,Sephora,Tokyo,Dry
YUL-14021,2025-12-26,P003,Scalp Soothing Oil,Hair,2,8,28,0.0,Olive Young,Seoul,Combination
YUL-14022,2025-01-22,P004,Mugwort Essence,Skin,1,10,32,0.1,Online,London,Combination
YUL-14023,2025-01-19,P001,Deep Sea Hair Mask,Hair,4,12,38,0.2,Sephora,London,Oily
YUL-14024,2024-05-28,P004,Mugwort Essence,Skin,2,10,32,0.0,Sephora,London,Sensitive
YUL-14025,2025-04-04,P002,Fermented Rice Serum,Skin,2,15,45,0.1,Flagship Store,Tokyo,Dry
YUL-14026,2024-05-19,P005,Ceramide Barrier Cream,Skin,1,14,42,0.25,Flagship Store,Seoul,Combination
YUL-14027,2024-11-08,P003,Scalp Soothing Oil,Hair,2,8,28,0.25,Olive Young,London,Combination
YUL-14028,2024-07-26,P001,Deep Sea Hair Mask,Hair,4,12,38,0.0,Olive Young,London,Oily
YUL-14029,2024-04-08,P002,Fermented Rice Serum,Skin,1,15,45,0.2,Sephora,Tokyo,Dry
YUL-14030,2025-02-27,P002,Fermented Rice Serum,Skin,3,15,45,0.25,Flagship Store,London,Dry
YUL-14031,2025-05-30,P003,Scalp Soothing Oil,Hair,1,8,28,0.0,Online,Seoul,Oily
YUL-14032,2025-12-06,P004,Mugwort Essence,Skin,2,10,32,0.2,Sephora,NYC,Combination
YUL-14033,2025-11-11,P003,Scalp Soothing Oil,Hair,2,8,28,0.0,Online,NYC,Sensitive
YUL-14034,2024-08-30,P002,Fermented Rice Serum,Skin,3,15,45,0.0,Olive Young,Seoul,Oily
YUL-14035,2024-06-03,P005,Ceramide Barrier Cream,Skin,3,14,42,0.0,Olive Young,Tokyo,Oily
YUL-14036,2025-05-30,P002,Fermented Rice Serum,Skin,3,15,45,0.25,Olive Young,London,Oily
YUL-14037,2024-08-20,P002,Fermented Rice Serum,Skin,2,15,45,0.0,Sephora,Seoul,Oily
YUL-14038,2025-02-12,P002,Fermented Rice Serum,Skin,3,15,45,0.2,Flagship Store,Seoul,Combination
YUL-14039,2024-03-31,P001,Deep Sea Hair Mask,Hair,1,12,38,0.0,Flagship Store,London,Sensitive
YUL-14040,2025-05-21,P005,Ceramide Barrier Cream,Skin,2,14,42,0.25,Olive Young,Seoul,Dry
YUL-14041,2024-01-29,P005,Ceramide Barrier Cream,Skin,2,14,42,0.0,Sephora,London,Dry
YUL-14042,2024-09-17,P001,Deep Sea Hair Mask,Hair,4,12,38,0.1,Sephora,London,Oily
YUL-14043,2025-06-06,P001,Deep Sea Hair Mask,Hair,3,12,38,0.0,Flagship Store,Tokyo,Combination
YUL-14044,2024-04-27,P004,Mugwort Essence,Skin,1,10,32,0.0,Olive Young,Seoul,Oily
YUL-14045,2024-12-24,P004,Mugwort Essence,Skin,1,10,32,0.0,Sephora,Tokyo,Dry
YUL-14046,2025-10-15,P003,Scalp Soothing Oil,Hair,4,8,28,0.25,Olive Young,NYC,Oily
YUL-14047,2025-09-03,P001,Deep Sea Hair Mask,Hair,3,12,38,0.1,Sephora,Seoul,Dry
YUL-14048,2024-07-03,P002,Fermented Rice Serum,Skin,2,15,45,0.25,Olive Young,Seoul,Dry
YUL-14049,2024-12-11,P005,Ceramide Barrier Cream,Skin,4,14,42,0.0,Online,Tokyo,Sensitive
YUL-14050,2024-01-26,P004,Mugwort Essence,Skin,2,10,32,0.0,Flagship Store,Tokyo,Sensitive
YUL-14051,2024-10-19,P002,Fermented Rice Serum,Skin,4,15,45,0.25,Flagship Store,Tokyo,Combination
YUL-14052,2025-07-04,P001,Deep Sea Hair Mask,Hair,1,12,38,0.0,Sephora,Tokyo,Sensitive
YUL-14053,2024-08-22,P005,Ceramide Barrier Cream,Skin,2,14,42,0.25,Online,Tokyo,Combination
YUL-14054,2024-03-06,P005,Ceramide Barrier Cream,Skin,4,14,42,0.0,Flagship Store,Tokyo,Combination
YUL-14055,2025-10-22,P002,Fermented Rice Serum,Skin,4,15,45,0.0,Flagship Store,Tokyo,Oily
YUL-14056,2024-02-24,P005,Ceramide Barrier Cream,Skin,3,14,42,0.1,Online,Tokyo,Sensitive
YUL-14057,2024-06-13,P002,Fermented Rice Serum,Skin,4,15,45,0.25,Online,Seoul,Sensitive
YUL-14058,2025-01-06,P003,Scalp Soothing Oil,Hair,1,8,28,0.25,Online,Tokyo,Combination
YUL-14059,2024-07-23,P004,Mugwort Essence,Skin,1,10,32,0.0,Sephora,Tokyo,Sensitive
YUL-14060,2024-06-11,P002,Fermented Rice Serum,Skin,4,15,45,0.1,Sephora,London,Sensitive
YUL-14061,2025-12-03,P002,Fermented Rice Serum,Skin,1,15,45,0.0,Online,Seoul,Dry
YUL-14062,2024-07-24,P002,Fermented Rice Serum,Skin,4,15,45,0.0,Sephora,Seoul,Combination
YUL-14063,2025-07-17,P001,Deep Sea Hair Mask,Hair,2,12,38,0.0,Sephora,Seoul,Sensitive
YUL-14064,2025-12-06,P001,Deep Sea Hair Mask,Hair,1,12,38,0.0,Olive Young,Tokyo,Sensitive
YUL-14065,2025-06-15,P004,Mugwort Essence,Skin,4,10,32,0.25,Olive Young,Tokyo,Sensitive
YUL-14066,2024-02-27,P002,Fermented Rice Serum,Skin,4,15,45,0.0,Olive Young,NYC,Oily
YUL-14067,2024-07-06,P005,Ceramide Barrier Cream,Skin,2,14,42,0.0,Online,Seoul,Combination
YUL-14068,2024-03-22,P005,Ceramide Barrier Cream,Skin,3,14,42,0.2,Flagship Store,Tokyo,Sensitive
YUL-14069,2024-08-16,P001,Deep Sea Hair Mask,Hair,3,12,38,0.0,Flagship Store,Seoul,Oily
YUL-14070,2024-05-19,P004,Mugwort Essence,Skin,4,10,32,0.25,Olive Young,NYC,Oily
YUL-14071,2025-07-17,P002,Fermented Rice Serum,Skin,2,15,45,0.0,Sephora,NYC,Dry
YUL-14072,2025-03-26,P002,Fermented Rice Serum,Skin,3,15,45,0.0,Flagship Store,London,Sensitive
YUL-14073,2025-01-06,P001,Deep Sea Hair Mask,Hair,4,12,38,0.2,Online,Tokyo,Oily
YUL-14074,2024-03-15,P004,Mugwort Essence,Skin,1,10,32,0.0,Olive Young,Seoul,Combination
YUL-14075,2025-05-31,P003,Scalp Soothing Oil,Hair,4,8,28,0.0,Flagship Store,Tokyo,Oily
YUL-14076,2025-01-22,P002,Fermented Rice Serum,Skin,3,15,45,0.25,Sephora,London,Sensitive
YUL-14077,2025-12-29,P005,Ceramide Barrier Cream,Skin,3,14,42,0.0,Olive Young,London,Oily
YUL-14078,2025-03-10,P003,Scalp Soothing Oil,Hair,3,8,28,0.1,Olive Young,Tokyo,Dry
YUL-14079,2024-02-12,P001,Deep Sea Hair Mask,Hair,2,12,38,0.25,Online,Seoul,Sensitive
YUL-14080,2024-04-01,P003,Scalp Soothing Oil,Hair,3,8,28,0.25,Flagship Store,Tokyo,Oily
YUL-14081,2025-10-31,P002,Fermented Rice Serum,Skin,4,15,45,0.0,Flagship Store,London,Oily
YUL-14082,2024-04-11,P003,Scalp Soothing Oil,Hair,3,8,28,0.25,Sephora,NYC,Sensitive
YUL-14083,2025-07-19,P003,Scalp Soothing Oil,Hair,2,8,28,0.0,Sephora,London,Sensitive
YUL-14084,2025-01-16,P004,Mugwort Essence,Skin,4,10,32,0.0,Online,NYC,Sensitive
YUL-14085,2025-06-12,P005,Ceramide Barrier Cream,Skin,2,14,42,0.0,Online,Seoul,Combination
YUL-14086,2025-07-21,P001,Deep Sea Hair Mask,Hair,1,12,38,0.2,Flagship Store,London,Dry
YUL-14087,2024-02-02,P003,Scalp Soothing Oil,Hair,2,8,28,0.1,Sephora,Tokyo,Dry
YUL-14088,2024-09-20,P001,Deep Sea Hair Mask,Hair,4,12,38,0.0,Olive Young,Seoul,Oily
YUL-14089,2025-08-20,P004,Mugwort Essence,Skin,3,10,32,0.0,Online,Seoul,Combination
YUL-14090,2024-02-11,P003,Scalp Soothing Oil,Hair,1,8,28,0.25,Sephora,London,Sensitive
YUL-14091,2024-09-29,P005,Ceramide Barrier Cream,Skin,4,14,42,0.0,Sephora,London,Combination
YUL-14092,2024-07-21,P005,Ceramide Barrier Cream,Skin,2,14,42,0.0,Online,Seoul,Sensitive
YUL-14093,2025-03-03,P002,Fermented Rice Serum,Skin,1,15,45,0.1,Sephora,Tokyo,Sensitive
YUL-14094,2025-09-06,P003,Scalp Soothing Oil,Hair,1,8,28,0.0,Sephora,Seoul,Combination
YUL-14095,2024-03-18,P002,Fermented Rice Serum,Skin,3,15,45,0.1,Online,Seoul,Oily
YUL-14096,2025-04-15,P002,Fermented Rice Serum,Skin,1,15,45,0.2,Olive Young,NYC,Combination
YUL-14097,2025-07-19,P001,Deep Sea Hair Mask,Hair,1,12,38,0.0,Flagship Store,Seoul,Oily
YUL-14098,2024-07-18,P002,Fermented Rice Serum,Skin,4,15,45,0.25,Online,NYC,Combination
YUL-14099,2024-02-28,P001,Deep Sea Hair Mask,Hair,3,12,38,0.0,Online,Tokyo,Dry
YUL-14100,2024-04-10,P004,Mugwort Essence,Skin,2,10,32,0.2,Flagship Store,Seoul,Combination
YUL-14101,2024-12-14,P002,Fermented Rice Serum,Skin,2,15,45,0.2,Online,Tokyo,Oily
YUL-14102,2024-09-02,P002,Fermented Rice Serum,Skin,1,15,45,0.0,Flagship Store,Tokyo,Oily
YUL-14103,2025-01-18,P001,Deep Sea Hair Mask,Hair,1,12,38,0.0,Olive Young,London,Oily
YUL-14104,2024-02-16,P005,Ceramide Barrier Cream,Skin,3,14,42,0.1,Flagship Store,Tokyo,Combination
YUL-14105,2024-11-20,P003,Scalp Soothing Oil,Hair,4,8,28,0.25,Olive Young,Tokyo,Oily
YUL-14106,2024-03-02,P001,Deep Sea Hair Mask,Hair,3,12,38,0.0,Online,London,Dry
YUL-14107,2024-06-27,P002,Fermented Rice Serum,Skin,2,15,45,0.1,Online,London,Oily
YUL-14108,2025-10-01,P005,Ceramide Barrier Cream,Skin,3,14,42,0.0,Online,NYC,Sensitive
YUL-14109,2025-08-11,P002,Fermented Rice Serum,Skin,3,15,45,0.1,Online,Seoul,Combination
YUL-14110,2025-09-10,P005,Ceramide Barrier Cream,Skin,1,14,42,0.0,Online,London,Dry
YUL-14111,2024-09-01,P004,Mugwort Essence,Skin,1,10,32,0.25,Sephora,London,Oily
YUL-14112,2024-08-09,P003,Scalp Soothing Oil,Hair,3,8,28,0.1,Flagship Store,NYC,Combination
YUL-14113,2025-05-06,P001,Deep Sea Hair Mask,Hair,4,12,38,0.0,Online,NYC,Oily
YUL-14114,2024-03-09,P005,Ceramide Barrier Cream,Skin,4,14,42,0.0,Sephora,Tokyo,Oily
YUL-14115,2024-08-19,P005,Ceramide Barrier Cream,Skin,2,14,42,0.0,Online,London,Combination
YUL-14116,2024-05-09,P004,Mugwort Essence,Skin,3,10,32,0.25,Olive Young,London,Combination
YUL-14117,2025-03-22,P004,Mugwort Essence,Skin,4,10,32,0.25,Olive Young,Tokyo,Oily
YUL-14118,2024-06-05,P002,Fermented Rice Serum,Skin,2,15,45,0.2,Flagship Store,London,Combination
YUL-14119,2024-06-23,P003,Scalp Soothing Oil,Hair,4,8,28,0.0,Online,NYC,Dry
YUL-14120,2025-04-06,P002,Fermented Rice Serum,Skin,3,15,45,0.25,Flagship Store,Seoul,Sensitive
YUL-14121,2025-02-23,P005,Ceramide Barrier Cream,Skin,2,14,42,0.25,Olive Young,London,Dry
YUL-14122,2024-04-19,P004,Mugwort Essence,Skin,3,10,32,0.25,Online,NYC,Oily
YUL-14123,2024-09-30,P002,Fermented Rice Serum,Skin,1,15,45,0.25,Flagship Store,Tokyo,Combination
YUL-14124,2025-04-06,P002,Fermented Rice Serum,Skin,3,15,45,0.0,Online,NYC,Combination
YUL-14125,2025-04-16,P005,Ceramide Barrier Cream,Skin,1,14,42,0.25,Online,NYC,Sensitive
YUL-14126,2024-11-24,P003,Scalp Soothing Oil,Hair,2,8,28,0.25,Flagship Store,Seoul,Combination
YUL-14127,2025-03-20,P002,Fermented Rice Serum,Skin,2,15,45,0.25,Online,Tokyo,Combination
YUL-14128,2024-05-14,P004,Mugwort Essence,Skin,4,10,32,0.0,Sephora,London,Dry
YUL-14129,2025-04-08,P004,Mugwort Essence,Skin,3,10,32,0.0,Online,Tokyo,Oily
YUL-14130,2024-02-28,P003,Scalp Soothing Oil,Hair,3,8,28,0.1,Sephora,Seoul,Dry
YUL-14131,2025-03-28,P002,Fermented Rice Serum,Skin,4,15,45,0.2,Online,NYC,Dry
YUL-14132,2025-09-25,P003,Scalp Soothing Oil,Hair,2,8,28,0.2,Flagship Store,London,Dry
YUL-14133,2024-11-17,P001,Deep Sea Hair Mask,Hair,2,12,38,0.0,Olive Young,London,Oily
YUL-14134,2025-05-07,P002,Fermented Rice Serum,Skin,2,15,45,0.25,Flagship Store,London,Dry
YUL-14135,2024-01-14,P003,Scalp Soothing Oil,Hair,1,8,28,0.1,Flagship Store,Seoul,Combination
YUL-14136,2024-06-17,P001,Deep Sea Hair Mask,Hair,2,12,38,0.0,Online,Tokyo,Combination
YUL-14137,2025-11-27,P003,Scalp Soothing Oil,Hair,1,8,28,0.0,Online,Seoul,Combination
YUL-14138,2024-09-27,P004,Mugwort Essence,Skin,2,10,32,0.0,Sephora,London,Dry
YUL-14139,2024-08-02,P004,Mugwort Essence,Skin,1,10,32,0.0,Olive Young,London,Combination
YUL-14140,2024-07-17,P004,Mugwort Essence,Skin,2,10,32,0.2,Flagship Store,Tokyo,Oily
YUL-14141,2024-10-11,P002,Fermented Rice Serum,Skin,4,15,45,0.0,Online,NYC,Sensitive
YUL-14142,2025-07-24,P003,Scalp Soothing Oil,Hair,2,8,28,0.2,Sephora,Tokyo,Dry
YUL-14143,2025-08-30,P002,Fermented Rice Serum,Skin,4,15,45,0.0,Online,Seoul,Sensitive
YUL-14144,2025-03-01,P003,Scalp Soothing Oil,Hair,1,8,28,0.1,Olive Young,Tokyo,Oily
YUL-14145,2024-05-08,P003,Scalp Soothing Oil,Hair,1,8,28,0.0,Olive Young,Tokyo,Oily
YUL-14146,2024-04-25,P001,Deep Sea Hair Mask,Hair,1,12,38,0.1,Sephora,NYC,Combination
YUL-14147,2024-11-23,P005,Ceramide Barrier Cream,Skin,2,14,42,0.25,Olive Young,Seoul,Combination
YUL-14148,2025-05-20,P004,Mugwort Essence,Skin,2,10,32,0.1,Olive Young,NYC,Oily
YUL-14149,2025-10-23,P004,Mugwort Essence,Skin,4,10,32,0.25,Online,NYC,Oily
YUL-14150,2024-04-30,P002,Fermented Rice Serum,Skin,1,15,45,0.1,Olive Young,Tokyo,Sensitive
YUL-14151,2024-02-14,P001,Deep Sea Hair Mask,Hair,3,12,38,0.0,Sephora,London,Sensitive
YUL-14152,2024-10-28,P004,Mugwort Essence,Skin,3,10,32,0.0,Olive Young,London,Combination
YUL-14153,2025-07-06,P001,Deep Sea Hair Mask,Hair,2,12,38,0.0,Online,Tokyo,Oily
YUL-14154,2024-04-30,P005,Ceramide Barrier Cream,Skin,1,14,42,0.25,Sephora,NYC,Dry
YUL-14155,2024-12-26,P001,Deep Sea Hair Mask,Hair,2,12,38,0.25,Olive Young,NYC,Dry
YUL-14156,2024-12-14,P005,Ceramide Barrier Cream,Skin,4,14,42,0.2,Online,NYC,Sensitive
YUL-14157,2025-03-24,P002,Fermented Rice Serum,Skin,2,15,45,0.25,Flagship Store,Seoul,Oily
YUL-14158,2024-07-16,P004,Mugwort Essence,Skin,3,10,32,0.0,Sephora,Tokyo,Dry
YUL-14159,2025-06-29,P002,Fermented Rice Serum,Skin,1,15,45,0.2,Olive Young,NYC,Dry
YUL-14160,2025-11-14,P001,Deep Sea Hair Mask,Hair,1,12,38,0.0,Sephora,NYC,Oily
YUL-14161,2024-06-07,P001,Deep Sea Hair Mask,Hair,2,12,38,0.1,Sephora,London,Oily
YUL-14162,2025-11-26,P003,Scalp Soothing Oil,Hair,4,8,28,0.1,Sephora,London,Sensitive
YUL-14163,2024-10-17,P004,Mugwort Essence,Skin,4,10,32,0.1,Online,Seoul,Sensitive
YUL-14164,2025-01-10,P005,Ceramide Barrier Cream,Skin,4,14,42,0.0,Flagship Store,Tokyo,Dry
YUL-14165,2025-03-06,P002,Fermented Rice Serum,Skin,1,15,45,0.1,Olive Young,London,Combination
YUL-14166,2024-10-15,P001,Deep Sea Hair Mask,Hair,3,12,38,0.0,Olive Young,NYC,Dry
YUL-14167,2025-11-13,P001,Deep Sea Hair Mask,Hair,1,12,38,0.0,Flagship Store,Seoul,Dry
YUL-14168,2025-10-12,P005,Ceramide Barrier Cream,Skin,4,14,42,0.25,Flagship Store,Tokyo,Combination
YUL-14169,2024-01-25,P004,Mugwort Essence,Skin,2,10,32,0.0,Online,NYC,Oily
YUL-14170,2025-10-27,P001,Deep Sea Hair Mask,Hair,3,12,38,0.1,Online,Tokyo,Dry
YUL-14171,2024-12-02,P004,Mugwort Essence,Skin,4,10,32,0.1,Olive Young,London,Combination
YUL-14172,2025-09-15,P004,Mugwort Essence,Skin,2,10,32,0.2,Flagship Store,London,Dry
YUL-14173,2024-03-02,P002,Fermented Rice Serum,Skin,2,15,45,0.25,Olive Young,London,Oily
YUL-14174,2025-01-02,P003,Scalp Soothing Oil,Hair,1,8,28,0.0,Flagship Store,Seoul,Dry
YUL-14175,2025-12-29,P005,Ceramide Barrier Cream,Skin,4,14,42,0.2,Olive Young,Seoul,Sensitive
YUL-14176,2025-07-21,P005,Ceramide Barrier Cream,Skin,4,14,42,0.1,Online,Seoul,Sensitive
YUL-14177,2024-11-28,P003,Scalp Soothing Oil,Hair,1,8,28,0.0,Sephora,NYC,Dry
YUL-14178,2024-10-22,P005,Ceramide Barrier Cream,Skin,1,14,42,0.2,Olive Young,Seoul,Sensitive
YUL-14179,2025-01-29,P001,Deep Sea Hair Mask,Hair,2,12,38,0.0,Flagship Store,Tokyo,Combination
YUL-14180,2024-10-13,P001,Deep Sea Hair Mask,Hair,1,12,38,0.0,Sephora,NYC,Oily
YUL-14181,2025-02-21,P002,Fermented Rice Serum,Skin,1,15,45,0.2,Flagship Store,Tokyo,Sensitive
YUL-14182,2025-10-20,P004,Mugwort Essence,Skin,4,10,32,0.0,Sephora,Seoul,Dry
YUL-14183,2024-06-07,P002,Fermented Rice Serum,Skin,4,15,45,0.25,Olive Young,Seoul,Dry
YUL-14184,2025-06-10,P001,Deep Sea Hair Mask,Hair,1,12,38,0.2,Olive Young,NYC,Dry
YUL-14185,2025-07-14,P002,Fermented Rice Serum,Skin,3,15,45,0.25,Online,NYC,Sensitive
YUL-14186,2024-10-06,P005,Ceramide Barrier Cream,Skin,4,14,42,0.0,Online,London,Oily
YUL-14187,2025-08-22,P005,Ceramide Barrier Cream,Skin,4,14,42,0.0,Online,Seoul,Sensitive
YUL-14188,2024-10-12,P001,Deep Sea Hair Mask,Hair,4,12,38,0.2,Online,Seoul,Combination
YUL-14189,2025-07-13,P002,Fermented Rice Serum,Skin,3,15,45,0.0,Sephora,Tokyo,Sensitive
YUL-14190,2025-06-27,P003,Scalp Soothing Oil,Hair,1,8,28,0.0,Sephora,NYC,Combination
YUL-14191,2025-03-13,P003,Scalp Soothing Oil,Hair,4,8,28,0.1,Flagship Store,Seoul,Oily
YUL-14192,2024-01-28,P005,Ceramide Barrier Cream,Skin,3,14,42,0.0,Flagship Store,London,Combination
YUL-14193,2025-10-06,P001,Deep Sea Hair Mask,Hair,2,12,38,0.0,Olive Young,London,Dry
YUL-14194,2025-11-02,P001,Deep Sea Hair Mask,Hair,3,12,38,0.1,Online,Tokyo,Sensitive
YUL-14195,2024-11-11,P004,Mugwort Essence,Skin,4,10,32,0.25,Sephora,Seoul,Combination
YUL-14196,2024-01-29,P003,Scalp Soothing Oil,Hair,3,8,28,0.2,Sephora,Tokyo,Combination
YUL-14197,2025-02-07,P002,Fermented Rice Serum,Skin,1,15,45,0.25,Flagship Store,Seoul,Oily
YUL-14198,2025-05-14,P001,Deep Sea Hair Mask,Hair,2,12,38,0.0,Sephora,London,Dry
YUL-14199,2024-08-20,P002,Fermented Rice Serum,Skin,4,15,45,0.1,Sephora,NYC,Oily
YUL-14200,2024-06-15,P003,Scalp Soothing Oil,Hair,1,8,28,0.0,Olive Young,Tokyo,Oily
YUL-14201,2025-05-11,P004,Mugwort Essence,Skin,2,10,32,0.1,Flagship Store,Tokyo,Sensitive
YUL-14202,2024-04-28,P003,Scalp Soothing Oil,Hair,1,8,28,0.2,Olive Young,Tokyo,Oily
YUL-14203,2025-09-27,P003,Scalp Soothing Oil,Hair,2,8,28,0.0,Sephora,NYC,Combination
YUL-14204,2025-03-20,P001,Deep Sea Hair Mask,Hair,2,12,38,0.25,Online,NYC,Dry
YUL-14205,2024-09-23,P003,Scalp Soothing Oil,Hair,1,8,28,0.0,Olive Young,London,Dry
YUL-14206,2025-05-09,P003,Scalp Soothing Oil,Hair,2,8,28,0.25,Flagship Store,Seoul,Combination
YUL-14207,2024-02-07,P003,Scalp Soothing Oil,Hair,3,8,28,0.0,Olive Young,Seoul,Oily
YUL-14208,2025-02-04,P005,Ceramide Barrier Cream,Skin,4,14,42,0.1,Online,Tokyo,Oily
YUL-14209,2025-06-16,P001,Deep Sea Hair Mask,Hair,2,12,38,0.25,Sephora,NYC,Oily
YUL-14210,2024-01-21,P005,Ceramide Barrier Cream,Skin,2,14,42,0.1,Flagship Store,NYC,Dry
YUL-14211,2024-01-16,P002,Fermented Rice Serum,Skin,1,15,45,0.0,Online,NYC,Dry
YUL-14212,2025-07-06,P002,Fermented Rice Serum,Skin,3,15,45,0.0,Sephora,Seoul,Oily
YUL-14213,2024-04-10,P001,Deep Sea Hair Mask,Hair,1,12,38,0.0,Sephora,NYC,Combination
YUL-14214,2025-01-11,P004,Mugwort Essence,Skin,3,10,32,0.0,Olive Young,NYC,Sensitive
YUL-14215,2025-05-01,P005,Ceramide Barrier Cream,Skin,4,14,42,0.0,Online,Tokyo,Oily
YUL-14216,2025-02-11,P001,Deep Sea Hair Mask,Hair,4,12,38,0.0,Sephora,London,Oily
YUL-14217,2025-10-16,P003,Scalp Soothing Oil,Hair,2,8,28,0.25,Sephora,NYC,Sensitive
YUL-14218,2025-08-05,P002,Fermented Rice Serum,Skin,2,15,45,0.1,Online,London,Dry
YUL-14219,2025-07-01,P004,Mugwort Essence,Skin,3,10,32,0.0,Flagship Store,London,Oily
YUL-14220,2025-04-24,P001,Deep Sea Hair Mask,Hair,1,12,38,0.0,Sephora,NYC,Oily
YUL-14221,2024-03-18,P005,Ceramide Barrier Cream,Skin,4,14,42,0.25,Sephora,NYC,Combination
YUL-14222,2024-01-09,P001,Deep Sea Hair Mask,Hair,4,12,38,0.0,Online,Tokyo,Dry
YUL-14223,2025-09-03,P004,Mugwort Essence,Skin,1,10,32,0.0,Flagship Store,Tokyo,Sensitive
YUL-14224,2024-05-24,P004,Mugwort Essence,Skin,4,10,32,0.2,Flagship Store,London,Sensitive
YUL-14225,2025-06-07,P004,Mugwort Essence,Skin,3,10,32,0.2,Online,NYC,Sensitive
YUL-14226,2025-05-08,P004,Mugwort Essence,Skin,3,10,32,0.1,Online,London,Combination
YUL-14227,2024-02-11,P002,Fermented Rice Serum,Skin,3,15,45,0.25,Olive Young,NYC,Combination
YUL-14228,2025-07-18,P001,Deep Sea Hair Mask,Hair,1,12,38,0.0,Flagship Store,NYC,Oily
YUL-14229,2025-10-06,P004,Mugwort Essence,Skin,1,10,32,0.1,Olive Young,Tokyo,Combination
YUL-14230,2025-04-02,P003,Scalp Soothing Oil,Hair,2,8,28,0.2,Sephora,Tokyo,Oily
YUL-14231,2025-10-22,P002,Fermented Rice Serum,Skin,1,15,45,0.1,Online,London,Sensitive
YUL-14232,2024-04-25,P001,Deep Sea Hair Mask,Hair,1,12,38,0.0,Olive Young,Tokyo,Oily
YUL-14233,2025-04-27,P001,Deep Sea Hair Mask,Hair,1,12,38,0.0,Online,Seoul,Dry
YUL-14234,2025-10-31,P001,Deep Sea Hair Mask,Hair,4,12,38,0.0,Online,London,Sensitive
YUL-14235,2024-07-23,P005,Ceramide Barrier Cream,Skin,2,14,42,0.0,Online,London,Dry
YUL-14236,2024-06-01,P003,Scalp Soothing Oil,Hair,4,8,28,0.2,Flagship Store,London,Oily
YUL-14237,2024-11-09,P002,Fermented Rice Serum,Skin,3,15,45,0.25,Sephora,Tokyo,Combination
YUL-14238,2024-01-31,P002,Fermented Rice Serum,Skin,4,15,45,0.1,Flagship Store,NYC,Sensitive
YUL-14239,2025-02-22,P002,Fermented Rice Serum,Skin,3,15,45,0.1,Online,Seoul,Combination
YUL-14240,2025-08-19,P002,Fermented Rice Serum,Skin,4,15,45,0.0,Online,NYC,Dry
YUL-14241,2025-10-21,P004,Mugwort Essence,Skin,1,10,32,0.1,Olive Young,NYC,Sensitive
YUL-14242,2024-09-22,P002,Fermented Rice Serum,Skin,1,15,45,0.2,Sephora,NYC,Sensitive
YUL-14243,2025-12-13,P003,Scalp Soothing Oil,Hair,4,8,28,0.0,Flagship Store,Tokyo,Combination
YUL-14244,2025-11-10,P003,Scalp Soothing Oil,Hair,4,8,28,0.0,Olive Young,Tokyo,Oily
YUL-14245,2025-08-07,P002,Fermented Rice Serum,Skin,2,15,45,0.25,Online,Tokyo,Dry
YUL-14246,2024-12-22,P003,Scalp Soothing Oil,Hair,2,8,28,0.0,Flagship Store,NYC,Sensitive
YUL-14247,2025-03-10,P003,Scalp Soothing Oil,Hair,3,8,28,0.0,Online,Tokyo,Sensitive
YUL-14248,2024-06-06,P001,Deep Sea Hair Mask,Hair,4,12,38,0.0,Online,NYC,Dry
YUL-14249,2025-08-09,P004,Mugwort Essence,Skin,2,10,32,0.1,Online,Tokyo,Sensitive
YUL-14250,2025-06-04,P003,Scalp Soothing Oil,Hair,3,8,28,0.25,Flagship Store,Tokyo,Oily
YUL-14251,2025-09-27,P005,Ceramide Barrier Cream,Skin,1,14,42,0.1,Olive Young,Tokyo,Combination
YUL-14252,2024-11-29,P002,Fermented Rice Serum,Skin,1,15,45,0.1,Online,Tokyo,Combination
YUL-14253,2025-09-14,P001,Deep Sea Hair Mask,Hair,1,12,38,0.0,Flagship Store,NYC,Combination
YUL-14254,2025-06-10,P005,Ceramide Barrier Cream,Skin,1,14,42,0.2,Online,NYC,Sensitive
YUL-14255,2025-05-26,P001,Deep Sea Hair Mask,Hair,3,12,38,0.1,Sephora,Seoul,Combination
YUL-14256,2024-01-05,P005,Ceramide Barrier Cream,Skin,1,14,42,0.0,Olive Young,NYC,Sensitive
YUL-14257,2024-01-21,P001,Deep Sea Hair Mask,Hair,4,12,38,0.0,Flagship Store,Seoul,Sensitive
YUL-14258,2025-06-14,P001,Deep Sea Hair Mask,Hair,4,12,38,0.1,Sephora,London,Sensitive
YUL-14259,2024-09-13,P003,Scalp Soothing Oil,Hair,3,8,28,0.1,Flagship Store,NYC,Oily
YUL-14260,2024-07-24,P003,Scalp Soothing Oil,Hair,1,8,28,0.2,Online,Tokyo,Dry
YUL-14261,2025-12-07,P005,Ceramide Barrier Cream,Skin,2,14,42,0.1,Olive Young,NYC,Oily
YUL-14262,2025-09-16,P005,Ceramide Barrier Cream,Skin,3,14,42,0.25,Flagship Store,NYC,Sensitive
YUL-14263,2025-07-10,P005,Ceramide Barrier Cream,Skin,1,14,42,0.2,Flagship Store,NYC,Combination
YUL-14264,2024-04-11,P003,Scalp Soothing Oil,Hair,2,8,28,0.1,Olive Young,NYC,Combination
YUL-14265,2025-11-04,P003,Scalp Soothing Oil,Hair,3,8,28,0.0,Online,Tokyo,Combination
YUL-14266,2024-10-21,P002,Fermented Rice Serum,Skin,3,15,45,0.25,Sephora,Seoul,Dry
YUL-14267,2024-04-21,P004,Mugwort Essence,Skin,1,10,32,0.2,Olive Young,NYC,Oily
YUL-14268,2024-07-04,P001,Deep Sea Hair Mask,Hair,1,12,38,0.0,Online,Seoul,Sensitive
YUL-14269,2025-01-05,P001,Deep Sea Hair Mask,Hair,3,12,38,0.2,Flagship Store,NYC,Oily
YUL-14270,2025-05-26,P005,Ceramide Barrier Cream,Skin,2,14,42,0.0,Flagship Store,Tokyo,Sensitive
YUL-14271,2025-11-26,P001,Deep Sea Hair Mask,Hair,2,12,38,0.2,Flagship Store,Seoul,Dry
YUL-14272,2025-10-26,P005,Ceramide Barrier Cream,Skin,2,14,42,0.0,Online,NYC,Oily
YUL-14273,2024-04-05,P002,Fermented Rice Serum,Skin,3,15,45,0.2,Olive Young,NYC,Combination
YUL-14274,2024-07-07,P002,Fermented Rice Serum,Skin,1,15,45,0.1,Olive Young,London,Sensitive
YUL-14275,2025-12-08,P003,Scalp Soothing Oil,Hair,1,8,28,0.0,Online,Seoul,Combination
YUL-14276,2025-10-19,P004,Mugwort Essence,Skin,1,10,32,0.0,Sephora,London,Oily
YUL-14277,2025-11-21,P004,Mugwort Essence,Skin,2,10,32,0.1,Olive Young,NYC,Dry
YUL-14278,2024-01-26,P004,Mugwort Essence,Skin,3,10,32,0.0,Flagship Store,Tokyo,Oily
YUL-14279,2024-12-24,P002,Fermented Rice Serum,Skin,2,15,45,0.0,Sephora,Tokyo,Sensitive
YUL-14280,2024-10-15,P003,Scalp Soothing Oil,Hair,3,8,28,0.0,Online,Seoul,Sensitive
YUL-14281,2024-08-22,P004,Mugwort Essence,Skin,2,10,32,0.25,Olive Young,NYC,Combination
YUL-14282,2024-04-25,P001,Deep Sea Hair Mask,Hair,1,12,38,0.0,Flagship Store,Tokyo,Dry
YUL-14283,2024-12-28,P001,Deep Sea Hair Mask,Hair,4,12,38,0.25,Olive Young,Seoul,Oily
YUL-14284,2025-12-02,P004,Mugwort Essence,Skin,2,10,32,0.2,Online,NYC,Dry
YUL-14285,2025-03-19,P001,Deep Sea Hair Mask,Hair,3,12,38,0.25,Online,London,Dry
YUL-14286,2024-09-30,P003,Scalp Soothing Oil,Hair,4,8,28,0.1,Sephora,Seoul,Oily
YUL-14287,2024-09-07,P002,Fermented Rice Serum,Skin,4,15,45,0.0,Flagship Store,Tokyo,Dry
YUL-14288,2024-11-28,P004,Mugwort Essence,Skin,1,10,32,0.0,Sephora,NYC,Oily
YUL-14289,2024-06-30,P005,Ceramide Barrier Cream,Skin,3,14,42,0.0,Flagship Store,NYC,Oily
YUL-14290,2025-06-23,P001,Deep Sea Hair Mask,Hair,3,12,38,0.1,Flagship Store,NYC,Sensitive
YUL-14291,2024-08-15,P002,Fermented Rice Serum,Skin,4,15,45,0.2,Flagship Store,NYC,Dry
YUL-14292,2025-02-24,P002,Fermented Rice Serum,Skin,2,15,45,0.2,Flagship Store,Tokyo,Oily
YUL-14293,2025-04-22,P005,Ceramide Barrier Cream,Skin,4,14,42,0.25,Flagship Store,Seoul,Combination
YUL-14294,2024-10-03,P005,Ceramide Barrier Cream,Skin,3,14,42,0.0,Flagship Store,NYC,Combination
YUL-14295,2025-06-30,P001,Deep Sea Hair Mask,Hair,2,12,38,0.1,Olive Young,Seoul,Sensitive
YUL-14296,2025-03-18,P002,Fermented Rice Serum,Skin,1,15,45,0.25,Flagship Store,Seoul,Oily
YUL-14297,2025-03-17,P002,Fermented Rice Serum,Skin,1,15,45,0.0,Sephora,Tokyo,Sensitive
YUL-14298,2025-07-04,P004,Mugwort Essence,Skin,2,10,32,0.25,Online,Tokyo,Dry
YUL-14299,2024-12-06,P005,Ceramide Barrier Cream,Skin,3,14,42,0.0,Online,Tokyo,Sensitive
YUL-14300,2025-05-30,P002,Fermented Rice Serum,Skin,3,15,45,0.0,Sephora,NYC,Sensitive
YUL-14301,2024-12-23,P001,Deep Sea Hair Mask,Hair,2,12,38,0.25,Online,Seoul,Oily
YUL-14302,2025-12-28,P004,Mugwort Essence,Skin,2,10,32,0.0,Olive Young,NYC,Dry
YUL-14303,2024-04-02,P002,Fermented Rice Serum,Skin,4,15,45,0.25,Olive Young,Seoul,Oily
YUL-14304,2025-05-03,P001,Deep Sea Hair Mask,Hair,4,12,38,0.0,Sephora,NYC,Combination
YUL-14305,2025-01-12,P004,Mugwort Essence,Skin,2,10,32,0.0,Online,London,Oily
YUL-14306,2025-04-12,P002,Fermented Rice Serum,Skin,2,15,45,0.0,Online,Tokyo,Sensitive
YUL-14307,2024-11-16,P003,Scalp Soothing Oil,Hair,1,8,28,0.1,Sephora,Seoul,Sensitive
YUL-14308,2024-06-03,P004,Mugwort Essence,Skin,4,10,32,0.25,Flagship Store,Tokyo,Oily
YUL-14309,2025-03-03,P004,Mugwort Essence,Skin,2,10,32,0.0,Olive Young,NYC,Combination
YUL-14310,2024-09-18,P003,Scalp Soothing Oil,Hair,2,8,28,0.0,Olive Young,London,Oily
YUL-14311,2025-11-27,P001,Deep Sea Hair Mask,Hair,2,12,38,0.0,Online,London,Oily
YUL-14312,2025-09-23,P003,Scalp Soothing Oil,Hair,3,8,28,0.1,Olive Young,Seoul,Dry
YUL-14313,2024-08-26,P004,Mugwort Essence,Skin,1,10,32,0.0,Olive Young,NYC,Dry
YUL-14314,2025-06-01,P001,Deep Sea Hair Mask,Hair,1,12,38,0.0,Sephora,NYC,Sensitive
YUL-14315,2024-12-08,P002,Fermented Rice Serum,Skin,2,15,45,0.0,Online,Tokyo,Sensitive
YUL-14316,2024-04-09,P005,Ceramide Barrier Cream,Skin,3,14,42,0.0,Online,NYC,Sensitive
YUL-14317,2024-09-02,P003,Scalp Soothing Oil,Hair,1,8,28,0.25,Sephora,London,Sensitive
YUL-14318,2024-03-08,P004,Mugwort Essence,Skin,1,10,32,0.25,Flagship Store,London,Combination
YUL-14319,2024-06-10,P004,Mugwort Essence,Skin,2,10,32,0.0,Olive Young,Tokyo,Dry
YUL-14320,2024-02-21,P005,Ceramide Barrier Cream,Skin,3,14,42,0.0,Flagship Store,Tokyo,Combination
YUL-14321,2025-01-31,P005,Ceramide Barrier Cream,Skin,1,14,42,0.25,Flagship Store,Tokyo,Dry
YUL-14322,2025-02-20,P005,Ceramide Barrier Cream,Skin,3,14,42,0.25,Online,Tokyo,Dry
YUL-14323,2024-03-09,P001,Deep Sea Hair Mask,Hair,4,12,38,0.1,Olive Young,Tokyo,Dry
YUL-14324,2025-02-18,P002,Fermented Rice Serum,Skin,1,15,45,0.2,Flagship Store,London,Sensitive
YUL-14325,2025-12-14,P003,Scalp Soothing Oil,Hair,1,8,28,0.0,Online,Seoul,Combination
YUL-14326,2024-07-15,P001,Deep Sea Hair Mask,Hair,2,12,38,0.0,Sephora,NYC,Sensitive
YUL-14327,2025-12-23,P004,Mugwort Essence,Skin,4,10,32,0.2,Olive Young,London,Dry
YUL-14328,2025-05-09,P003,Scalp Soothing Oil,Hair,2,8,28,0.1,Olive Young,Tokyo,Combination
YUL-14329,2024-11-20,P003,Scalp Soothing Oil,Hair,2,8,28,0.0,Flagship Store,NYC,Dry
YUL-14330,2025-12-05,P004,Mugwort Essence,Skin,3,10,32,0.1,Olive Young,London,Oily
YUL-14331,2025-05-21,P001,Deep Sea Hair Mask,Hair,4,12,38,0.0,Olive Young,Seoul,Dry
YUL-14332,2024-04-19,P003,Scalp Soothing Oil,Hair,3,8,28,0.0,Olive Young,London,Dry
YUL-14333,2024-04-19,P005,Ceramide Barrier Cream,Skin,3,14,42,0.25,Online,Seoul,Combination
YUL-14334,2024-04-21,P004,Mugwort Essence,Skin,1,10,32,0.1,Online,Seoul,Dry
YUL-14335,2024-11-22,P002,Fermented Rice Serum,Skin,3,15,45,0.0,Sephora,Seoul,Combination
YUL-14336,2024-10-01,P001,Deep Sea Hair Mask,Hair,4,12,38,0.0,Online,NYC,Sensitive
YUL-14337,2025-12-25,P005,Ceramide Barrier Cream,Skin,3,14,42,0.2,Flagship Store,NYC,Combination
YUL-14338,2024-02-22,P005,Ceramide Barrier Cream,Skin,2,14,42,0.0,Flagship Store,London,Sensitive
YUL-14339,2025-10-11,P002,Fermented Rice Serum,Skin,2,15,45,0.1,Flagship Store,Seoul,Combination
YUL-14340,2025-03-25,P001,Deep Sea Hair Mask,Hair,4,12,38,0.0,Olive Young,Seoul,Combination
YUL-14341,2024-04-17,P001,Deep Sea Hair Mask,Hair,2,12,38,0.2,Flagship Store,London,Dry
YUL-14342,2024-01-29,P002,Fermented Rice Serum,Skin,3,15,45,0.1,Online,London,Sensitive
YUL-14343,2025-02-05,P001,Deep Sea Hair Mask,Hair,4,12,38,0.0,Online,Tokyo,Sensitive
YUL-14344,2024-06-08,P003,Scalp Soothing Oil,Hair,3,8,28,0.0,Sephora,Tokyo,Sensitive
YUL-14345,2025-05-09,P005,Ceramide Barrier Cream,Skin,3,14,42,0.0,Olive Young,London,Oily
YUL-14346,2024-09-11,P001,Deep Sea Hair Mask,Hair,4,12,38,0.1,Olive Young,Seoul,Dry
YUL-14347,2024-09-30,P005,Ceramide Barrier Cream,Skin,2,14,42,0.0,Online,NYC,Sensitive
YUL-14348,2024-02-05,P005,Ceramide Barrier Cream,Skin,1,14,42,0.0,Sephora,NYC,Combination
YUL-14349,2024-11-05,P005,Ceramide Barrier Cream,Skin,3,14,42,0.2,Flagship Store,London,Sensitive
YUL-14350,2025-06-23,P001,Deep Sea Hair Mask,Hair,3,12,38,0.25,Sephora,NYC,Dry
YUL-14351,2024-04-18,P001,Deep Sea Hair Mask,Hair,4,12,38,0.25,Olive Young,Tokyo,Combination
YUL-14352,2025-09-02,P005,Ceramide Barrier Cream,Skin,1,14,42,0.0,Sephora,Tokyo,Oily
YUL-14353,2025-10-15,P001,Deep Sea Hair Mask,Hair,4,12,38,0.0,Sephora,Tokyo,Oily
YUL-14354,2024-02-15,P001,Deep Sea Hair Mask,Hair,3,12,38,0.25,Online,Seoul,Dry
YUL-14355,2025-03-09,P004,Mugwort Essence,Skin,3,10,32,0.0,Online,Seoul,Oily
YUL-14356,2025-07-25,P002,Fermented Rice Serum,Skin,3,15,45,0.2,Flagship Store,Tokyo,Sensitive
YUL-14357,2025-03-08,P003,Scalp Soothing Oil,Hair,4,8,28,0.25,Flagship Store,Tokyo,Sensitive
YUL-14358,2024-06-04,P004,Mugwort Essence,Skin,3,10,32,0.0,Olive Young,NYC,Sensitive
YUL-14359,2025-11-09,P005,Ceramide Barrier Cream,Skin,3,14,42,0.25,Olive Young,Tokyo,Sensitive
YUL-14360,2025-08-16,P003,Scalp Soothing Oil,Hair,3,8,28,0.0,Flagship Store,NYC,Oily
YUL-14361,2025-08-06,P005,Ceramide Barrier Cream,Skin,4,14,42,0.1,Sephora,Tokyo,Oily
YUL-14362,2025-08-14,P003,Scalp Soothing Oil,Hair,4,8,28,0.2,Olive Young,NYC,Sensitive
YUL-14363,2024-12-20,P005,Ceramide Barrier Cream,Skin,2,14,42,0.2,Olive Young,Seoul,Combination
YUL-14364,2024-08-04,P001,Deep Sea Hair Mask,Hair,1,12,38,0.0,Flagship Store,Tokyo,Sensitive
YUL-14365,2024-05-16,P003,Scalp Soothing Oil,Hair,2,8,28,0.0,Online,Tokyo,Oily
YUL-14366,2024-07-16,P001,Deep Sea Hair Mask,Hair,1,12,38,0.25,Olive Young,London,Combination
YUL-14367,2025-08-31,P002,Fermented Rice Serum,Skin,4,15,45,0.25,Olive Young,Seoul,Dry
YUL-14368,2025-12-11,P001,Deep Sea Hair Mask,Hair,3,12,38,0.0,Sephora,NYC,Dry
YUL-14369,2024-12-26,P001,Deep Sea Hair Mask,Hair,3,12,38,0.2,Olive Young,London,Sensitive
YUL-14370,2025-08-15,P005,Ceramide Barrier Cream,Skin,4,14,42,0.0,Online,Seoul,Combination
YUL-14371,2025-06-26,P004,Mugwort Essence,Skin,4,10,32,0.25,Online,Tokyo,Combination
YUL-14372,2024-02-14,P002,Fermented Rice Serum,Skin,4,15,45,0.0,Olive Young,Seoul,Dry
YUL-14373,2024-09-19,P002,Fermented Rice Serum,Skin,3,15,45,0.0,Online,London,Dry
YUL-14374,2025-06-11,P004,Mugwort Essence,Skin,1,10,32,0.0,Olive Young,Tokyo,Sensitive
YUL-14375,2024-08-20,P003,Scalp Soothing Oil,Hair,1,8,28,0.1,Sephora,Tokyo,Combination
YUL-14376,2025-11-06,P004,Mugwort Essence,Skin,1,10,32,0.25,Sephora,London,Oily
YUL-14377,2025-07-10,P001,Deep Sea Hair Mask,Hair,3,12,38,0.0,Sephora,Seoul,Oily
YUL-14378,2025-05-25,P001,Deep Sea Hair Mask,Hair,4,12,38,0.0,Olive Young,Seoul,Combination
YUL-14379,2024-07-11,P002,Fermented Rice Serum,Skin,1,15,45,0.1,Sephora,Seoul,Combination
YUL-14380,2024-10-21,P004,Mugwort Essence,Skin,2,10,32,0.2,Flagship Store,Tokyo,Dry
YUL-14381,2025-07-17,P003,Scalp Soothing Oil,Hair,2,8,28,0.0,Sephora,London,Sensitive
YUL-14382,2024-03-15,P005,Ceramide Barrier Cream,Skin,1,14,42,0.0,Sephora,London,Sensitive
YUL-14383,2025-10-10,P003,Scalp Soothing Oil,Hair,4,8,28,0.1,Olive Young,Seoul,Dry
YUL-14384,2025-02-16,P004,Mugwort Essence,Skin,3,10,32,0.25,Olive Young,Seoul,Sensitive
YUL-14385,2024-04-20,P003,Scalp Soothing Oil,Hair,2,8,28,0.2,Sephora,Tokyo,Dry
YUL-14386,2025-01-31,P002,Fermented Rice Serum,Skin,2,15,45,0.25,Sephora,NYC,Combination
YUL-14387,2025-01-02,P003,Scalp Soothing Oil,Hair,4,8,28,0.1,Sephora,NYC,Sensitive
YUL-14388,2024-10-13,P005,Ceramide Barrier Cream,Skin,1,14,42,0.25,Sephora,Tokyo,Oily
YUL-14389,2024-10-06,P005,Ceramide Barrier Cream,Skin,4,14,42,0.1,Online,London,Oily
YUL-14390,2024-03-24,P002,Fermented Rice Serum,Skin,1,15,45,0.2,Sephora,Seoul,Combination
YUL-14391,2025-06-09,P001,Deep Sea Hair Mask,Hair,3,12,38,0.0,Flagship Store,London,Combination
YUL-14392,2024-12-18,P004,Mugwort Essence,Skin,3,10,32,0.0,Olive Young,Seoul,Dry
YUL-14393,2025-06-17,P005,Ceramide Barrier Cream,Skin,1,14,42,0.2,Flagship Store,Seoul,Sensitive
YUL-14394,2025-03-16,P005,Ceramide Barrier Cream,Skin,2,14,42,0.1,Online,NYC,Oily
YUL-14395,2025-05-12,P004,Mugwort Essence,Skin,1,10,32,0.0,Olive Young,London,Sensitive
YUL-14396,2024-10-12,P004,Mugwort Essence,Skin,3,10,32,0.0,Sephora,NYC,Dry
YUL-14397,2025-10-20,P003,Scalp Soothing Oil,Hair,4,8,28,0.2,Flagship Store,Tokyo,Oily
YUL-14398,2024-11-20,P004,Mugwort Essence,Skin,1,10,32,0.2,Sephora,London,Dry
YUL-14399,2025-10-05,P002,Fermented Rice Serum,Skin,3,15,45,0.0,Olive Young,NYC,Combination
YUL-14400,2024-01-10,P002,Fermented Rice Serum,Skin,3,15,45,0.1,Sephora,NYC,Sensitive
YUL-14401,2024-01-26,P003,Scalp Soothing Oil,Hair,3,8,28,0.0,Sephora,Seoul,Oily
YUL-14402,2025-10-27,P001,Deep Sea Hair Mask,Hair,4,12,38,0.0,Online,Tokyo,Sensitive
YUL-14403,2024-03-12,P004,Mugwort Essence,Skin,3,10,32,0.0,Online,Seoul,Combination
YUL-14404,2025-07-08,P003,Scalp Soothing Oil,Hair,3,8,28,0.1,Olive Young,Seoul,Oily
YUL-14405,2024-09-30,P001,Deep Sea Hair Mask,Hair,3,12,38,0.0,Online,Tokyo,Dry
YUL-14406,2025-05-19,P004,Mugwort Essence,Skin,3,10,32,0.2,Sephora,Tokyo,Dry
YUL-14407,2025-02-04,P004,Mugwort Essence,Skin,1,10,32,0.2,Sephora,Tokyo,Sensitive
YUL-14408,2024-10-02,P005,Ceramide Barrier Cream,Skin,4,14,42,0.0,Olive Young,London,Oily
YUL-14409,2025-12-16,P005,Ceramide Barrier Cream,Skin,1,14,42,0.0,Flagship Store,Seoul,Oily
YUL-14410,2025-09-28,P001,Deep Sea Hair Mask,Hair,4,12,38,0.1,Online,Tokyo,Oily
YUL-14411,2024-12-04,P004,Mugwort Essence,Skin,1,10,32,0.0,Online,Seoul,Combination
YUL-14412,2024-10-20,P001,Deep Sea Hair Mask,Hair,4,12,38,0.25,Online,Tokyo,Oily
YUL-14413,2024-06-17,P003,Scalp Soothing Oil,Hair,1,8,28,0.0,Flagship Store,Seoul,Sensitive
YUL-14414,2025-10-22,P002,Fermented Rice Serum,Skin,1,15,45,0.25,Sephora,London,Sensitive
YUL-14415,2025-03-12,P002,Fermented Rice Serum,Skin,2,15,45,0.0,Olive Young,Tokyo,Oily
YUL-14416,2025-08-28,P001,Deep Sea Hair Mask,Hair,1,12,38,0.0,Online,Seoul,Dry
YUL-14417,2024-01-16,P003,Scalp Soothing Oil,Hair,2,8,28,0.0,Online,NYC,Sensitive
YUL-14418,2024-03-31,P003,Scalp Soothing Oil,Hair,1,8,28,0.1,Online,London,Sensitive
YUL-14419,2024-09-10,P004,Mugwort Essence,Skin,2,10,32,0.0,Olive Young,NYC,Sensitive
YUL-14420,2024-11-12,P003,Scalp Soothing Oil,Hair,3,8,28,0.1,Flagship Store,Seoul,Combination
YUL-14421,2024-05-14,P003,Scalp Soothing Oil,Hair,2,8,28,0.25,Online,NYC,Sensitive
YUL-14422,2024-05-01,P003,Scalp Soothing Oil,Hair,3,8,28,0.0,Sephora,London,Dry
YUL-14423,2025-08-22,P003,Scalp Soothing Oil,Hair,4,8,28,0.2,Flagship Store,Tokyo,Oily
YUL-14424,2025-04-22,P005,Ceramide Barrier Cream,Skin,4,14,42,0.0,Sephora,Seoul,Sensitive
YUL-14425,2025-11-09,P003,Scalp Soothing Oil,Hair,1,8,28,0.1,Olive Young,NYC,Dry
YUL-14426,2024-12-09,P004,Mugwort Essence,Skin,1,10,32,0.2,Olive Young,Tokyo,Dry
YUL-14427,2025-11-13,P005,Ceramide Barrier Cream,Skin,4,14,42,0.0,Sephora,Seoul,Oily
YUL-14428,2025-11-26,P005,Ceramide Barrier Cream,Skin,1,14,42,0.1,Flagship Store,London,Oily
YUL-14429,2025-08-29,P001,Deep Sea Hair Mask,Hair,3,12,38,0.0,Flagship Store,Tokyo,Combination
YUL-14430,2025-10-01,P004,Mugwort Essence,Skin,3,10,32,0.25,Olive Young,Tokyo,Sensitive
YUL-14431,2025-11-09,P004,Mugwort Essence,Skin,2,10,32,0.0,Sephora,London,Sensitive
YUL-14432,2025-10-01,P002,Fermented Rice Serum,Skin,1,15,45,0.0,Olive Young,London,Sensitive
YUL-14433,2024-11-05,P005,Ceramide Barrier Cream,Skin,3,14,42,0.1,Online,Seoul,Oily
YUL-14434,2025-08-22,P003,Scalp Soothing Oil,Hair,3,8,28,0.0,Flagship Store,Tokyo,Oily
YUL-14435,2024-10-11,P003,Scalp Soothing Oil,Hair,3,8,28,0.0,Olive Young,Tokyo,Oily
YUL-14436,2025-03-17,P001,Deep Sea Hair Mask,Hair,4,12,38,0.0,Flagship Store,Tokyo,Oily
YUL-14437,2025-12-27,P001,Deep Sea Hair Mask,Hair,4,12,38,0.0,Flagship Store,NYC,Sensitive
YUL-14438,2024-10-02,P003,Scalp Soothing Oil,Hair,2,8,28,0.0,Online,Tokyo,Sensitive
YUL-14439,2024-07-01,P003,Scalp Soothing Oil,Hair,3,8,28,0.0,Olive Young,Tokyo,Oily
YUL-14440,2024-09-16,P005,Ceramide Barrier Cream,Skin,2,14,42,0.0,Sephora,Tokyo,Sensitive
YUL-14441,2025-12-21,P001,Deep Sea Hair Mask,Hair,3,12,38,0.1,Sephora,London,Dry
YUL-14442,2025-06-02,P001,Deep Sea Hair Mask,Hair,4,12,38,0.0,Flagship Store,Seoul,Combination
YUL-14443,2024-01-02,P003,Scalp Soothing Oil,Hair,4,8,28,0.0,Online,NYC,Combination
YUL-14444,2025-05-31,P003,Scalp Soothing Oil,Hair,1,8,28,0.0,Online,London,Combination
YUL-14445,2024-01-07,P004,Mugwort Essence,Skin,2,10,32,0.0,Olive Young,Tokyo,Sensitive
YUL-14446,2025-08-17,P003,Scalp Soothing Oil,Hair,1,8,28,0.0,Sephora,London,Combination
YUL-14447,2025-11-29,P002,Fermented Rice Serum,Skin,4,15,45,0.0,Sephora,NYC,Dry
YUL-14448,2025-07-07,P002,Fermented Rice Serum,Skin,4,15,45,0.0,Sephora,Tokyo,Combination
YUL-14449,2024-03-08,P004,Mugwort Essence,Skin,4,10,32,0.1,Sephora,Seoul,Dry
YUL-14450,2025-08-09,P002,Fermented Rice Serum,Skin,3,15,45,0.0,Sephora,Tokyo,Combination
YUL-14451,2025-10-28,P001,Deep Sea Hair Mask,Hair,2,12,38,0.1,Flagship Store,NYC,Oily
YUL-14452,2024-08-14,P004,Mugwort Essence,Skin,1,10,32,0.0,Flagship Store,Seoul,Oily
YUL-14453,2025-04-25,P005,Ceramide Barrier Cream,Skin,1,14,42,0.0,Flagship Store,Tokyo,Dry
YUL-14454,2024-03-26,P001,Deep Sea Hair Mask,Hair,3,12,38,0.25,Online,Tokyo,Combination
YUL-14455,2025-08-10,P002,Fermented Rice Serum,Skin,3,15,45,0.0,Olive Young,Tokyo,Oily
YUL-14456,2025-02-11,P003,Scalp Soothing Oil,Hair,3,8,28,0.1,Flagship Store,Seoul,Oily
YUL-14457,2024-07-29,P001,Deep Sea Hair Mask,Hair,1,12,38,0.0,Online,London,Sensitive
YUL-14458,2025-10-22,P004,Mugwort Essence,Skin,1,10,32,0.2,Online,Seoul,Oily
YUL-14459,2024-12-07,P004,Mugwort Essence,Skin,3,10,32,0.0,Flagship Store,London,Oily
YUL-14460,2024-07-30,P001,Deep Sea Hair Mask,Hair,3,12,38,0.2,Flagship Store,Seoul,Oily
YUL-14461,2025-08-01,P004,Mugwort Essence,Skin,4,10,32,0.2,Olive Young,Seoul,Sensitive
YUL-14462,2024-01-28,P001,Deep Sea Hair Mask,Hair,3,12,38,0.2,Sephora,NYC,Combination
YUL-14463,2025-02-15,P001,Deep Sea Hair Mask,Hair,3,12,38,0.0,Olive Young,NYC,Oily
YUL-14464,2025-09-15,P005,Ceramide Barrier Cream,Skin,3,14,42,0.2,Online,NYC,Sensitive
YUL-14465,2025-04-20,P002,Fermented Rice Serum,Skin,2,15,45,0.0,Sephora,London,Dry
YUL-14466,2025-07-10,P003,Scalp Soothing Oil,Hair,1,8,28,0.0,Flagship Store,London,Oily
YUL-14467,2025-01-15,P005,Ceramide Barrier Cream,Skin,2,14,42,0.2,Online,Seoul,Sensitive
YUL-14468,2025-10-28,P004,Mugwort Essence,Skin,3,10,32,0.0,Olive Young,London,Sensitive
YUL-14469,2024-05-19,P002,Fermented Rice Serum,Skin,3,15,45,0.25,Online,London,Combination
YUL-14470,2024-05-24,P001,Deep Sea Hair Mask,Hair,2,12,38,0.2,Flagship Store,Tokyo,Sensitive
YUL-14471,2025-05-01,P001,Deep Sea Hair Mask,Hair,2,12,38,0.25,Online,London,Oily
YUL-14472,2025-11-16,P005,Ceramide Barrier Cream,Skin,1,14,42,0.2,Flagship Store,Tokyo,Combination
YUL-14473,2025-04-26,P004,Mugwort Essence,Skin,4,10,32,0.0,Flagship Store,London,Sensitive
YUL-14474,2025-06-04,P003,Scalp Soothing Oil,Hair,2,8,28,0.1,Olive Young,London,Sensitive
YUL-14475,2025-09-04,P003,Scalp Soothing Oil,Hair,3,8,28,0.25,Online,NYC,Oily
YUL-14476,2024-09-05,P002,Fermented Rice Serum,Skin,2,15,45,0.25,Sephora,Seoul,Combination
YUL-14477,2024-02-01,P003,Scalp Soothing Oil,Hair,2,8,28,0.0,Sephora,London,Oily
YUL-14478,2024-09-13,P001,Deep Sea Hair Mask,Hair,3,12,38,0.2,Olive Young,London,Sensitive
YUL-14479,2024-07-27,P001,Deep Sea Hair Mask,Hair,4,12,38,0.1,Sephora,Seoul,Sensitive
YUL-14480,2024-07-17,P002,Fermented Rice Serum,Skin,4,15,45,0.0,Olive Young,Seoul,Combination
YUL-14481,2025-12-16,P002,Fermented Rice Serum,Skin,2,15,45,0.0,Online,Tokyo,Oily
YUL-14482,2025-11-29,P004,Mugwort Essence,Skin,3,10,32,0.0,Online,London,Combination
YUL-14483,2024-07-27,P005,Ceramide Barrier Cream,Skin,3,14,42,0.0,Olive Young,Seoul,Oily
YUL-14484,2025-03-17,P003,Scalp Soothing Oil,Hair,4,8,28,0.0,Sephora,NYC,Combination
YUL-14485,2024-01-13,P005,Ceramide Barrier Cream,Skin,4,14,42,0.2,Sephora,Tokyo,Combination
YUL-14486,2024-10-18,P001,Deep Sea Hair Mask,Hair,3,12,38,0.25,Sephora,London,Oily
YUL-14487,2024-07-27,P005,Ceramide Barrier Cream,Skin,1,14,42,0.2,Sephora,Seoul,Oily
YUL-14488,2024-07-16,P002,Fermented Rice Serum,Skin,3,15,45,0.0,Flagship Store,NYC,Sensitive
YUL-14489,2025-06-21,P003,Scalp Soothing Oil,Hair,3,8,28,0.1,Flagship Store,Tokyo,Sensitive
YUL-14490,2024-01-11,P002,Fermented Rice Serum,Skin,2,15,45,0.0,Sephora,Tokyo,Dry
YUL-14491,2024-12-29,P005,Ceramide Barrier Cream,Skin,1,14,42,0.0,Flagship Store,London,Dry
YUL-14492,2025-05-11,P004,Mugwort Essence,Skin,1,10,32,0.0,Olive Young,NYC,Sensitive
YUL-14493,2024-12-01,P003,Scalp Soothing Oil,Hair,2,8,28,0.1,Flagship Store,Seoul,Oily
YUL-14494,2025-08-16,P001,Deep Sea Hair Mask,Hair,3,12,38,0.2,Olive Young,Seoul,Dry
YUL-14495,2024-02-12,P001,Deep Sea Hair Mask,Hair,3,12,38,0.2,Online,NYC,Oily
YUL-14496,2024-10-01,P004,Mugwort Essence,Skin,2,10,32,0.0,Olive Young,Tokyo,Combination
YUL-14497,2024-11-25,P004,Mugwort Essence,Skin,2,10,32,0.0,Olive Young,Tokyo,Sensitive
YUL-14498,2025-09-07,P002,Fermented Rice Serum,Skin,3,15,45,0.0,Olive Young,Seoul,Sensitive
YUL-14499,2024-12-29,P004,Mugwort Essence,Skin,2,10,32,0.0,Olive Young,NYC,Dry
YUL-14500,2024-11-07,P002,Fermented Rice Serum,Skin,2,15,45,0.25,Olive Young,London,Oily
YUL-14501,2025-02-13,P002,Fermented Rice Serum,Skin,1,15,45,0.2,Online,Tokyo,Oily
YUL-14502,2024-06-09,P002,Fermented Rice Serum,Skin,3,15,45,0.0,Olive Young,NYC,Sensitive
YUL-14503,2025-04-10,P003,Scalp Soothing Oil,Hair,4,8,28,0.0,Flagship Store,NYC,Oily
YUL-14504,2024-01-30,P001,Deep Sea Hair Mask,Hair,2,12,38,0.0,Flagship Store,NYC,Combination
YUL-14505,2024-11-07,P005,Ceramide Barrier Cream,Skin,4,14,42,0.2,Sephora,Tokyo,Combination
YUL-14506,2025-02-06,P005,Ceramide Barrier Cream,Skin,1,14,42,0.0,Olive Young,London,Oily
YUL-14507,2025-06-05,P004,Mugwort Essence,Skin,4,10,32,0.0,Flagship Store,NYC,Combination
YUL-14508,2024-09-10,P001,Deep Sea Hair Mask,Hair,3,12,38,0.0,Flagship Store,Seoul,Sensitive
YUL-14509,2025-06-15,P003,Scalp Soothing Oil,Hair,4,8,28,0.25,Flagship Store,Tokyo,Combination
YUL-14510,2024-04-03,P001,Deep Sea Hair Mask,Hair,2,12,38,0.0,Olive Young,NYC,Sensitive
YUL-14511,2024-01-08,P002,Fermented Rice Serum,Skin,3,15,45,0.25,Online,Tokyo,Oily
YUL-14512,2025-04-19,P005,Ceramide Barrier Cream,Skin,4,14,42,0.25,Sephora,London,Dry
YUL-14513,2024-10-14,P003,Scalp Soothing Oil,Hair,3,8,28,0.25,Online,NYC,Sensitive
YUL-14514,2025-06-07,P004,Mugwort Essence,Skin,4,10,32,0.1,Olive Young,London,Combination
YUL-14515,2024-09-28,P002,Fermented Rice Serum,Skin,2,15,45,0.0,Olive Young,London,Sensitive
YUL-14516,2025-11-19,P003,Scalp Soothing Oil,Hair,3,8,28,0.0,Sephora,NYC,Combination
YUL-14517,2025-07-25,P005,Ceramide Barrier Cream,Skin,4,14,42,0.1,Olive Young,Tokyo,Sensitive
YUL-14518,2025-08-07,P003,Scalp Soothing Oil,Hair,4,8,28,0.0,Flagship Store,NYC,Dry
YUL-14519,2025-02-22,P005,Ceramide Barrier Cream,Skin,2,14,42,0.0,Sephora,NYC,Combination
YUL-14520,2025-08-31,P002,Fermented Rice Serum,Skin,3,15,45,0.0,Sephora,Tokyo,Oily
YUL-14521,2024-05-05,P003,Scalp Soothing Oil,Hair,2,8,28,0.1,Olive Young,London,Oily
YUL-14522,2025-08-16,P005,Ceramide Barrier Cream,Skin,2,14,42,0.0,Sephora,London,Combination
YUL-14523,2024-01-14,P002,Fermented Rice Serum,Skin,2,15,45,0.2,Flagship Store,NYC,Combination
YUL-14524,2025-10-23,P005,Ceramide Barrier Cream,Skin,2,14,42,0.25,Olive Young,London,Oily
YUL-14525,2025-12-13,P005,Ceramide Barrier Cream,Skin,2,14,42,0.0,Olive Young,Seoul,Dry
YUL-14526,2024-10-11,P004,Mugwort Essence,Skin,1,10,32,0.1,Olive Young,Tokyo,Combination
YUL-14527,2025-10-03,P003,Scalp Soothing Oil,Hair,4,8,28,0.1,Olive Young,Seoul,Sensitive
YUL-14528,2025-10-12,P001,Deep Sea Hair Mask,Hair,1,12,38,0.1,Sephora,Seoul,Oily
YUL-14529,2024-01-05,P003,Scalp Soothing Oil,Hair,3,8,28,0.0,Online,NYC,Oily
YUL-14530,2024-01-06,P003,Scalp Soothing Oil,Hair,2,8,28,0.25,Flagship Store,London,Combination
YUL-14531,2024-03-27,P005,Ceramide Barrier Cream,Skin,1,14,42,0.25,Flagship Store,London,Dry
YUL-14532,2025-09-14,P005,Ceramide Barrier Cream,Skin,2,14,42,0.2,Flagship Store,Seoul,Sensitive
YUL-14533,2024-04-16,P004,Mugwort Essence,Skin,1,10,32,0.0,Flagship Store,NYC,Oily
YUL-14534,2025-09-07,P005,Ceramide Barrier Cream,Skin,1,14,42,0.0,Online,Tokyo,Dry
YUL-14535,2025-03-24,P003,Scalp Soothing Oil,Hair,1,8,28,0.1,Flagship Store,NYC,Dry
YUL-14536,2024-05-11,P003,Scalp Soothing Oil,Hair,1,8,28,0.1,Olive Young,Seoul,Sensitive
YUL-14537,2025-10-03,P001,Deep Sea Hair Mask,Hair,1,12,38,0.0,Flagship Store,Seoul,Dry
YUL-14538,2024-03-19,P003,Scalp Soothing Oil,Hair,4,8,28,0.1,Olive Young,Seoul,Oily
YUL-14539,2025-06-01,P002,Fermented Rice Serum,Skin,1,15,45,0.2,Flagship Store,NYC,Dry
YUL-14540,2024-05-15,P005,Ceramide Barrier Cream,Skin,2,14,42,0.25,Online,London,Sensitive
YUL-14541,2025-04-19,P004,Mugwort Essence,Skin,1,10,32,0.1,Olive Young,NYC,Sensitive
YUL-14542,2025-06-01,P005,Ceramide Barrier Cream,Skin,1,14,42,0.1,Olive Young,Tokyo,Oily
YUL-14543,2025-11-28,P005,Ceramide Barrier Cream,Skin,1,14,42,0.0,Online,NYC,Dry
YUL-14544,2025-10-28,P002,Fermented Rice Serum,Skin,4,15,45,0.0,Sephora,NYC,Sensitive
YUL-14545,2025-08-21,P002,Fermented Rice Serum,Skin,1,15,45,0.0,Sephora,London,Sensitive
YUL-14546,2024-10-27,P002,Fermented Rice Serum,Skin,2,15,45,0.0,Sephora,London,Dry
YUL-14547,2025-02-22,P001,Deep Sea Hair Mask,Hair,1,12,38,0.25,Olive Young,London,Sensitive
YUL-14548,2024-01-11,P005,Ceramide Barrier Cream,Skin,2,14,42,0.2,Flagship Store,Seoul,Dry
YUL-14549,2025-03-17,P001,Deep Sea Hair Mask,Hair,1,12,38,0.0,Online,NYC,Oily
YUL-14550,2024-11-27,P003,Scalp Soothing Oil,Hair,2,8,28,0.25,Olive Young,London,Combination
YUL-14551,2024-09-25,P003,Scalp Soothing Oil,Hair,3,8,28,0.0,Olive Young,London,Oily
YUL-14552,2024-01-28,P002,Fermented Rice Serum,Skin,2,15,45,0.0,Flagship Store,London,Sensitive
YUL-14553,2024-01-18,P002,Fermented Rice Serum,Skin,1,15,45,0.25,Sephora,Seoul,Sensitive
YUL-14554,2025-06-12,P001,Deep Sea Hair Mask,Hair,4,12,38,0.0,Online,Seoul,Oily
YUL-14555,2025-03-24,P002,Fermented Rice Serum,Skin,1,15,45,0.2,Sephora,NYC,Oily
YUL-14556,2025-08-11,P003,Scalp Soothing Oil,Hair,2,8,28,0.0,Olive Young,NYC,Oily
YUL-14557,2025-04-12,P003,Scalp Soothing Oil,Hair,2,8,28,0.0,Flagship Store,London,Dry
YUL-14558,2024-02-25,P004,Mugwort Essence,Skin,4,10,32,0.0,Sephora,NYC,Combination
YUL-14559,2024-03-08,P004,Mugwort Essence,Skin,3,10,32,0.0,Olive Young,London,Oily
YUL-14560,2024-04-11,P002,Fermented Rice Serum,Skin,1,15,45,0.0,Olive Young,Seoul,Dry
YUL-14561,2025-04-06,P003,Scalp Soothing Oil,Hair,2,8,28,0.0,Online,Tokyo,Oily
YUL-14562,2025-03-28,P005,Ceramide Barrier Cream,Skin,2,14,42,0.1,Flagship Store,Tokyo,Combination
YUL-14563,2025-09-26,P002,Fermented Rice Serum,Skin,1,15,45,0.2,Olive Young,NYC,Combination
YUL-14564,2024-03-11,P002,Fermented Rice Serum,Skin,1,15,45,0.0,Sephora,NYC,Dry
YUL-14565,2024-02-23,P005,Ceramide Barrier Cream,Skin,4,14,42,0.1,Olive Young,Tokyo,Oily
YUL-14566,2024-11-18,P004,Mugwort Essence,Skin,4,10,32,0.2,Olive Young,NYC,Oily
YUL-14567,2025-04-05,P002,Fermented Rice Serum,Skin,1,15,45,0.25,Sephora,Tokyo,Dry
YUL-14568,2024-08-07,P002,Fermented Rice Serum,Skin,1,15,45,0.0,Sephora,Seoul,Sensitive
YUL-14569,2024-11-19,P005,Ceramide Barrier Cream,Skin,4,14,42,0.0,Flagship Store,Tokyo,Combination
YUL-14570,2025-08-09,P005,Ceramide Barrier Cream,Skin,4,14,42,0.0,Olive Young,Seoul,Sensitive
YUL-14571,2024-04-28,P001,Deep Sea Hair Mask,Hair,1,12,38,0.0,Flagship Store,London,Sensitive
YUL-14572,2025-07-18,P004,Mugwort Essence,Skin,3,10,32,0.25,Sephora,Seoul,Combination
YUL-14573,2024-04-25,P004,Mugwort Essence,Skin,2,10,32,0.25,Flagship Store,Tokyo,Combination
YUL-14574,2025-11-23,P001,Deep Sea Hair Mask,Hair,4,12,38,0.1,Online,Tokyo,Dry
YUL-14575,2024-08-03,P001,Deep Sea Hair Mask,Hair,2,12,38,0.25,Sephora,NYC,Combination
YUL-14576,2025-02-07,P004,Mugwort Essence,Skin,4,10,32,0.25,Olive Young,Tokyo,Combination
YUL-14577,2024-08-15,P005,Ceramide Barrier Cream,Skin,3,14,42,0.2,Sephora,Tokyo,Sensitive
YUL-14578,2024-02-17,P002,Fermented Rice Serum,Skin,4,15,45,0.0,Flagship Store,NYC,Sensitive
YUL-14579,2024-09-25,P005,Ceramide Barrier Cream,Skin,1,14,42,0.0,Online,London,Combination
YUL-14580,2025-01-08,P002,Fermented Rice Serum,Skin,4,15,45,0.0,Online,London,Combination
YUL-14581,2025-08-27,P005,Ceramide Barrier Cream,Skin,2,14,42,0.25,Online,Seoul,Sensitive
YUL-14582,2024-11-12,P002,Fermented Rice Serum,Skin,2,15,45,0.25,Flagship Store,NYC,Dry
YUL-14583,2024-03-09,P004,Mugwort Essence,Skin,2,10,32,0.0,Online,Tokyo,Sensitive
YUL-14584,2025-10-15,P003,Scalp Soothing Oil,Hair,3,8,28,0.2,Online,Seoul,Sensitive
YUL-14585,2025-07-06,P004,Mugwort Essence,Skin,1,10,32,0.25,Online,Seoul,Combination
YUL-14586,2024-06-12,P005,Ceramide Barrier Cream,Skin,4,14,42,0.1,Olive Young,Tokyo,Sensitive
YUL-14587,2024-05-03,P001,Deep Sea Hair Mask,Hair,1,12,38,0.2,Flagship Store,Tokyo,Combination
YUL-14588,2024-04-17,P001,Deep Sea Hair Mask,Hair,4,12,38,0.0,Sephora,London,Oily
YUL-14589,2025-05-19,P003,Scalp Soothing Oil,Hair,1,8,28,0.0,Flagship Store,London,Dry
YUL-14590,2025-02-13,P004,Mugwort Essence,Skin,2,10,32,0.2,Olive Young,London,Dry
YUL-14591,2025-12-28,P002,Fermented Rice Serum,Skin,4,15,45,0.1,Olive Young,Tokyo,Dry
YUL-14592,2025-10-29,P004,Mugwort Essence,Skin,4,10,32,0.1,Online,Tokyo,Combination
YUL-14593,2024-10-03,P002,Fermented Rice Serum,Skin,1,15,45,0.0,Online,Tokyo,Oily
YUL-14594,2025-10-19,P005,Ceramide Barrier Cream,Skin,2,14,42,0.0,Sephora,Tokyo,Oily
YUL-14595,2024-03-29,P003,Scalp Soothing Oil,Hair,3,8,28,0.0,Flagship Store,Tokyo,Combination
YUL-14596,2025-09-14,P005,Ceramide Barrier Cream,Skin,4,14,42,0.1,Online,Seoul,Dry
YUL-14597,2025-06-29,P001,Deep Sea Hair Mask,Hair,3,12,38,0.2,Olive Young,NYC,Combination
YUL-14598,2024-10-30,P002,Fermented Rice Serum,Skin,3,15,45,0.2,Olive Young,London,Combination
YUL-14599,2024-09-27,P002,Fermented Rice Serum,Skin,3,15,45,0.2,Online,Tokyo,Oily
YUL-14600,2024-01-26,P002,Fermented Rice Serum,Skin,1,15,45,0.0,Sephora,Seoul,Sensitive
YUL-14601,2024-07-30,P005,Ceramide Barrier Cream,Skin,1,14,42,0.0,Online,London,Combination
YUL-14602,2025-11-21,P004,Mugwort Essence,Skin,3,10,32,0.0,Online,NYC,Sensitive
YUL-14603,2025-04-24,P004,Mugwort Essence,Skin,2,10,32,0.2,Online,NYC,Sensitive
YUL-14604,2024-01-09,P004,Mugwort Essence,Skin,3,10,32,0.0,Olive Young,Seoul,Sensitive
YUL-14605,2024-10-07,P003,Scalp Soothing Oil,Hair,2,8,28,0.2,Flagship Store,London,Dry
YUL-14606,2025-08-18,P001,Deep Sea Hair Mask,Hair,3,12,38,0.0,Olive Young,London,Sensitive
YUL-14607,2024-05-05,P005,Ceramide Barrier Cream,Skin,2,14,42,0.0,Online,NYC,Combination
YUL-14608,2024-12-02,P005,Ceramide Barrier Cream,Skin,4,14,42,0.1,Online,Tokyo,Oily
YUL-14609,2024-01-08,P003,Scalp Soothing Oil,Hair,3,8,28,0.0,Olive Young,NYC,Oily
YUL-14610,2025-09-15,P004,Mugwort Essence,Skin,4,10,32,0.1,Olive Young,Seoul,Dry
YUL-14611,2025-01-11,P005,Ceramide Barrier Cream,Skin,1,14,42,0.0,Flagship Store,Tokyo,Dry
YUL-14612,2024-12-13,P004,Mugwort Essence,Skin,3,10,32,0.0,Olive Young,London,Dry
YUL-14613,2025-05-19,P005,Ceramide Barrier Cream,Skin,3,14,42,0.0,Flagship Store,NYC,Combination
YUL-14614,2025-02-16,P002,Fermented Rice Serum,Skin,3,15,45,0.0,Sephora,London,Oily
YUL-14615,2025-05-11,P002,Fermented Rice Serum,Skin,3,15,45,0.0,Sephora,Seoul,Sensitive
YUL-14616,2025-07-31,P004,Mugwort Essence,Skin,1,10,32,0.25,Sephora,Seoul,Oily
YUL-14617,2024-04-28,P002,Fermented Rice Serum,Skin,2,15,45,0.2,Online,Seoul,Combination
YUL-14618,2025-01-14,P005,Ceramide Barrier Cream,Skin,4,14,42,0.0,Flagship Store,London,Sensitive
YUL-14619,2025-04-20,P005,Ceramide Barrier Cream,Skin,2,14,42,0.2,Online,Tokyo,Combination
YUL-14620,2025-07-28,P005,Ceramide Barrier Cream,Skin,1,14,42,0.25,Olive Young,Seoul,Combination
YUL-14621,2024-11-24,P003,Scalp Soothing Oil,Hair,4,8,28,0.2,Sephora,London,Oily
YUL-14622,2025-03-22,P001,Deep Sea Hair Mask,Hair,1,12,38,0.2,Flagship Store,London,Oily
YUL-14623,2024-09-23,P003,Scalp Soothing Oil,Hair,1,8,28,0.0,Sephora,Seoul,Oily
YUL-14624,2025-01-31,P004,Mugwort Essence,Skin,2,10,32,0.1,Sephora,NYC,Oily
YUL-14625,2024-07-15,P004,Mugwort Essence,Skin,3,10,32,0.0,Online,London,Oily
YUL-14626,2025-05-07,P005,Ceramide Barrier Cream,Skin,3,14,42,0.25,Online,London,Dry
YUL-14627,2024-10-05,P004,Mugwort Essence,Skin,1,10,32,0.0,Olive Young,London,Oily
YUL-14628,2024-08-06,P002,Fermented Rice Serum,Skin,3,15,45,0.25,Flagship Store,Seoul,Dry
YUL-14629,2024-03-31,P002,Fermented Rice Serum,Skin,2,15,45,0.0,Online,Seoul,Dry
YUL-14630,2025-06-26,P005,Ceramide Barrier Cream,Skin,4,14,42,0.0,Olive Young,London,Sensitive
YUL-14631,2025-12-23,P002,Fermented Rice Serum,Skin,4,15,45,0.0,Sephora,Tokyo,Sensitive
YUL-14632,2024-05-13,P005,Ceramide Barrier Cream,Skin,2,14,42,0.0,Flagship Store,NYC,Combination
YUL-14633,2025-07-08,P002,Fermented Rice Serum,Skin,3,15,45,0.0,Sephora,London,Oily
YUL-14634,2025-01-09,P002,Fermented Rice Serum,Skin,2,15,45,0.0,Online,Seoul,Dry
YUL-14635,2025-04-24,P003,Scalp Soothing Oil,Hair,1,8,28,0.2,Online,NYC,Sensitive
YUL-14636,2024-03-14,P001,Deep Sea Hair Mask,Hair,2,12,38,0.1,Flagship Store,Seoul,Oily
YUL-14637,2025-07-15,P002,Fermented Rice Serum,Skin,2,15,45,0.0,Online,NYC,Combination
YUL-14638,2024-02-20,P002,Fermented Rice Serum,Skin,2,15,45,0.0,Online,NYC,Combination
YUL-14639,2025-02-08,P003,Scalp Soothing Oil,Hair,4,8,28,0.0,Sephora,Seoul,Oily
YUL-14640,2024-04-25,P003,Scalp Soothing Oil,Hair,3,8,28,0.2,Sephora,Seoul,Combination
YUL-14641,2024-04-10,P001,Deep Sea Hair Mask,Hair,1,12,38,0.0,Sephora,Seoul,Combination
YUL-14642,2025-12-17,P004,Mugwort Essence,Skin,3,10,32,0.0,Online,NYC,Combination
YUL-14643,2025-03-12,P002,Fermented Rice Serum,Skin,1,15,45,0.2,Online,Tokyo,Oily
YUL-14644,2024-04-28,P004,Mugwort Essence,Skin,4,10,32,0.25,Online,Seoul,Oily
YUL-14645,2024-01-12,P001,Deep Sea Hair Mask,Hair,2,12,38,0.0,Sephora,Tokyo,Oily
YUL-14646,2025-07-24,P001,Deep Sea Hair Mask,Hair,3,12,38,0.25,Online,Tokyo,Sensitive
YUL-14647,2024-09-19,P004,Mugwort Essence,Skin,4,10,32,0.1,Flagship Store,Tokyo,Sensitive
YUL-14648,2025-05-18,P003,Scalp Soothing Oil,Hair,2,8,28,0.0,Online,Tokyo,Oily
YUL-14649,2025-06-21,P001,Deep Sea Hair Mask,Hair,3,12,38,0.25,Olive Young,Seoul,Oily
YUL-14650,2025-06-05,P003,Scalp Soothing Oil,Hair,3,8,28,0.2,Online,London,Sensitive
YUL-14651,2025-07-22,P002,Fermented Rice Serum,Skin,2,15,45,0.2,Online,Tokyo,Oily
YUL-14652,2024-01-17,P002,Fermented Rice Serum,Skin,3,15,45,0.0,Flagship Store,London,Combination
YUL-14653,2024-09-30,P001,Deep Sea Hair Mask,Hair,4,12,38,0.0,Flagship Store,NYC,Combination
YUL-14654,2024-09-06,P004,Mugwort Essence,Skin,1,10,32,0.0,Sephora,Seoul,Combination
YUL-14655,2025-10-27,P003,Scalp Soothing Oil,Hair,3,8,28,0.0,Flagship Store,NYC,Dry
YUL-14656,2025-07-11,P001,Deep Sea Hair Mask,Hair,4,12,38,0.25,Olive Young,Tokyo,Combination
YUL-14657,2025-10-26,P002,Fermented Rice Serum,Skin,4,15,45,0.25,Olive Young,London,Dry
YUL-14658,2024-12-14,P003,Scalp Soothing Oil,Hair,1,8,28,0.0,Sephora,Tokyo,Dry
YUL-14659,2024-03-08,P004,Mugwort Essence,Skin,2,10,32,0.25,Olive Young,Tokyo,Dry
YUL-14660,2025-02-01,P001,Deep Sea Hair Mask,Hair,2,12,38,0.25,Online,NYC,Combination
YUL-14661,2025-09-13,P002,Fermented Rice Serum,Skin,4,15,45,0.1,Olive Young,Tokyo,Combination
YUL-14662,2025-09-28,P002,Fermented Rice Serum,Skin,3,15,45,0.0,Online,London,Dry
YUL-14663,2025-11-23,P005,Ceramide Barrier Cream,Skin,1,14,42,0.2,Online,London,Sensitive
YUL-14664,2024-09-03,P003,Scalp Soothing Oil,Hair,4,8,28,0.0,Online,London,Combination
YUL-14665,2024-03-17,P002,Fermented Rice Serum,Skin,4,15,45,0.2,Sephora,Tokyo,Oily
YUL-14666,2025-04-20,P002,Fermented Rice Serum,Skin,1,15,45,0.0,Sephora,Tokyo,Oily
YUL-14667,2025-02-19,P001,Deep Sea Hair Mask,Hair,3,12,38,0.0,Sephora,NYC,Sensitive
YUL-14668,2025-09-26,P005,Ceramide Barrier Cream,Skin,4,14,42,0.25,Online,London,Combination
YUL-14669,2025-06-01,P004,Mugwort Essence,Skin,3,10,32,0.0,Olive Young,Seoul,Oily
YUL-14670,2025-09-09,P002,Fermented Rice Serum,Skin,4,15,45,0.0,Olive Young,London,Dry
YUL-14671,2024-01-26,P003,Scalp Soothing Oil,Hair,1,8,28,0.25,Online,Seoul,Dry
YUL-14672,2025-11-06,P002,Fermented Rice Serum,Skin,3,15,45,0.0,Flagship Store,NYC,Sensitive
YUL-14673,2025-07-28,P004,Mugwort Essence,Skin,3,10,32,0.25,Olive Young,Tokyo,Oily
YUL-14674,2024-10-25,P003,Scalp Soothing Oil,Hair,3,8,28,0.0,Sephora,Seoul,Oily
YUL-14675,2024-03-21,P002,Fermented Rice Serum,Skin,3,15,45,0.0,Flagship Store,NYC,Oily
YUL-14676,2025-09-29,P003,Scalp Soothing Oil,Hair,2,8,28,0.0,Olive Young,London,Combination
YUL-14677,2025-02-27,P001,Deep Sea Hair Mask,Hair,3,12,38,0.0,Sephora,Tokyo,Oily
YUL-14678,2025-02-15,P004,Mugwort Essence,Skin,1,10,32,0.0,Online,Seoul,Dry
YUL-14679,2025-08-09,P001,Deep Sea Hair Mask,Hair,4,12,38,0.0,Online,London,Combination
YUL-14680,2024-02-05,P004,Mugwort Essence,Skin,1,10,32,0.0,Online,London,Sensitive
YUL-14681,2025-05-25,P002,Fermented Rice Serum,Skin,2,15,45,0.0,Olive Young,NYC,Oily
YUL-14682,2024-01-07,P004,Mugwort Essence,Skin,1,10,32,0.1,Online,NYC,Dry
YUL-14683,2025-03-26,P001,Deep Sea Hair Mask,Hair,4,12,38,0.1,Sephora,Seoul,Oily
YUL-14684,2024-07-06,P002,Fermented Rice Serum,Skin,1,15,45,0.1,Olive Young,London,Oily
YUL-14685,2025-12-12,P003,Scalp Soothing Oil,Hair,3,8,28,0.1,Online,NYC,Sensitive
YUL-14686,2024-12-18,P002,Fermented Rice Serum,Skin,2,15,45,0.0,Sephora,London,Oily
YUL-14687,2024-07-19,P004,Mugwort Essence,Skin,1,10,32,0.0,Flagship Store,NYC,Oily
YUL-14688,2024-01-26,P001,Deep Sea Hair Mask,Hair,3,12,38,0.0,Online,Seoul,Combination
YUL-14689,2024-07-05,P002,Fermented Rice Serum,Skin,4,15,45,0.0,Olive Young,Tokyo,Sensitive
YUL-14690,2024-01-14,P004,Mugwort Essence,Skin,1,10,32,0.1,Flagship Store,Seoul,Oily
YUL-14691,2025-05-30,P005,Ceramide Barrier Cream,Skin,1,14,42,0.1,Online,NYC,Oily
YUL-14692,2025-01-21,P002,Fermented Rice Serum,Skin,4,15,45,0.0,Flagship Store,London,Dry
YUL-14693,2025-04-04,P002,Fermented Rice Serum,Skin,1,15,45,0.25,Online,Seoul,Oily
YUL-14694,2024-10-21,P005,Ceramide Barrier Cream,Skin,1,14,42,0.2,Online,Tokyo,Sensitive
YUL-14695,2024-03-16,P004,Mugwort Essence,Skin,4,10,32,0.0,Online,London,Dry
YUL-14696,2024-02-09,P005,Ceramide Barrier Cream,Skin,4,14,42,0.0,Sephora,Tokyo,Sensitive
YUL-14697,2025-05-10,P005,Ceramide Barrier Cream,Skin,3,14,42,0.0,Sephora,London,Oily
YUL-14698,2024-06-07,P005,Ceramide Barrier Cream,Skin,1,14,42,0.25,Olive Young,Tokyo,Sensitive
YUL-14699,2025-11-13,P001,Deep Sea Hair Mask,Hair,4,12,38,0.0,Online,Seoul,Dry
YUL-14700,2025-07-27,P002,Fermented Rice Serum,Skin,3,15,45,0.0,Olive Young,Tokyo,Combination
YUL-14701,2024-06-21,P005,Ceramide Barrier Cream,Skin,1,14,42,0.0,Sephora,NYC,Dry
YUL-14702,2024-07-27,P002,Fermented Rice Serum,Skin,3,15,45,0.2,Flagship Store,London,Dry
YUL-14703,2025-11-01,P005,Ceramide Barrier Cream,Skin,3,14,42,0.25,Flagship Store,Seoul,Dry
YUL-14704,2025-08-25,P004,Mugwort Essence,Skin,2,10,32,0.2,Sephora,Seoul,Oily
YUL-14705,2024-09-23,P002,Fermented Rice Serum,Skin,2,15,45,0.0,Olive Young,NYC,Combination
YUL-14706,2024-06-27,P002,Fermented Rice Serum,Skin,1,15,45,0.1,Flagship Store,NYC,Oily
YUL-14707,2024-11-04,P001,Deep Sea Hair Mask,Hair,4,12,38,0.1,Flagship Store,Seoul,Sensitive
YUL-14708,2025-12-16,P001,Deep Sea Hair Mask,Hair,4,12,38,0.2,Olive Young,London,Combination
YUL-14709,2025-06-11,P004,Mugwort Essence,Skin,4,10,32,0.0,Olive Young,Tokyo,Oily
YUL-14710,2024-02-08,P001,Deep Sea Hair Mask,Hair,1,12,38,0.0,Flagship Store,Seoul,Dry
YUL-14711,2024-03-01,P001,Deep Sea Hair Mask,Hair,2,12,38,0.0,Online,London,Oily
YUL-14712,2025-04-12,P002,Fermented Rice Serum,Skin,1,15,45,0.0,Online,Seoul,Combination
YUL-14713,2025-06-18,P004,Mugwort Essence,Skin,3,10,32,0.1,Flagship Store,Seoul,Combination
YUL-14714,2025-06-23,P001,Deep Sea Hair Mask,Hair,4,12,38,0.0,Online,Seoul,Sensitive
YUL-14715,2025-10-04,P004,Mugwort Essence,Skin,4,10,32,0.1,Online,NYC,Dry
YUL-14716,2025-05-13,P002,Fermented Rice Serum,Skin,1,15,45,0.1,Online,Seoul,Oily
YUL-14717,2024-08-20,P001,Deep Sea Hair Mask,Hair,2,12,38,0.0,Olive Young,Seoul,Combination
YUL-14718,2024-03-06,P004,Mugwort Essence,Skin,4,10,32,0.0,Online,Tokyo,Oily
YUL-14719,2024-02-05,P003,Scalp Soothing Oil,Hair,2,8,28,0.2,Flagship Store,Tokyo,Combination
YUL-14720,2025-12-25,P005,Ceramide Barrier Cream,Skin,4,14,42,0.0,Olive Young,London,Dry
YUL-14721,2024-03-21,P003,Scalp Soothing Oil,Hair,4,8,28,0.0,Flagship Store,Tokyo,Oily
YUL-14722,2024-07-10,P002,Fermented Rice Serum,Skin,3,15,45,0.0,Olive Young,Tokyo,Oily
YUL-14723,2025-12-17,P003,Scalp Soothing Oil,Hair,2,8,28,0.0,Sephora,London,Combination
YUL-14724,2025-09-13,P005,Ceramide Barrier Cream,Skin,4,14,42,0.0,Olive Young,NYC,Dry
YUL-14725,2024-04-22,P005,Ceramide Barrier Cream,Skin,4,14,42,0.0,Sephora,London,Oily
YUL-14726,2025-07-07,P003,Scalp Soothing Oil,Hair,2,8,28,0.25,Flagship Store,Seoul,Combination
YUL-14727,2024-07-27,P003,Scalp Soothing Oil,Hair,1,8,28,0.2,Olive Young,Seoul,Sensitive
YUL-14728,2025-07-29,P004,Mugwort Essence,Skin,1,10,32,0.0,Sephora,NYC,Oily
YUL-14729,2025-03-20,P001,Deep Sea Hair Mask,Hair,2,12,38,0.1,Olive Young,NYC,Dry
YUL-14730,2024-05-10,P002,Fermented Rice Serum,Skin,2,15,45,0.1,Sephora,London,Combination
YUL-14731,2025-12-14,P003,Scalp Soothing Oil,Hair,1,8,28,0.2,Flagship Store,Seoul,Combination
YUL-14732,2024-06-19,P002,Fermented Rice Serum,Skin,3,15,45,0.25,Flagship Store,London,Sensitive
YUL-14733,2025-03-11,P004,Mugwort Essence,Skin,4,10,32,0.25,Flagship Store,London,Sensitive
YUL-14734,2024-11-23,P001,Deep Sea Hair Mask,Hair,1,12,38,0.0,Flagship Store,London,Sensitive
YUL-14735,2025-05-14,P003,Scalp Soothing Oil,Hair,4,8,28,0.0,Sephora,London,Sensitive
YUL-14736,2025-06-22,P003,Scalp Soothing Oil,Hair,1,8,28,0.0,Online,London,Dry
YUL-14737,2024-11-14,P002,Fermented Rice Serum,Skin,1,15,45,0.25,Sephora,Tokyo,Dry
YUL-14738,2024-07-02,P003,Scalp Soothing Oil,Hair,2,8,28,0.25,Olive Young,Tokyo,Dry
YUL-14739,2024-05-06,P004,Mugwort Essence,Skin,2,10,32,0.0,Online,Tokyo,Sensitive
YUL-14740,2025-10-17,P002,Fermented Rice Serum,Skin,2,15,45,0.0,Flagship Store,NYC,Sensitive
YUL-14741,2024-03-07,P003,Scalp Soothing Oil,Hair,2,8,28,0.0,Online,NYC,Dry
YUL-14742,2024-10-06,P001,Deep Sea Hair Mask,Hair,4,12,38,0.1,Online,Seoul,Combination
YUL-14743,2024-07-05,P004,Mugwort Essence,Skin,4,10,32,0.0,Olive Young,Seoul,Sensitive
YUL-14744,2025-03-29,P005,Ceramide Barrier Cream,Skin,1,14,42,0.0,Sephora,NYC,Dry
YUL-14745,2024-07-28,P002,Fermented Rice Serum,Skin,4,15,45,0.2,Online,Seoul,Combination
YUL-14746,2024-11-03,P002,Fermented Rice Serum,Skin,3,15,45,0.25,Flagship Store,Tokyo,Sensitive
YUL-14747,2025-12-29,P003,Scalp Soothing Oil,Hair,2,8,28,0.0,Online,Tokyo,Dry
YUL-14748,2025-11-29,P004,Mugwort Essence,Skin,1,10,32,0.0,Olive Young,NYC,Sensitive
YUL-14749,2024-03-20,P003,Scalp Soothing Oil,Hair,1,8,28,0.1,Sephora,Tokyo,Combination
YUL-14750,2024-07-06,P004,Mugwort Essence,Skin,2,10,32,0.0,Sephora,London,Oily
YUL-14751,2025-11-06,P005,Ceramide Barrier Cream,Skin,3,14,42,0.2,Sephora,Tokyo,Sensitive
YUL-14752,2025-07-30,P005,Ceramide Barrier Cream,Skin,4,14,42,0.0,Flagship Store,London,Combination
YUL-14753,2025-09-12,P002,Fermented Rice Serum,Skin,4,15,45,0.0,Olive Young,NYC,Dry
YUL-14754,2025-01-13,P003,Scalp Soothing Oil,Hair,2,8,28,0.0,Online,Seoul,Dry
YUL-14755,2024-07-19,P002,Fermented Rice Serum,Skin,2,15,45,0.0,Online,NYC,Oily
YUL-14756,2024-11-24,P001,Deep Sea Hair Mask,Hair,2,12,38,0.2,Olive Young,NYC,Combination
YUL-14757,2024-10-29,P002,Fermented Rice Serum,Skin,2,15,45,0.0,Olive Young,Tokyo,Sensitive
YUL-14758,2024-11-27,P001,Deep Sea Hair Mask,Hair,1,12,38,0.0,Sephora,NYC,Oily
YUL-14759,2025-01-29,P002,Fermented Rice Serum,Skin,3,15,45,0.0,Online,London,Oily
YUL-14760,2025-05-09,P001,Deep Sea Hair Mask,Hair,2,12,38,0.0,Sephora,Seoul,Dry
YUL-14761,2025-08-17,P005,Ceramide Barrier Cream,Skin,1,14,42,0.0,Sephora,Seoul,Combination
YUL-14762,2025-12-21,P001,Deep Sea Hair Mask,Hair,3,12,38,0.0,Online,Seoul,Sensitive
YUL-14763,2025-03-31,P005,Ceramide Barrier Cream,Skin,3,14,42,0.0,Online,Seoul,Combination
YUL-14764,2024-08-15,P002,Fermented Rice Serum,Skin,2,15,45,0.0,Online,NYC,Sensitive
YUL-14765,2024-03-29,P003,Scalp Soothing Oil,Hair,2,8,28,0.25,Olive Young,Seoul,Dry
YUL-14766,2024-04-26,P004,Mugwort Essence,Skin,1,10,32,0.0,Olive Young,London,Combination
YUL-14767,2025-12-06,P001,Deep Sea Hair Mask,Hair,1,12,38,0.0,Flagship Store,NYC,Oily
YUL-14768,2025-10-27,P003,Scalp Soothing Oil,Hair,2,8,28,0.2,Olive Young,Seoul,Oily
YUL-14769,2024-07-25,P001,Deep Sea Hair Mask,Hair,3,12,38,0.2,Sephora,London,Sensitive
YUL-14770,2024-09-18,P005,Ceramide Barrier Cream,Skin,1,14,42,0.0,Flagship Store,Seoul,Sensitive
YUL-14771,2025-05-18,P004,Mugwort Essence,Skin,4,10,32,0.0,Online,Seoul,Combination
YUL-14772,2024-05-10,P004,Mugwort Essence,Skin,1,10,32,0.25,Online,NYC,Oily
YUL-14773,2024-08-28,P003,Scalp Soothing Oil,Hair,1,8,28,0.1,Sephora,NYC,Dry
YUL-14774,2025-05-12,P003,Scalp Soothing Oil,Hair,2,8,28,0.0,Flagship Store,Seoul,Oily
YUL-14775,2025-02-13,P001,Deep Sea Hair Mask,Hair,2,12,38,0.1,Flagship Store,Tokyo,Dry
YUL-14776,2025-03-01,P001,Deep Sea Hair Mask,Hair,1,12,38,0.1,Olive Young,Seoul,Oily
YUL-14777,2024-08-31,P003,Scalp Soothing Oil,Hair,1,8,28,0.0,Sephora,Seoul,Dry
YUL-14778,2025-08-27,P003,Scalp Soothing Oil,Hair,4,8,28,0.0,Online,London,Dry
YUL-14779,2025-02-16,P001,Deep Sea Hair Mask,Hair,3,12,38,0.25,Olive Young,NYC,Oily
YUL-14780,2024-08-03,P005,Ceramide Barrier Cream,Skin,2,14,42,0.1,Sephora,Seoul,Dry
YUL-14781,2024-01-23,P004,Mugwort Essence,Skin,2,10,32,0.0,Sephora,Seoul,Combination
YUL-14782,2024-09-22,P005,Ceramide Barrier Cream,Skin,4,14,42,0.0,Online,Seoul,Oily
YUL-14783,2024-08-16,P003,Scalp Soothing Oil,Hair,1,8,28,0.0,Flagship Store,London,Dry
YUL-14784,2025-07-21,P001,Deep Sea Hair Mask,Hair,4,12,38,0.1,Flagship Store,NYC,Sensitive
YUL-14785,2025-03-21,P001,Deep Sea Hair Mask,Hair,4,12,38,0.0,Sephora,NYC,Oily
YUL-14786,2025-10-08,P002,Fermented Rice Serum,Skin,4,15,45,0.2,Olive Young,Seoul,Combination
YUL-14787,2024-12-22,P005,Ceramide Barrier Cream,Skin,2,14,42,0.0,Sephora,London,Combination
YUL-14788,2024-10-20,P003,Scalp Soothing Oil,Hair,2,8,28,0.2,Olive Young,Seoul,Oily
YUL-14789,2025-09-15,P004,Mugwort Essence,Skin,4,10,32,0.25,Olive Young,London,Oily
YUL-14790,2025-02-17,P004,Mugwort Essence,Skin,3,10,32,0.0,Olive Young,Seoul,Dry
YUL-14791,2024-10-24,P002,Fermented Rice Serum,Skin,2,15,45,0.2,Online,London,Oily
YUL-14792,2024-03-24,P004,Mugwort Essence,Skin,3,10,32,0.1,Flagship Store,London,Dry
YUL-14793,2024-08-19,P004,Mugwort Essence,Skin,2,10,32,0.2,Olive Young,London,Combination
YUL-14794,2025-06-02,P005,Ceramide Barrier Cream,Skin,2,14,42,0.25,Olive Young,London,Dry
YUL-14795,2024-09-11,P004,Mugwort Essence,Skin,4,10,32,0.0,Flagship Store,London,Dry
YUL-14796,2024-02-22,P001,Deep Sea Hair Mask,Hair,1,12,38,0.2,Flagship Store,Tokyo,Oily
YUL-14797,2025-11-29,P004,Mugwort Essence,Skin,3,10,32,0.0,Olive Young,Seoul,Oily
YUL-14798,2024-09-28,P001,Deep Sea Hair Mask,Hair,4,12,38,0.0,Flagship Store,NYC,Oily
YUL-14799,2024-12-05,P005,Ceramide Barrier Cream,Skin,1,14,42,0.0,Sephora,Seoul,Oily
YUL-14800,2025-07-15,P005,Ceramide Barrier Cream,Skin,4,14,42,0.2,Olive Young,Seoul,Sensitive
YUL-14801,2025-04-25,P002,Fermented Rice Serum,Skin,4,15,45,0.0,Flagship Store,Tokyo,Oily
YUL-14802,2025-10-28,P004,Mugwort Essence,Skin,1,10,32,0.25,Flagship Store,NYC,Oily
YUL-14803,2025-09-23,P004,Mugwort Essence,Skin,2,10,32,0.25,Sephora,NYC,Dry
YUL-14804,2024-01-07,P005,Ceramide Barrier Cream,Skin,1,14,42,0.25,Olive Young,London,Sensitive
YUL-14805,2024-08-15,P001,Deep Sea Hair Mask,Hair,3,12,38,0.2,Flagship Store,Tokyo,Oily
YUL-14806,2024-04-13,P002,Fermented Rice Serum,Skin,1,15,45,0.0,Online,Seoul,Sensitive
YUL-14807,2024-08-01,P002,Fermented Rice Serum,Skin,2,15,45,0.0,Online,Tokyo,Oily
YUL-14808,2025-12-23,P002,Fermented Rice Serum,Skin,1,15,45,0.2,Online,Tokyo,Sensitive
YUL-14809,2024-12-22,P002,Fermented Rice Serum,Skin,1,15,45,0.0,Flagship Store,Seoul,Sensitive
YUL-14810,2024-12-03,P005,Ceramide Barrier Cream,Skin,4,14,42,0.0,Online,Tokyo,Combination
YUL-14811,2024-09-02,P001,Deep Sea Hair Mask,Hair,4,12,38,0.2,Flagship Store,Tokyo,Combination
YUL-14812,2025-05-01,P004,Mugwort Essence,Skin,4,10,32,0.0,Flagship Store,NYC,Combination
YUL-14813,2024-04-20,P005,Ceramide Barrier Cream,Skin,4,14,42,0.25,Sephora,Tokyo,Sensitive
YUL-14814,2024-05-29,P004,Mugwort Essence,Skin,3,10,32,0.0,Olive Young,London,Oily
YUL-14815,2025-01-15,P004,Mugwort Essence,Skin,4,10,32,0.0,Olive Young,Tokyo,Combination
YUL-14816,2024-10-04,P002,Fermented Rice Serum,Skin,2,15,45,0.0,Sephora,London,Dry
YUL-14817,2025-03-17,P003,Scalp Soothing Oil,Hair,4,8,28,0.1,Olive Young,Tokyo,Dry
YUL-14818,2024-10-08,P004,Mugwort Essence,Skin,4,10,32,0.2,Online,Seoul,Combination
YUL-14819,2024-04-24,P003,Scalp Soothing Oil,Hair,1,8,28,0.0,Olive Young,NYC,Sensitive
YUL-14820,2025-07-14,P005,Ceramide Barrier Cream,Skin,3,14,42,0.1,Flagship Store,Tokyo,Dry
YUL-14821,2024-11-05,P005,Ceramide Barrier Cream,Skin,3,14,42,0.0,Sephora,London,Sensitive
YUL-14822,2025-08-21,P004,Mugwort Essence,Skin,3,10,32,0.25,Olive Young,Tokyo,Dry
YUL-14823,2024-10-15,P001,Deep Sea Hair Mask,Hair,1,12,38,0.0,Olive Young,Tokyo,Oily
YUL-14824,2024-10-19,P001,Deep Sea Hair Mask,Hair,4,12,38,0.0,Sephora,Tokyo,Combination
YUL-14825,2025-07-09,P002,Fermented Rice Serum,Skin,1,15,45,0.0,Online,London,Oily
YUL-14826,2024-04-17,P001,Deep Sea Hair Mask,Hair,2,12,38,0.2,Sephora,NYC,Combination
YUL-14827,2025-10-18,P003,Scalp Soothing Oil,Hair,1,8,28,0.0,Olive Young,NYC,Sensitive
YUL-14828,2024-07-18,P004,Mugwort Essence,Skin,2,10,32,0.1,Olive Young,Tokyo,Sensitive
YUL-14829,2024-07-12,P001,Deep Sea Hair Mask,Hair,3,12,38,0.0,Online,NYC,Sensitive
YUL-14830,2024-11-10,P004,Mugwort Essence,Skin,3,10,32,0.2,Olive Young,Seoul,Oily
YUL-14831,2025-08-31,P003,Scalp Soothing Oil,Hair,4,8,28,0.0,Olive Young,London,Oily
YUL-14832,2025-05-27,P002,Fermented Rice Serum,Skin,2,15,45,0.1,Olive Young,Seoul,Sensitive
YUL-14833,2024-04-24,P001,Deep Sea Hair Mask,Hair,4,12,38,0.0,Sephora,Seoul,Sensitive
YUL-14834,2025-04-27,P004,Mugwort Essence,Skin,1,10,32,0.2,Online,London,Sensitive
YUL-14835,2025-10-10,P004,Mugwort Essence,Skin,2,10,32,0.0,Olive Young,London,Combination
YUL-14836,2025-07-10,P004,Mugwort Essence,Skin,2,10,32,0.25,Sephora,Tokyo,Combination
YUL-14837,2024-04-21,P004,Mugwort Essence,Skin,3,10,32,0.1,Online,NYC,Combination
YUL-14838,2024-11-15,P002,Fermented Rice Serum,Skin,4,15,45,0.0,Flagship Store,London,Sensitive
YUL-14839,2025-08-01,P005,Ceramide Barrier Cream,Skin,1,14,42,0.0,Flagship Store,Tokyo,Combination
YUL-14840,2024-07-21,P002,Fermented Rice Serum,Skin,4,15,45,0.0,Olive Young,Tokyo,Sensitive
YUL-14841,2025-09-22,P002,Fermented Rice Serum,Skin,1,15,45,0.0,Flagship Store,Tokyo,Dry
YUL-14842,2025-04-02,P001,Deep Sea Hair Mask,Hair,1,12,38,0.0,Online,Tokyo,Combination
YUL-14843,2025-04-01,P001,Deep Sea Hair Mask,Hair,3,12,38,0.0,Olive Young,London,Sensitive
YUL-14844,2025-06-21,P003,Scalp Soothing Oil,Hair,2,8,28,0.0,Sephora,NYC,Combination
YUL-14845,2025-08-22,P004,Mugwort Essence,Skin,3,10,32,0.25,Olive Young,London,Sensitive
YUL-14846,2025-09-14,P005,Ceramide Barrier Cream,Skin,2,14,42,0.0,Online,Tokyo,Oily
YUL-14847,2025-08-01,P005,Ceramide Barrier Cream,Skin,2,14,42,0.0,Olive Young,London,Sensitive
YUL-14848,2024-05-04,P005,Ceramide Barrier Cream,Skin,1,14,42,0.0,Sephora,Seoul,Combination
YUL-14849,2024-09-27,P002,Fermented Rice Serum,Skin,1,15,45,0.25,Flagship Store,NYC,Oily
YUL-14850,2024-05-16,P002,Fermented Rice Serum,Skin,4,15,45,0.2,Flagship Store,London,Dry
YUL-14851,2025-09-28,P004,Mugwort Essence,Skin,1,10,32,0.25,Olive Young,Seoul,Oily
YUL-14852,2025-12-16,P003,Scalp Soothing Oil,Hair,2,8,28,0.0,Online,London,Combination
YUL-14853,2024-07-13,P002,Fermented Rice Serum,Skin,4,15,45,0.2,Online,Seoul,Dry
YUL-14854,2025-08-20,P005,Ceramide Barrier Cream,Skin,2,14,42,0.0,Olive Young,NYC,Dry
YUL-14855,2025-06-27,P001,Deep Sea Hair Mask,Hair,2,12,38,0.0,Sephora,NYC,Dry
YUL-14856,2025-12-28,P005,Ceramide Barrier Cream,Skin,4,14,42,0.0,Flagship Store,Seoul,Dry
YUL-14857,2025-12-09,P004,Mugwort Essence,Skin,4,10,32,0.0,Online,Seoul,Combination
YUL-14858,2024-09-18,P004,Mugwort Essence,Skin,1,10,32,0.2,Flagship Store,Seoul,Dry
YUL-14859,2024-05-05,P005,Ceramide Barrier Cream,Skin,2,14,42,0.25,Sephora,NYC,Dry
YUL-14860,2025-10-06,P005,Ceramide Barrier Cream,Skin,2,14,42,0.0,Olive Young,NYC,Oily
YUL-14861,2024-08-27,P004,Mugwort Essence,Skin,2,10,32,0.25,Sephora,Tokyo,Oily
YUL-14862,2024-03-13,P003,Scalp Soothing Oil,Hair,4,8,28,0.25,Online,Seoul,Sensitive
YUL-14863,2025-12-21,P002,Fermented Rice Serum,Skin,2,15,45,0.0,Sephora,Tokyo,Oily
YUL-14864,2024-05-11,P002,Fermented Rice Serum,Skin,2,15,45,0.2,Olive Young,Seoul,Oily
YUL-14865,2025-03-09,P005,Ceramide Barrier Cream,Skin,3,14,42,0.1,Sephora,Seoul,Dry
YUL-14866,2024-05-05,P001,Deep Sea Hair Mask,Hair,2,12,38,0.1,Olive Young,Tokyo,Dry
YUL-14867,2025-06-22,P004,Mugwort Essence,Skin,4,10,32,0.1,Flagship Store,NYC,Dry
YUL-14868,2025-08-06,P002,Fermented Rice Serum,Skin,4,15,45,0.0,Online,Seoul,Sensitive
YUL-14869,2025-10-29,P004,Mugwort Essence,Skin,1,10,32,0.0,Sephora,Seoul,Combination
YUL-14870,2024-01-11,P001,Deep Sea Hair Mask,Hair,2,12,38,0.0,Sephora,Tokyo,Oily
YUL-14871,2025-06-18,P003,Scalp Soothing Oil,Hair,2,8,28,0.25,Online,Seoul,Dry
YUL-14872,2024-02-27,P004,Mugwort Essence,Skin,3,10,32,0.0,Olive Young,NYC,Oily
YUL-14873,2025-10-09,P002,Fermented Rice Serum,Skin,4,15,45,0.0,Online,Seoul,Sensitive
YUL-14874,2025-10-01,P001,Deep Sea Hair Mask,Hair,4,12,38,0.2,Flagship Store,NYC,Combination
YUL-14875,2024-02-24,P004,Mugwort Essence,Skin,3,10,32,0.0,Flagship Store,London,Combination
YUL-14876,2025-05-05,P002,Fermented Rice Serum,Skin,1,15,45,0.1,Olive Young,Tokyo,Dry
YUL-14877,2025-01-06,P002,Fermented Rice Serum,Skin,1,15,45,0.0,Online,Seoul,Combination
YUL-14878,2025-11-28,P001,Deep Sea Hair Mask,Hair,1,12,38,0.0,Online,Tokyo,Sensitive
YUL-14879,2025-06-12,P004,Mugwort Essence,Skin,1,10,32,0.0,Online,London,Combination
YUL-14880,2025-03-11,P005,Ceramide Barrier Cream,Skin,4,14,42,0.0,Flagship Store,Seoul,Combination
YUL-14881,2024-11-20,P003,Scalp Soothing Oil,Hair,4,8,28,0.0,Flagship Store,Tokyo,Dry
YUL-14882,2025-02-02,P001,Deep Sea Hair Mask,Hair,1,12,38,0.1,Sephora,Seoul,Dry
YUL-14883,2024-07-23,P002,Fermented Rice Serum,Skin,3,15,45,0.1,Flagship Store,Tokyo,Oily
YUL-14884,2024-07-19,P001,Deep Sea Hair Mask,Hair,2,12,38,0.2,Online,NYC,Oily
YUL-14885,2025-02-06,P005,Ceramide Barrier Cream,Skin,3,14,42,0.0,Online,Tokyo,Oily
YUL-14886,2025-05-01,P004,Mugwort Essence,Skin,2,10,32,0.25,Olive Young,Tokyo,Oily
YUL-14887,2024-08-16,P001,Deep Sea Hair Mask,Hair,1,12,38,0.0,Olive Young,Tokyo,Sensitive
YUL-14888,2025-09-08,P001,Deep Sea Hair Mask,Hair,3,12,38,0.0,Online,Tokyo,Sensitive
YUL-14889,2024-10-26,P005,Ceramide Barrier Cream,Skin,3,14,42,0.25,Flagship Store,Seoul,Oily
YUL-14890,2024-11-19,P004,Mugwort Essence,Skin,2,10,32,0.0,Online,Tokyo,Oily
YUL-14891,2024-12-07,P001,Deep Sea Hair Mask,Hair,1,12,38,0.0,Online,NYC,Dry
YUL-14892,2025-09-28,P002,Fermented Rice Serum,Skin,2,15,45,0.25,Online,London,Dry
YUL-14893,2025-11-14,P004,Mugwort Essence,Skin,4,10,32,0.0,Sephora,NYC,Dry
YUL-14894,2024-07-02,P001,Deep Sea Hair Mask,Hair,2,12,38,0.0,Flagship Store,London,Sensitive
YUL-14895,2025-05-24,P002,Fermented Rice Serum,Skin,1,15,45,0.0,Olive Young,Tokyo,Oily
YUL-14896,2025-05-13,P003,Scalp Soothing Oil,Hair,2,8,28,0.0,Online,NYC,Sensitive
YUL-14897,2025-11-18,P004,Mugwort Essence,Skin,3,10,32,0.0,Flagship Store,London,Combination
YUL-14898,2025-07-26,P002,Fermented Rice Serum,Skin,3,15,45,0.0,Olive Young,Tokyo,Oily
YUL-14899,2024-09-05,P004,Mugwort Essence,Skin,1,10,32,0.25,Flagship Store,Seoul,Combination
YUL-14900,2025-12-16,P002,Fermented Rice Serum,Skin,3,15,45,0.0,Flagship Store,Tokyo,Sensitive
YUL-14901,2024-10-22,P004,Mugwort Essence,Skin,1,10,32,0.0,Flagship Store,Seoul,Combination
YUL-14902,2025-09-02,P005,Ceramide Barrier Cream,Skin,3,14,42,0.0,Flagship Store,London,Sensitive
YUL-14903,2024-07-24,P003,Scalp Soothing Oil,Hair,2,8,28,0.0,Sephora,London,Combination
YUL-14904,2025-05-28,P004,Mugwort Essence,Skin,2,10,32,0.25,Olive Young,Tokyo,Oily
YUL-14905,2024-06-04,P003,Scalp Soothing Oil,Hair,1,8,28,0.1,Online,Tokyo,Sensitive
YUL-14906,2024-08-19,P005,Ceramide Barrier Cream,Skin,1,14,42,0.0,Online,NYC,Dry
YUL-14907,2025-03-31,P004,Mugwort Essence,Skin,2,10,32,0.1,Flagship Store,NYC,Oily
YUL-14908,2025-08-05,P001,Deep Sea Hair Mask,Hair,3,12,38,0.25,Online,Seoul,Oily
YUL-14909,2025-11-11,P001,Deep Sea Hair Mask,Hair,2,12,38,0.1,Olive Young,Tokyo,Sensitive
YUL-14910,2025-02-08,P004,Mugwort Essence,Skin,1,10,32,0.1,Olive Young,Seoul,Combination
YUL-14911,2024-05-14,P005,Ceramide Barrier Cream,Skin,4,14,42,0.0,Online,NYC,Dry
YUL-14912,2025-11-08,P003,Scalp Soothing Oil,Hair,1,8,28,0.0,Online,Tokyo,Oily
YUL-14913,2025-07-31,P003,Scalp Soothing Oil,Hair,4,8,28,0.0,Flagship Store,Seoul,Combination
YUL-14914,2025-04-16,P003,Scalp Soothing Oil,Hair,4,8,28,0.0,Olive Young,London,Sensitive
YUL-14915,2024-09-21,P004,Mugwort Essence,Skin,3,10,32,0.0,Sephora,Seoul,Dry
YUL-14916,2024-05-24,P002,Fermented Rice Serum,Skin,1,15,45,0.0,Sephora,NYC,Oily
YUL-14917,2024-04-25,P002,Fermented Rice Serum,Skin,2,15,45,0.0,Flagship Store,Tokyo,Combination
YUL-14918,2025-12-06,P003,Scalp Soothing Oil,Hair,1,8,28,0.0,Sephora,Tokyo,Oily
YUL-14919,2025-01-17,P002,Fermented Rice Serum,Skin,2,15,45,0.0,Olive Young,NYC,Dry
YUL-14920,2025-09-16,P002,Fermented Rice Serum,Skin,1,15,45,0.0,Sephora,Tokyo,Combination
YUL-14921,2025-03-15,P002,Fermented Rice Serum,Skin,1,15,45,0.0,Flagship Store,London,Oily
YUL-14922,2024-12-02,P002,Fermented Rice Serum,Skin,2,15,45,0.1,Sephora,NYC,Sensitive
YUL-14923,2024-09-12,P005,Ceramide Barrier Cream,Skin,4,14,42,0.2,Sephora,Seoul,Dry
YUL-14924,2024-04-21,P002,Fermented Rice Serum,Skin,4,15,45,0.0,Online,Seoul,Combination
YUL-14925,2024-08-07,P003,Scalp Soothing Oil,Hair,4,8,28,0.25,Sephora,Tokyo,Combination
YUL-14926,2024-12-31,P005,Ceramide Barrier Cream,Skin,4,14,42,0.0,Flagship Store,Tokyo,Dry
YUL-14927,2024-07-27,P005,Ceramide Barrier Cream,Skin,3,14,42,0.2,Online,NYC,Dry
YUL-14928,2024-09-12,P005,Ceramide Barrier Cream,Skin,3,14,42,0.0,Online,Tokyo,Combination
YUL-14929,2024-02-27,P003,Scalp Soothing Oil,Hair,4,8,28,0.1,Online,London,Combination
YUL-14930,2025-05-21,P005,Ceramide Barrier Cream,Skin,4,14,42,0.2,Sephora,Tokyo,Dry
YUL-14931,2025-12-24,P005,Ceramide Barrier Cream,Skin,3,14,42,0.1,Online,Seoul,Combination
YUL-14932,2024-06-09,P005,Ceramide Barrier Cream,Skin,2,14,42,0.0,Online,NYC,Combination
YUL-14933,2025-07-28,P002,Fermented Rice Serum,Skin,2,15,45,0.1,Sephora,Seoul,Sensitive
YUL-14934,2025-03-22,P005,Ceramide Barrier Cream,Skin,3,14,42,0.1,Olive Young,Tokyo,Dry
YUL-14935,2025-11-21,P004,Mugwort Essence,Skin,1,10,32,0.25,Sephora,NYC,Sensitive
YUL-14936,2025-10-27,P002,Fermented Rice Serum,Skin,2,15,45,0.0,Flagship Store,Tokyo,Oily
YUL-14937,2024-10-11,P002,Fermented Rice Serum,Skin,4,15,45,0.0,Online,London,Sensitive
YUL-14938,2025-05-14,P001,Deep Sea Hair Mask,Hair,3,12,38,0.0,Sephora,London,Oily
YUL-14939,2024-12-13,P003,Scalp Soothing Oil,Hair,2,8,28,0.0,Flagship Store,Seoul,Combination
YUL-14940,2024-04-18,P005,Ceramide Barrier Cream,Skin,2,14,42,0.0,Sephora,Tokyo,Sensitive
YUL-14941,2024-01-19,P001,Deep Sea Hair Mask,Hair,2,12,38,0.0,Online,Tokyo,Dry
YUL-14942,2024-06-02,P005,Ceramide Barrier Cream,Skin,3,14,42,0.25,Olive Young,NYC,Oily
YUL-14943,2024-10-11,P003,Scalp Soothing Oil,Hair,4,8,28,0.0,Flagship Store,Seoul,Sensitive
YUL-14944,2024-05-16,P005,Ceramide Barrier Cream,Skin,2,14,42,0.0,Sephora,Tokyo,Oily
YUL-14945,2025-03-06,P003,Scalp Soothing Oil,Hair,3,8,28,0.2,Flagship Store,NYC,Dry
YUL-14946,2025-04-25,P002,Fermented Rice Serum,Skin,3,15,45,0.0,Olive Young,NYC,Oily
YUL-14947,2024-10-20,P002,Fermented Rice Serum,Skin,1,15,45,0.0,Flagship Store,NYC,Oily
YUL-14948,2025-06-13,P003,Scalp Soothing Oil,Hair,1,8,28,0.0,Olive Young,London,Oily
YUL-14949,2024-04-05,P003,Scalp Soothing Oil,Hair,4,8,28,0.0,Sephora,Tokyo,Dry
YUL-14950,2024-12-29,P004,Mugwort Essence,Skin,3,10,32,0.25,Sephora,NYC,Oily
YUL-14951,2024-02-25,P002,Fermented Rice Serum,Skin,4,15,45,0.0,Sephora,London,Oily
YUL-14952,2024-11-13,P004,Mugwort Essence,Skin,3,10,32,0.2,Olive Young,Seoul,Oily
YUL-14953,2024-10-04,P004,Mugwort Essence,Skin,1,10,32,0.0,Sephora,London,Oily
YUL-14954,2025-03-21,P005,Ceramide Barrier Cream,Skin,2,14,42,0.0,Olive Young,London,Oily
YUL-14955,2025-04-06,P002,Fermented Rice Serum,Skin,4,15,45,0.1,Flagship Store,Tokyo,Oily
YUL-14956,2025-05-18,P001,Deep Sea Hair Mask,Hair,1,12,38,0.25,Sephora,Seoul,Combination
YUL-14957,2024-01-04,P003,Scalp Soothing Oil,Hair,1,8,28,0.0,Olive Young,Tokyo,Oily
YUL-14958,2024-11-29,P003,Scalp Soothing Oil,Hair,3,8,28,0.0,Olive Young,Tokyo,Dry
YUL-14959,2025-01-23,P002,Fermented Rice Serum,Skin,2,15,45,0.1,Online,NYC,Sensitive
YUL-14960,2024-07-29,P002,Fermented Rice Serum,Skin,1,15,45,0.2,Online,London,Sensitive
YUL-14961,2024-04-13,P004,Mugwort Essence,Skin,4,10,32,0.0,Olive Young,Seoul,Dry
YUL-14962,2024-10-28,P003,Scalp Soothing Oil,Hair,2,8,28,0.0,Online,Seoul,Dry
YUL-14963,2025-01-23,P001,Deep Sea Hair Mask,Hair,1,12,38,0.25,Sephora,Tokyo,Oily
YUL-14964,2025-03-03,P002,Fermented Rice Serum,Skin,1,15,45,0.0,Flagship Store,Seoul,Dry
YUL-14965,2025-04-08,P003,Scalp Soothing Oil,Hair,2,8,28,0.0,Flagship Store,London,Combination
YUL-14966,2024-04-17,P002,Fermented Rice Serum,Skin,4,15,45,0.0,Sephora,Seoul,Dry
YUL-14967,2025-12-17,P002,Fermented Rice Serum,Skin,1,15,45,0.1,Online,Tokyo,Combination
YUL-14968,2024-11-26,P004,Mugwort Essence,Skin,4,10,32,0.0,Sephora,Tokyo,Dry
YUL-14969,2024-04-03,P005,Ceramide Barrier Cream,Skin,1,14,42,0.0,Sephora,Seoul,Sensitive
YUL-14970,2024-06-14,P004,Mugwort Essence,Skin,4,10,32,0.2,Flagship Store,NYC,Oily
YUL-14971,2024-03-30,P002,Fermented Rice Serum,Skin,2,15,45,0.1,Flagship Store,Seoul,Combination
YUL-14972,2024-12-30,P005,Ceramide Barrier Cream,Skin,2,14,42,0.0,Flagship Store,Tokyo,Oily
YUL-14973,2025-10-06,P002,Fermented Rice Serum,Skin,3,15,45,0.0,Olive Young,Seoul,Dry
YUL-14974,2024-03-25,P003,Scalp Soothing Oil,Hair,2,8,28,0.0,Sephora,NYC,Combination
YUL-14975,2025-01-25,P002,Fermented Rice Serum,Skin,4,15,45,0.25,Olive Young,NYC,Combination
YUL-14976,2024-05-17,P005,Ceramide Barrier Cream,Skin,2,14,42,0.0,Flagship Store,London,Oily
YUL-14977,2024-02-15,P001,Deep Sea Hair Mask,Hair,1,12,38,0.2,Online,Tokyo,Dry
YUL-14978,2024-08-07,P004,Mugwort Essence,Skin,2,10,32,0.2,Sephora,Tokyo,Dry
YUL-14979,2025-10-02,P004,Mugwort Essence,Skin,2,10,32,0.0,Olive Young,Seoul,Combination
YUL-14980,2024-03-16,P002,Fermented Rice Serum,Skin,1,15,45,0.2,Olive Young,Tokyo,Combination
YUL-14981,2025-04-22,P005,Ceramide Barrier Cream,Skin,4,14,42,0.2,Flagship Store,London,Combination
YUL-14982,2024-01-31,P004,Mugwort Essence,Skin,3,10,32,0.2,Sephora,Tokyo,Combination
YUL-14983,2025-05-04,P001,Deep Sea Hair Mask,Hair,3,12,38,0.0,Flagship Store,NYC,Dry
YUL-14984,2025-07-05,P002,Fermented Rice Serum,Skin,1,15,45,0.25,Olive Young,Tokyo,Sensitive
YUL-14985,2024-04-08,P001,Deep Sea Hair Mask,Hair,2,12,38,0.0,Sephora,Seoul,Sensitive
YUL-14986,2024-07-10,P004,Mugwort Essence,Skin,4,10,32,0.0,Flagship Store,Seoul,Dry
YUL-14987,2025-05-20,P002,Fermented Rice Serum,Skin,2,15,45,0.0,Sephora,Tokyo,Oily
YUL-14988,2025-09-05,P002,Fermented Rice Serum,Skin,1,15,45,0.1,Sephora,Seoul,Sensitive
YUL-14989,2025-10-22,P003,Scalp Soothing Oil,Hair,4,8,28,0.25,Online,London,Combination
YUL-14990,2025-08-03,P002,Fermented Rice Serum,Skin,1,15,45,0.25,Sephora,London,Combination
YUL-14991,2025-03-17,P001,Deep Sea Hair Mask,Hair,4,12,38,0.0,Sephora,Seoul,Dry
YUL-14992,2025-05-06,P002,Fermented Rice Serum,Skin,3,15,45,0.25,Sephora,Seoul,Oily
YUL-14993,2024-05-06,P004,Mugwort Essence,Skin,1,10,32,0.0,Online,London,Dry
YUL-14994,2024-02-25,P005,Ceramide Barrier Cream,Skin,2,14,42,0.2,Olive Young,Seoul,Sensitive
YUL-14995,2025-12-19,P005,Ceramide Barrier Cream,Skin,1,14,42,0.0,Sephora,London,Combination
YUL-14996,2025-05-19,P002,Fermented Rice Serum,Skin,2,15,45,0.0,Olive Young,London,Dry
YUL-14997,2024-08-19,P005,Ceramide Barrier Cream,Skin,4,14,42,0.0,Olive Young,NYC,Dry
YUL-14998,2025-08-24,P003,Scalp Soothing Oil,Hair,2,8,28,0.1,Online,NYC,Combination
YUL-14999,2025-03-23,P004,Mugwort Essence,Skin,4,10,32,0.0,Sephora,London,Sensitive
YUL-15000,2025-05-19,P005,Ceramide Barrier Cream,Skin,2,14,42,0.0,Flagship Store,Seoul,Combination
YUL-15001,2025-07-16,P002,Fermented Rice Serum,Skin,3,15,45,0.0,Online,Tokyo,Sensitive
YUL-15002,2025-06-05,P003,Scalp Soothing Oil,Hair,4,8,28,0.0,Olive Young,NYC,Oily
YUL-15003,2025-05-30,P003,Scalp Soothing Oil,Hair,1,8,28,0.1,Flagship Store,London,Sensitive
YUL-15004,2025-05-29,P005,Ceramide Barrier Cream,Skin,3,14,42,0.0,Online,Seoul,Combination
YUL-15005,2025-11-08,P004,Mugwort Essence,Skin,3,10,32,0.0,Flagship Store,Tokyo,Sensitive
YUL-15006,2025-08-04,P002,Fermented Rice Serum,Skin,1,15,45,0.1,Olive Young,Tokyo,Sensitive
YUL-15007,2025-08-14,P001,Deep Sea Hair Mask,Hair,2,12,38,0.2,Olive Young,London,Oily
YUL-15008,2025-06-14,P002,Fermented Rice Serum,Skin,1,15,45,0.0,Online,NYC,Oily
YUL-15009,2025-07-23,P005,Ceramide Barrier Cream,Skin,2,14,42,0.25,Flagship Store,Tokyo,Combination
YUL-15010,2025-09-13,P004,Mugwort Essence,Skin,1,10,32,0.0,Online,NYC,Dry
YUL-15011,2025-07-15,P003,Scalp Soothing Oil,Hair,3,8,28,0.0,Olive Young,London,Combination
YUL-15012,2024-07-10,P001,Deep Sea Hair Mask,Hair,2,12,38,0.1,Flagship Store,Seoul,Sensitive
YUL-15013,2024-10-16,P002,Fermented Rice Serum,Skin,3,15,45,0.25,Olive Young,NYC,Oily
YUL-15014,2025-08-30,P003,Scalp Soothing Oil,Hair,2,8,28,0.1,Online,Tokyo,Sensitive
YUL-15015,2025-04-14,P003,Scalp Soothing Oil,Hair,4,8,28,0.0,Sephora,NYC,Oily
YUL-15016,2024-11-26,P003,Scalp Soothing Oil,Hair,1,8,28,0.0,Flagship Store,London,Oily
YUL-15017,2025-07-28,P004,Mugwort Essence,Skin,1,10,32,0.1,Flagship Store,Tokyo,Combination
YUL-15018,2024-04-05,P003,Scalp Soothing Oil,Hair,2,8,28,0.0,Flagship Store,Tokyo,Oily
YUL-15019,2024-08-19,P004,Mugwort Essence,Skin,2,10,32,0.0,Flagship Store,Seoul,Sensitive
YUL-15020,2024-02-11,P004,Mugwort Essence,Skin,3,10,32,0.1,Online,Tokyo,Dry
YUL-15021,2024-09-17,P005,Ceramide Barrier Cream,Skin,2,14,42,0.2,Olive Young,Seoul,Oily
YUL-15022,2025-09-05,P003,Scalp Soothing Oil,Hair,3,8,28,0.0,Olive Young,NYC,Sensitive
YUL-15023,2024-02-07,P001,Deep Sea Hair Mask,Hair,1,12,38,0.0,Flagship Store,NYC,Dry
YUL-15024,2024-02-03,P001,Deep Sea Hair Mask,Hair,2,12,38,0.0,Online,London,Combination
YUL-15025,2025-08-08,P004,Mugwort Essence,Skin,3,10,32,0.25,Flagship Store,NYC,Dry
YUL-15026,2024-10-08,P004,Mugwort Essence,Skin,2,10,32,0.1,Olive Young,Seoul,Combination
YUL-15027,2024-11-18,P003,Scalp Soothing Oil,Hair,4,8,28,0.25,Sephora,Seoul,Oily
YUL-15028,2024-02-14,P005,Ceramide Barrier Cream,Skin,3,14,42,0.25,Flagship Store,Tokyo,Combination
YUL-15029,2024-12-28,P003,Scalp Soothing Oil,Hair,2,8,28,0.1,Sephora,NYC,Sensitive
YUL-15030,2024-05-31,P002,Fermented Rice Serum,Skin,2,15,45,0.1,Sephora,Seoul,Combination
YUL-15031,2025-06-20,P005,Ceramide Barrier Cream,Skin,1,14,42,0.1,Sephora,NYC,Combination
YUL-15032,2024-05-26,P001,Deep Sea Hair Mask,Hair,1,12,38,0.1,Online,Seoul,Sensitive
YUL-15033,2024-08-15,P001,Deep Sea Hair Mask,Hair,4,12,38,0.25,Flagship Store,London,Combination
YUL-15034,2024-04-26,P001,Deep Sea Hair Mask,Hair,3,12,38,0.0,Sephora,Tokyo,Combination
YUL-15035,2024-12-09,P005,Ceramide Barrier Cream,Skin,2,14,42,0.0,Olive Young,Seoul,Combination
YUL-15036,2025-06-07,P001,Deep Sea Hair Mask,Hair,4,12,38,0.0,Olive Young,London,Combination
YUL-15037,2024-10-25,P005,Ceramide Barrier Cream,Skin,2,14,42,0.2,Flagship Store,Tokyo,Dry
YUL-15038,2025-04-20,P005,Ceramide Barrier Cream,Skin,3,14,42,0.2,Online,London,Oily
YUL-15039,2024-04-09,P005,Ceramide Barrier Cream,Skin,4,14,42,0.0,Flagship Store,London,Combination
YUL-15040,2025-04-02,P003,Scalp Soothing Oil,Hair,3,8,28,0.1,Sephora,London,Combination
YUL-15041,2025-05-23,P003,Scalp Soothing Oil,Hair,4,8,28,0.0,Sephora,NYC,Dry
YUL-15042,2025-05-04,P004,Mugwort Essence,Skin,2,10,32,0.0,Online,Seoul,Combination
YUL-15043,2025-05-16,P001,Deep Sea Hair Mask,Hair,3,12,38,0.0,Olive Young,NYC,Sensitive
YUL-15044,2024-11-26,P005,Ceramide Barrier Cream,Skin,4,14,42,0.1,Sephora,London,Sensitive
YUL-15045,2025-03-12,P005,Ceramide Barrier Cream,Skin,3,14,42,0.0,Online,Seoul,Oily
YUL-15046,2024-06-16,P003,Scalp Soothing Oil,Hair,1,8,28,0.1,Sephora,NYC,Dry
YUL-15047,2025-05-01,P001,Deep Sea Hair Mask,Hair,2,12,38,0.1,Online,Seoul,Combination
YUL-15048,2024-09-06,P003,Scalp Soothing Oil,Hair,4,8,28,0.0,Online,Seoul,Oily
YUL-15049,2024-07-19,P002,Fermented Rice Serum,Skin,4,15,45,0.0,Olive Young,NYC,Dry
YUL-15050,2024-04-08,P001,Deep Sea Hair Mask,Hair,2,12,38,0.1,Online,NYC,Oily
YUL-15051,2024-05-05,P003,Scalp Soothing Oil,Hair,3,8,28,0.1,Flagship Store,London,Oily
YUL-15052,2024-08-22,P002,Fermented Rice Serum,Skin,4,15,45,0.0,Sephora,London,Sensitive
YUL-15053,2024-09-24,P002,Fermented Rice Serum,Skin,4,15,45,0.0,Sephora,London,Oily
YUL-15054,2024-02-22,P001,Deep Sea Hair Mask,Hair,3,12,38,0.0,Olive Young,Seoul,Combination
YUL-15055,2025-05-18,P001,Deep Sea Hair Mask,Hair,2,12,38,0.25,Online,NYC,Dry
YUL-15056,2024-12-21,P003,Scalp Soothing Oil,Hair,3,8,28,0.0,Olive Young,Seoul,Combination
YUL-15057,2025-11-30,P005,Ceramide Barrier Cream,Skin,1,14,42,0.25,Flagship Store,Tokyo,Combination
YUL-15058,2024-11-14,P005,Ceramide Barrier Cream,Skin,4,14,42,0.2,Olive Young,NYC,Combination
YUL-15059,2024-03-28,P002,Fermented Rice Serum,Skin,3,15,45,0.0,Olive Young,London,Dry
YUL-15060,2025-02-24,P003,Scalp Soothing Oil,Hair,1,8,28,0.0,Flagship Store,Seoul,Sensitive
YUL-15061,2025-06-08,P001,Deep Sea Hair Mask,Hair,2,12,38,0.1,Flagship Store,NYC,Sensitive
YUL-15062,2025-07-28,P001,Deep Sea Hair Mask,Hair,3,12,38,0.0,Sephora,Tokyo,Dry
YUL-15063,2025-10-10,P002,Fermented Rice Serum,Skin,2,15,45,0.0,Online,NYC,Sensitive
YUL-15064,2024-07-28,P004,Mugwort Essence,Skin,3,10,32,0.1,Olive Young,Tokyo,Oily
YUL-15065,2024-08-15,P003,Scalp Soothing Oil,Hair,1,8,28,0.0,Online,NYC,Combination
YUL-15066,2025-10-11,P003,Scalp Soothing Oil,Hair,3,8,28,0.0,Sephora,Seoul,Sensitive
YUL-15067,2025-01-20,P003,Scalp Soothing Oil,Hair,1,8,28,0.0,Flagship Store,Tokyo,Oily
YUL-15068,2024-03-15,P001,Deep Sea Hair Mask,Hair,4,12,38,0.0,Flagship Store,Tokyo,Combination
YUL-15069,2025-10-24,P001,Deep Sea Hair Mask,Hair,3,12,38,0.1,Olive Young,Tokyo,Sensitive
YUL-15070,2024-11-01,P004,Mugwort Essence,Skin,4,10,32,0.2,Online,Tokyo,Dry
YUL-15071,2025-01-02,P002,Fermented Rice Serum,Skin,3,15,45,0.25,Sephora,NYC,Combination
YUL-15072,2024-05-03,P005,Ceramide Barrier Cream,Skin,3,14,42,0.0,Olive Young,London,Combination
YUL-15073,2025-12-24,P002,Fermented Rice Serum,Skin,3,15,45,0.25,Flagship Store,Tokyo,Dry
YUL-15074,2024-10-03,P003,Scalp Soothing Oil,Hair,2,8,28,0.0,Online,London,Oily
YUL-15075,2025-03-18,P003,Scalp Soothing Oil,Hair,3,8,28,0.0,Online,NYC,Sensitive
YUL-15076,2025-09-13,P004,Mugwort Essence,Skin,1,10,32,0.25,Flagship Store,Seoul,Sensitive
YUL-15077,2025-07-15,P005,Ceramide Barrier Cream,Skin,1,14,42,0.0,Sephora,Tokyo,Sensitive
YUL-15078,2024-04-22,P004,Mugwort Essence,Skin,2,10,32,0.1,Olive Young,London,Oily
YUL-15079,2024-12-03,P004,Mugwort Essence,Skin,2,10,32,0.1,Olive Young,NYC,Dry
YUL-15080,2025-04-15,P002,Fermented Rice Serum,Skin,4,15,45,0.1,Online,Seoul,Oily
YUL-15081,2025-12-07,P001,Deep Sea Hair Mask,Hair,1,12,38,0.2,Online,Tokyo,Combination
YUL-15082,2024-05-16,P003,Scalp Soothing Oil,Hair,1,8,28,0.0,Online,London,Dry
YUL-15083,2025-07-04,P005,Ceramide Barrier Cream,Skin,3,14,42,0.1,Online,Seoul,Dry
YUL-15084,2025-11-20,P003,Scalp Soothing Oil,Hair,1,8,28,0.0,Flagship Store,Tokyo,Dry
YUL-15085,2025-04-02,P003,Scalp Soothing Oil,Hair,3,8,28,0.1,Online,NYC,Dry
YUL-15086,2025-11-26,P003,Scalp Soothing Oil,Hair,2,8,28,0.1,Online,Tokyo,Combination
YUL-15087,2025-04-17,P002,Fermented Rice Serum,Skin,4,15,45,0.0,Online,London,Oily
YUL-15088,2024-09-20,P005,Ceramide Barrier Cream,Skin,4,14,42,0.1,Olive Young,Tokyo,Oily
YUL-15089,2025-07-27,P002,Fermented Rice Serum,Skin,1,15,45,0.0,Olive Young,NYC,Sensitive
YUL-15090,2025-02-14,P005,Ceramide Barrier Cream,Skin,4,14,42,0.25,Online,Tokyo,Sensitive
YUL-15091,2024-11-05,P004,Mugwort Essence,Skin,3,10,32,0.1,Online,London,Combination
YUL-15092,2025-01-12,P002,Fermented Rice Serum,Skin,3,15,45,0.0,Online,NYC,Dry
YUL-15093,2025-12-25,P003,Scalp Soothing Oil,Hair,3,8,28,0.2,Flagship Store,Tokyo,Sensitive
YUL-15094,2024-03-23,P002,Fermented Rice Serum,Skin,3,15,45,0.0,Sephora,Tokyo,Sensitive
YUL-15095,2024-07-02,P001,Deep Sea Hair Mask,Hair,2,12,38,0.0,Flagship Store,Seoul,Combination
YUL-15096,2024-10-02,P005,Ceramide Barrier Cream,Skin,3,14,42,0.0,Sephora,Tokyo,Dry
YUL-15097,2024-02-07,P005,Ceramide Barrier Cream,Skin,4,14,42,0.25,Olive Young,Seoul,Oily
YUL-15098,2024-04-04,P003,Scalp Soothing Oil,Hair,1,8,28,0.0,Online,NYC,Dry
YUL-15099,2025-04-25,P003,Scalp Soothing Oil,Hair,4,8,28,0.1,Flagship Store,NYC,Combination
YUL-15100,2024-05-24,P001,Deep Sea Hair Mask,Hair,3,12,38,0.0,Flagship Store,Seoul,Dry
YUL-15101,2024-05-18,P003,Scalp Soothing Oil,Hair,2,8,28,0.1,Flagship Store,NYC,Oily
YUL-15102,2025-12-27,P005,Ceramide Barrier Cream,Skin,4,14,42,0.2,Flagship Store,Seoul,Sensitive
YUL-15103,2024-04-08,P005,Ceramide Barrier Cream,Skin,2,14,42,0.0,Olive Young,Seoul,Combination
YUL-15104,2025-03-29,P003,Scalp Soothing Oil,Hair,2,8,28,0.1,Flagship Store,Tokyo,Oily
YUL-15105,2025-03-23,P005,Ceramide Barrier Cream,Skin,1,14,42,0.1,Flagship Store,London,Oily
YUL-15106,2024-04-12,P005,Ceramide Barrier Cream,Skin,2,14,42,0.0,Olive Young,NYC,Sensitive
YUL-15107,2025-10-06,P003,Scalp Soothing Oil,Hair,1,8,28,0.25,Olive Young,London,Combination
YUL-15108,2024-01-19,P005,Ceramide Barrier Cream,Skin,2,14,42,0.25,Online,NYC,Sensitive
YUL-15109,2025-10-12,P003,Scalp Soothing Oil,Hair,1,8,28,0.25,Olive Young,London,Combination
YUL-15110,2025-12-11,P005,Ceramide Barrier Cream,Skin,2,14,42,0.0,Olive Young,Tokyo,Sensitive
YUL-15111,2024-04-30,P002,Fermented Rice Serum,Skin,1,15,45,0.25,Olive Young,Tokyo,Dry
YUL-15112,2024-08-02,P001,Deep Sea Hair Mask,Hair,3,12,38,0.25,Online,Seoul,Dry
YUL-15113,2025-09-15,P001,Deep Sea Hair Mask,Hair,2,12,38,0.0,Online,Tokyo,Sensitive
YUL-15114,2025-11-15,P004,Mugwort Essence,Skin,2,10,32,0.0,Online,Seoul,Dry
YUL-15115,2025-02-08,P004,Mugwort Essence,Skin,1,10,32,0.0,Online,NYC,Combination
YUL-15116,2025-03-04,P004,Mugwort Essence,Skin,2,10,32,0.2,Online,London,Oily
YUL-15117,2025-05-20,P001,Deep Sea Hair Mask,Hair,2,12,38,0.25,Olive Young,Tokyo,Dry
YUL-15118,2025-06-11,P005,Ceramide Barrier Cream,Skin,1,14,42,0.0,Online,Seoul,Sensitive
YUL-15119,2025-03-12,P003,Scalp Soothing Oil,Hair,3,8,28,0.1,Olive Young,London,Sensitive
YUL-15120,2025-01-20,P005,Ceramide Barrier Cream,Skin,3,14,42,0.0,Online,NYC,Combination
YUL-15121,2025-05-21,P004,Mugwort Essence,Skin,1,10,32,0.0,Olive Young,London,Combination
YUL-15122,2024-01-06,P003,Scalp Soothing Oil,Hair,4,8,28,0.1,Online,Seoul,Combination
YUL-15123,2025-10-10,P003,Scalp Soothing Oil,Hair,4,8,28,0.0,Online,London,Sensitive
YUL-15124,2025-10-20,P005,Ceramide Barrier Cream,Skin,2,14,42,0.1,Sephora,Tokyo,Oily
YUL-15125,2025-08-29,P002,Fermented Rice Serum,Skin,4,15,45,0.0,Online,Seoul,Oily
YUL-15126,2025-07-21,P004,Mugwort Essence,Skin,2,10,32,0.1,Olive Young,NYC,Dry
YUL-15127,2024-09-17,P002,Fermented Rice Serum,Skin,3,15,45,0.25,Sephora,Tokyo,Oily
YUL-15128,2024-03-19,P005,Ceramide Barrier Cream,Skin,4,14,42,0.0,Flagship Store,London,Oily
YUL-15129,2025-10-18,P001,Deep Sea Hair Mask,Hair,3,12,38,0.0,Online,Seoul,Dry
YUL-15130,2024-04-17,P003,Scalp Soothing Oil,Hair,2,8,28,0.2,Olive Young,Tokyo,Oily
YUL-15131,2025-12-22,P003,Scalp Soothing Oil,Hair,4,8,28,0.0,Sephora,London,Sensitive
YUL-15132,2025-04-24,P003,Scalp Soothing Oil,Hair,1,8,28,0.2,Sephora,Tokyo,Oily
YUL-15133,2025-04-01,P005,Ceramide Barrier Cream,Skin,1,14,42,0.25,Flagship Store,London,Sensitive
YUL-15134,2025-04-01,P005,Ceramide Barrier Cream,Skin,1,14,42,0.0,Olive Young,Seoul,Sensitive
YUL-15135,2025-10-15,P002,Fermented Rice Serum,Skin,1,15,45,0.2,Online,Tokyo,Dry
YUL-15136,2024-04-11,P005,Ceramide Barrier Cream,Skin,4,14,42,0.0,Olive Young,Seoul,Combination
YUL-15137,2024-07-27,P001,Deep Sea Hair Mask,Hair,2,12,38,0.1,Flagship Store,NYC,Oily
YUL-15138,2024-04-15,P002,Fermented Rice Serum,Skin,4,15,45,0.25,Sephora,Tokyo,Sensitive
YUL-15139,2024-03-19,P001,Deep Sea Hair Mask,Hair,3,12,38,0.1,Olive Young,Tokyo,Sensitive
YUL-15140,2025-02-11,P003,Scalp Soothing Oil,Hair,1,8,28,0.0,Sephora,NYC,Dry
YUL-15141,2025-10-31,P003,Scalp Soothing Oil,Hair,4,8,28,0.0,Online,Seoul,Combination
YUL-15142,2025-08-22,P001,Deep Sea Hair Mask,Hair,1,12,38,0.2,Olive Young,NYC,Oily
YUL-15143,2025-07-15,P005,Ceramide Barrier Cream,Skin,3,14,42,0.0,Olive Young,Seoul,Combination
YUL-15144,2025-04-11,P001,Deep Sea Hair Mask,Hair,4,12,38,0.1,Online,Tokyo,Dry
YUL-15145,2024-10-26,P002,Fermented Rice Serum,Skin,3,15,45,0.1,Sephora,London,Dry
YUL-15146,2024-05-25,P005,Ceramide Barrier Cream,Skin,1,14,42,0.2,Online,Tokyo,Dry
YUL-15147,2025-09-20,P001,Deep Sea Hair Mask,Hair,2,12,38,0.25,Online,London,Sensitive
YUL-15148,2024-11-10,P001,Deep Sea Hair Mask,Hair,4,12,38,0.2,Flagship Store,NYC,Sensitive
YUL-15149,2024-01-21,P005,Ceramide Barrier Cream,Skin,4,14,42,0.0,Olive Young,NYC,Combination
YUL-15150,2024-07-11,P004,Mugwort Essence,Skin,2,10,32,0.0,Olive Young,NYC,Combination
YUL-15151,2024-08-19,P005,Ceramide Barrier Cream,Skin,2,14,42,0.0,Olive Young,London,Dry
YUL-15152,2024-04-02,P003,Scalp Soothing Oil,Hair,4,8,28,0.25,Flagship Store,Tokyo,Sensitive
YUL-15153,2024-12-17,P003,Scalp Soothing Oil,Hair,3,8,28,0.0,Flagship Store,Seoul,Oily
YUL-15154,2024-04-22,P004,Mugwort Essence,Skin,2,10,32,0.0,Flagship Store,NYC,Oily
YUL-15155,2024-05-12,P003,Scalp Soothing Oil,Hair,4,8,28,0.25,Online,Seoul,Combination
YUL-15156,2025-09-25,P005,Ceramide Barrier Cream,Skin,3,14,42,0.25,Sephora,Seoul,Dry
YUL-15157,2024-08-27,P001,Deep Sea Hair Mask,Hair,3,12,38,0.0,Olive Young,Seoul,Sensitive
YUL-15158,2025-11-21,P004,Mugwort Essence,Skin,1,10,32,0.1,Online,Tokyo,Sensitive
YUL-15159,2025-03-28,P003,Scalp Soothing Oil,Hair,4,8,28,0.0,Flagship Store,NYC,Dry
YUL-15160,2024-09-22,P005,Ceramide Barrier Cream,Skin,1,14,42,0.0,Flagship Store,NYC,Oily
YUL-15161,2025-04-19,P003,Scalp Soothing Oil,Hair,1,8,28,0.25,Sephora,Seoul,Sensitive
YUL-15162,2025-07-02,P002,Fermented Rice Serum,Skin,2,15,45,0.0,Olive Young,Seoul,Sensitive
YUL-15163,2025-03-12,P005,Ceramide Barrier Cream,Skin,1,14,42,0.0,Sephora,Tokyo,Dry
YUL-15164,2024-09-09,P004,Mugwort Essence,Skin,4,10,32,0.0,Sephora,Seoul,Dry
YUL-15165,2024-05-12,P003,Scalp Soothing Oil,Hair,2,8,28,0.0,Flagship Store,London,Dry
YUL-15166,2025-02-14,P002,Fermented Rice Serum,Skin,3,15,45,0.1,Olive Young,NYC,Combination
YUL-15167,2025-09-08,P003,Scalp Soothing Oil,Hair,3,8,28,0.0,Flagship Store,Tokyo,Dry
YUL-15168,2024-08-11,P003,Scalp Soothing Oil,Hair,3,8,28,0.0,Flagship Store,Seoul,Dry
YUL-15169,2024-08-04,P004,Mugwort Essence,Skin,3,10,32,0.0,Online,Seoul,Combination
YUL-15170,2024-11-10,P003,Scalp Soothing Oil,Hair,2,8,28,0.2,Flagship Store,Tokyo,Dry
YUL-15171,2025-04-21,P002,Fermented Rice Serum,Skin,3,15,45,0.2,Olive Young,London,Dry
YUL-15172,2025-07-18,P004,Mugwort Essence,Skin,2,10,32,0.25,Sephora,NYC,Dry
YUL-15173,2025-08-30,P003,Scalp Soothing Oil,Hair,1,8,28,0.1,Olive Young,NYC,Combination
YUL-15174,2024-12-01,P003,Scalp Soothing Oil,Hair,3,8,28,0.1,Sephora,Tokyo,Oily
YUL-15175,2025-03-18,P004,Mugwort Essence,Skin,4,10,32,0.0,Flagship Store,Seoul,Combination
YUL-15176,2024-10-15,P001,Deep Sea Hair Mask,Hair,3,12,38,0.1,Olive Young,London,Sensitive
YUL-15177,2024-02-13,P005,Ceramide Barrier Cream,Skin,3,14,42,0.2,Flagship Store,London,Combination
YUL-15178,2025-11-29,P003,Scalp Soothing Oil,Hair,2,8,28,0.1,Online,NYC,Dry
YUL-15179,2024-08-26,P005,Ceramide Barrier Cream,Skin,4,14,42,0.2,Flagship Store,NYC,Sensitive
YUL-15180,2025-02-08,P002,Fermented Rice Serum,Skin,2,15,45,0.0,Sephora,NYC,Combination
YUL-15181,2024-06-10,P005,Ceramide Barrier Cream,Skin,4,14,42,0.0,Flagship Store,Tokyo,Oily
YUL-15182,2025-04-30,P005,Ceramide Barrier Cream,Skin,1,14,42,0.1,Sephora,Tokyo,Dry
YUL-15183,2024-09-28,P004,Mugwort Essence,Skin,2,10,32,0.0,Olive Young,NYC,Sensitive
YUL-15184,2024-03-19,P004,Mugwort Essence,Skin,3,10,32,0.0,Online,Tokyo,Sensitive
YUL-15185,2025-11-30,P003,Scalp Soothing Oil,Hair,4,8,28,0.0,Flagship Store,Seoul,Sensitive
YUL-15186,2024-01-15,P005,Ceramide Barrier Cream,Skin,1,14,42,0.2,Online,London,Oily
YUL-15187,2024-12-08,P004,Mugwort Essence,Skin,1,10,32,0.0,Online,Seoul,Dry
YUL-15188,2025-01-12,P001,Deep Sea Hair Mask,Hair,3,12,38,0.0,Olive Young,London,Sensitive
YUL-15189,2025-12-17,P005,Ceramide Barrier Cream,Skin,4,14,42,0.0,Olive Young,NYC,Dry
YUL-15190,2025-10-11,P001,Deep Sea Hair Mask,Hair,4,12,38,0.0,Sephora,Tokyo,Sensitive
YUL-15191,2024-11-13,P001,Deep Sea Hair Mask,Hair,2,12,38,0.0,Olive Young,NYC,Sensitive
YUL-15192,2025-10-26,P002,Fermented Rice Serum,Skin,4,15,45,0.0,Online,Tokyo,Combination
YUL-15193,2024-09-07,P002,Fermented Rice Serum,Skin,4,15,45,0.2,Flagship Store,London,Sensitive
YUL-15194,2025-11-17,P005,Ceramide Barrier Cream,Skin,1,14,42,0.2,Sephora,London,Oily
YUL-15195,2024-09-23,P002,Fermented Rice Serum,Skin,2,15,45,0.25,Online,London,Oily
YUL-15196,2024-01-23,P005,Ceramide Barrier Cream,Skin,1,14,42,0.25,Sephora,Seoul,Oily
YUL-15197,2024-06-06,P002,Fermented Rice Serum,Skin,1,15,45,0.1,Sephora,NYC,Oily
YUL-15198,2025-02-12,P005,Ceramide Barrier Cream,Skin,2,14,42,0.0,Online,Seoul,Combination
YUL-15199,2024-05-09,P005,Ceramide Barrier Cream,Skin,3,14,42,0.25,Online,NYC,Dry
YUL-15200,2024-03-11,P001,Deep Sea Hair Mask,Hair,4,12,38,0.25,Online,London,Sensitive
YUL-15201,2025-09-09,P004,Mugwort Essence,Skin,3,10,32,0.0,Flagship Store,NYC,Oily
YUL-15202,2025-03-24,P001,Deep Sea Hair Mask,Hair,2,12,38,0.2,Sephora,Seoul,Sensitive
YUL-15203,2025-09-15,P003,Scalp Soothing Oil,Hair,4,8,28,0.1,Online,London,Oily
YUL-15204,2025-12-24,P003,Scalp Soothing Oil,Hair,2,8,28,0.1,Online,NYC,Dry
YUL-15205,2025-07-01,P002,Fermented Rice Serum,Skin,3,15,45,0.25,Sephora,London,Dry
YUL-15206,2024-01-19,P001,Deep Sea Hair Mask,Hair,2,12,38,0.25,Sephora,Seoul,Sensitive
YUL-15207,2024-10-04,P003,Scalp Soothing Oil,Hair,2,8,28,0.2,Olive Young,NYC,Combination
YUL-15208,2025-05-31,P002,Fermented Rice Serum,Skin,4,15,45,0.0,Sephora,Tokyo,Oily
YUL-15209,2024-11-05,P003,Scalp Soothing Oil,Hair,4,8,28,0.2,Olive Young,NYC,Oily
YUL-15210,2024-12-26,P001,Deep Sea Hair Mask,Hair,2,12,38,0.1,Flagship Store,NYC,Dry
YUL-15211,2024-01-08,P002,Fermented Rice Serum,Skin,2,15,45,0.1,Sephora,Tokyo,Dry
YUL-15212,2025-03-27,P003,Scalp Soothing Oil,Hair,3,8,28,0.2,Online,NYC,Sensitive
YUL-15213,2025-11-06,P001,Deep Sea Hair Mask,Hair,3,12,38,0.2,Sephora,Tokyo,Dry
YUL-15214,2025-01-14,P001,Deep Sea Hair Mask,Hair,2,12,38,0.0,Online,NYC,Sensitive
YUL-15215,2024-05-25,P005,Ceramide Barrier Cream,Skin,3,14,42,0.25,Olive Young,Tokyo,Dry
YUL-15216,2025-07-11,P001,Deep Sea Hair Mask,Hair,3,12,38,0.2,Olive Young,Tokyo,Sensitive
YUL-15217,2025-08-15,P003,Scalp Soothing Oil,Hair,4,8,28,0.0,Sephora,London,Dry
YUL-15218,2025-08-02,P003,Scalp Soothing Oil,Hair,1,8,28,0.0,Olive Young,Seoul,Dry
YUL-15219,2024-04-13,P004,Mugwort Essence,Skin,3,10,32,0.2,Online,Seoul,Combination
YUL-15220,2024-03-10,P004,Mugwort Essence,Skin,2,10,32,0.25,Sephora,London,Oily
YUL-15221,2024-02-28,P003,Scalp Soothing Oil,Hair,3,8,28,0.0,Online,Seoul,Sensitive
YUL-15222,2025-04-17,P001,Deep Sea Hair Mask,Hair,4,12,38,0.1,Sephora,NYC,Oily
YUL-15223,2025-02-05,P001,Deep Sea Hair Mask,Hair,1,12,38,0.0,Flagship Store,NYC,Oily
YUL-15224,2025-11-07,P003,Scalp Soothing Oil,Hair,3,8,28,0.0,Flagship Store,London,Sensitive
YUL-15225,2024-03-10,P002,Fermented Rice Serum,Skin,3,15,45,0.0,Online,NYC,Dry
YUL-15226,2024-03-03,P002,Fermented Rice Serum,Skin,2,15,45,0.25,Olive Young,London,Oily
YUL-15227,2024-11-05,P004,Mugwort Essence,Skin,2,10,32,0.0,Online,NYC,Combination
YUL-15228,2024-10-21,P001,Deep Sea Hair Mask,Hair,3,12,38,0.0,Sephora,Seoul,Dry
YUL-15229,2024-09-07,P003,Scalp Soothing Oil,Hair,1,8,28,0.0,Olive Young,Seoul,Sensitive
YUL-15230,2024-02-09,P005,Ceramide Barrier Cream,Skin,3,14,42,0.25,Olive Young,NYC,Dry
YUL-15231,2025-05-25,P002,Fermented Rice Serum,Skin,1,15,45,0.0,Online,NYC,Sensitive
YUL-15232,2025-02-12,P002,Fermented Rice Serum,Skin,1,15,45,0.2,Sephora,NYC,Sensitive
YUL-15233,2025-11-10,P002,Fermented Rice Serum,Skin,1,15,45,0.2,Online,NYC,Dry
YUL-15234,2025-08-30,P001,Deep Sea Hair Mask,Hair,1,12,38,0.0,Flagship Store,London,Sensitive
YUL-15235,2024-07-16,P001,Deep Sea Hair Mask,Hair,4,12,38,0.2,Flagship Store,Seoul,Sensitive
YUL-15236,2025-09-26,P002,Fermented Rice Serum,Skin,1,15,45,0.0,Online,London,Sensitive
YUL-15237,2025-12-13,P002,Fermented Rice Serum,Skin,3,15,45,0.2,Flagship Store,Tokyo,Oily
YUL-15238,2025-12-28,P004,Mugwort Essence,Skin,4,10,32,0.25,Flagship Store,NYC,Oily
YUL-15239,2024-07-22,P005,Ceramide Barrier Cream,Skin,2,14,42,0.2,Online,NYC,Sensitive
YUL-15240,2024-08-10,P001,Deep Sea Hair Mask,Hair,1,12,38,0.0,Sephora,Tokyo,Oily
YUL-15241,2024-10-06,P001,Deep Sea Hair Mask,Hair,4,12,38,0.0,Flagship Store,NYC,Oily
YUL-15242,2025-12-05,P001,Deep Sea Hair Mask,Hair,4,12,38,0.2,Online,Tokyo,Oily
YUL-15243,2024-11-25,P001,Deep Sea Hair Mask,Hair,2,12,38,0.2,Sephora,London,Sensitive
YUL-15244,2025-02-10,P005,Ceramide Barrier Cream,Skin,3,14,42,0.1,Online,Tokyo,Oily
YUL-15245,2025-04-03,P001,Deep Sea Hair Mask,Hair,3,12,38,0.0,Olive Young,London,Oily
YUL-15246,2024-04-08,P005,Ceramide Barrier Cream,Skin,4,14,42,0.0,Olive Young,Tokyo,Oily
YUL-15247,2025-12-09,P001,Deep Sea Hair Mask,Hair,4,12,38,0.0,Flagship Store,NYC,Oily
YUL-15248,2024-08-22,P004,Mugwort Essence,Skin,4,10,32,0.25,Flagship Store,NYC,Combination
YUL-15249,2024-05-09,P001,Deep Sea Hair Mask,Hair,1,12,38,0.25,Sephora,Tokyo,Dry
YUL-15250,2025-10-14,P002,Fermented Rice Serum,Skin,4,15,45,0.0,Sephora,Tokyo,Sensitive
YUL-15251,2024-04-24,P005,Ceramide Barrier Cream,Skin,4,14,42,0.1,Online,Tokyo,Dry
YUL-15252,2024-02-15,P001,Deep Sea Hair Mask,Hair,4,12,38,0.0,Flagship Store,Tokyo,Oily
YUL-15253,2024-07-14,P004,Mugwort Essence,Skin,2,10,32,0.0,Online,Tokyo,Sensitive
YUL-15254,2024-09-23,P003,Scalp Soothing Oil,Hair,3,8,28,0.1,Olive Young,Seoul,Dry
YUL-15255,2025-09-05,P003,Scalp Soothing Oil,Hair,4,8,28,0.25,Online,NYC,Oily
YUL-15256,2024-02-02,P004,Mugwort Essence,Skin,1,10,32,0.0,Online,Seoul,Dry
YUL-15257,2024-02-08,P002,Fermented Rice Serum,Skin,2,15,45,0.0,Olive Young,London,Dry
YUL-15258,2025-01-09,P004,Mugwort Essence,Skin,4,10,32,0.0,Olive Young,NYC,Combination
YUL-15259,2025-04-29,P003,Scalp Soothing Oil,Hair,3,8,28,0.0,Online,Seoul,Sensitive
YUL-15260,2025-01-22,P003,Scalp Soothing Oil,Hair,1,8,28,0.0,Flagship Store,Seoul,Oily
YUL-15261,2025-05-29,P004,Mugwort Essence,Skin,4,10,32,0.2,Olive Young,Seoul,Oily
YUL-15262,2024-01-04,P005,Ceramide Barrier Cream,Skin,1,14,42,0.0,Flagship Store,London,Oily
YUL-15263,2024-03-29,P004,Mugwort Essence,Skin,4,10,32,0.0,Flagship Store,London,Sensitive
YUL-15264,2025-01-05,P004,Mugwort Essence,Skin,1,10,32,0.2,Sephora,Seoul,Oily
YUL-15265,2024-11-30,P001,Deep Sea Hair Mask,Hair,4,12,38,0.0,Online,Tokyo,Combination
YUL-15266,2024-09-07,P004,Mugwort Essence,Skin,2,10,32,0.25,Sephora,Tokyo,Combination
YUL-15267,2025-04-15,P003,Scalp Soothing Oil,Hair,3,8,28,0.1,Flagship Store,Tokyo,Sensitive
YUL-15268,2025-12-31,P003,Scalp Soothing Oil,Hair,4,8,28,0.0,Olive Young,Seoul,Sensitive
YUL-15269,2024-01-21,P004,Mugwort Essence,Skin,1,10,32,0.2,Sephora,NYC,Sensitive
YUL-15270,2024-04-18,P005,Ceramide Barrier Cream,Skin,3,14,42,0.0,Online,Tokyo,Oily
YUL-15271,2025-05-05,P004,Mugwort Essence,Skin,4,10,32,0.0,Online,NYC,Oily
YUL-15272,2024-07-21,P003,Scalp Soothing Oil,Hair,3,8,28,0.0,Sephora,London,Dry
YUL-15273,2024-11-20,P004,Mugwort Essence,Skin,3,10,32,0.2,Flagship Store,NYC,Sensitive
YUL-15274,2024-01-21,P003,Scalp Soothing Oil,Hair,2,8,28,0.0,Online,London,Sensitive
YUL-15275,2024-04-20,P001,Deep Sea Hair Mask,Hair,4,12,38,0.0,Olive Young,Tokyo,Combination
YUL-15276,2025-07-15,P002,Fermented Rice Serum,Skin,1,15,45,0.2,Online,London,Oily
YUL-15277,2025-06-20,P004,Mugwort Essence,Skin,3,10,32,0.1,Sephora,Seoul,Sensitive
YUL-15278,2025-07-27,P002,Fermented Rice Serum,Skin,1,15,45,0.0,Flagship Store,Tokyo,Combination
YUL-15279,2025-08-25,P004,Mugwort Essence,Skin,3,10,32,0.0,Sephora,Seoul,Oily
YUL-15280,2025-04-01,P004,Mugwort Essence,Skin,2,10,32,0.0,Online,NYC,Sensitive
YUL-15281,2025-03-12,P002,Fermented Rice Serum,Skin,2,15,45,0.0,Flagship Store,London,Oily
YUL-15282,2024-12-20,P002,Fermented Rice Serum,Skin,1,15,45,0.25,Flagship Store,Seoul,Sensitive
YUL-15283,2025-11-18,P001,Deep Sea Hair Mask,Hair,3,12,38,0.1,Online,Tokyo,Sensitive
YUL-15284,2024-09-07,P002,Fermented Rice Serum,Skin,3,15,45,0.0,Online,NYC,Oily
YUL-15285,2024-01-15,P002,Fermented Rice Serum,Skin,1,15,45,0.0,Sephora,Seoul,Sensitive
YUL-15286,2025-03-19,P002,Fermented Rice Serum,Skin,2,15,45,0.0,Flagship Store,Seoul,Oily
YUL-15287,2025-11-08,P003,Scalp Soothing Oil,Hair,1,8,28,0.25,Olive Young,NYC,Combination
YUL-15288,2024-09-15,P002,Fermented Rice Serum,Skin,1,15,45,0.0,Olive Young,Seoul,Sensitive
YUL-15289,2024-11-13,P001,Deep Sea Hair Mask,Hair,2,12,38,0.25,Sephora,NYC,Sensitive
YUL-15290,2025-12-15,P002,Fermented Rice Serum,Skin,2,15,45,0.2,Online,Seoul,Dry
YUL-15291,2024-01-23,P002,Fermented Rice Serum,Skin,4,15,45,0.1,Sephora,Tokyo,Combination
YUL-15292,2025-06-30,P003,Scalp Soothing Oil,Hair,3,8,28,0.0,Online,Tokyo,Sensitive
YUL-15293,2024-12-18,P005,Ceramide Barrier Cream,Skin,1,14,42,0.1,Sephora,Tokyo,Combination
YUL-15294,2025-12-08,P005,Ceramide Barrier Cream,Skin,2,14,42,0.0,Online,Tokyo,Dry
YUL-15295,2025-10-01,P001,Deep Sea Hair Mask,Hair,4,12,38,0.0,Olive Young,London,Oily
YUL-15296,2025-08-27,P001,Deep Sea Hair Mask,Hair,2,12,38,0.1,Online,Seoul,Dry
YUL-15297,2025-12-16,P001,Deep Sea Hair Mask,Hair,3,12,38,0.1,Olive Young,Seoul,Combination
YUL-15298,2025-01-13,P002,Fermented Rice Serum,Skin,2,15,45,0.0,Sephora,NYC,Dry
YUL-15299,2025-11-25,P001,Deep Sea Hair Mask,Hair,2,12,38,0.0,Flagship Store,Tokyo,Dry
YUL-15300,2025-06-03,P001,Deep Sea Hair Mask,Hair,3,12,38,0.25,Flagship Store,NYC,Sensitive
YUL-15301,2025-03-27,P002,Fermented Rice Serum,Skin,3,15,45,0.2,Olive Young,NYC,Dry
YUL-15302,2024-07-02,P002,Fermented Rice Serum,Skin,1,15,45,0.0,Flagship Store,Tokyo,Sensitive
YUL-15303,2024-03-01,P004,Mugwort Essence,Skin,3,10,32,0.0,Sephora,Tokyo,Dry
YUL-15304,2025-06-06,P002,Fermented Rice Serum,Skin,2,15,45,0.2,Olive Young,London,Combination
YUL-15305,2024-12-14,P001,Deep Sea Hair Mask,Hair,1,12,38,0.0,Flagship Store,Tokyo,Oily
YUL-15306,2025-02-19,P005,Ceramide Barrier Cream,Skin,4,14,42,0.0,Online,Seoul,Oily
YUL-15307,2024-02-28,P004,Mugwort Essence,Skin,1,10,32,0.1,Sephora,Seoul,Oily
YUL-15308,2024-03-14,P002,Fermented Rice Serum,Skin,3,15,45,0.0,Olive Young,NYC,Oily
YUL-15309,2024-04-07,P004,Mugwort Essence,Skin,4,10,32,0.0,Olive Young,Seoul,Combination
YUL-15310,2025-07-18,P001,Deep Sea Hair Mask,Hair,3,12,38,0.0,Flagship Store,NYC,Oily
YUL-15311,2024-04-05,P002,Fermented Rice Serum,Skin,2,15,45,0.1,Online,Seoul,Sensitive
YUL-15312,2024-03-07,P001,Deep Sea Hair Mask,Hair,3,12,38,0.0,Flagship Store,London,Dry
YUL-15313,2024-03-05,P002,Fermented Rice Serum,Skin,1,15,45,0.0,Sephora,London,Dry
YUL-15314,2024-06-29,P002,Fermented Rice Serum,Skin,4,15,45,0.25,Sephora,Tokyo,Dry
YUL-15315,2024-05-14,P002,Fermented Rice Serum,Skin,4,15,45,0.25,Olive Young,London,Dry
YUL-15316,2025-05-22,P004,Mugwort Essence,Skin,3,10,32,0.1,Flagship Store,London,Combination
YUL-15317,2025-06-21,P001,Deep Sea Hair Mask,Hair,1,12,38,0.0,Flagship Store,London,Dry
YUL-15318,2024-09-23,P004,Mugwort Essence,Skin,1,10,32,0.2,Online,NYC,Dry
YUL-15319,2024-03-20,P005,Ceramide Barrier Cream,Skin,2,14,42,0.0,Olive Young,London,Dry
YUL-15320,2024-10-14,P001,Deep Sea Hair Mask,Hair,2,12,38,0.0,Online,Tokyo,Sensitive
YUL-15321,2025-11-26,P002,Fermented Rice Serum,Skin,1,15,45,0.2,Online,Seoul,Oily
YUL-15322,2025-11-05,P004,Mugwort Essence,Skin,1,10,32,0.0,Olive Young,NYC,Combination
YUL-15323,2025-05-30,P004,Mugwort Essence,Skin,1,10,32,0.0,Sephora,NYC,Dry
YUL-15324,2025-01-21,P002,Fermented Rice Serum,Skin,4,15,45,0.2,Online,London,Combination
YUL-15325,2024-04-16,P002,Fermented Rice Serum,Skin,2,15,45,0.0,Flagship Store,NYC,Combination
YUL-15326,2025-08-28,P001,Deep Sea Hair Mask,Hair,3,12,38,0.2,Olive Young,London,Combination
YUL-15327,2025-03-16,P003,Scalp Soothing Oil,Hair,4,8,28,0.0,Sephora,NYC,Combination
YUL-15328,2024-01-09,P003,Scalp Soothing Oil,Hair,1,8,28,0.0,Sephora,London,Oily
YUL-15329,2024-12-15,P003,Scalp Soothing Oil,Hair,1,8,28,0.1,Online,NYC,Dry
YUL-15330,2025-08-22,P003,Scalp Soothing Oil,Hair,3,8,28,0.0,Online,Tokyo,Dry
YUL-15331,2024-10-31,P001,Deep Sea Hair Mask,Hair,1,12,38,0.0,Online,London,Sensitive
YUL-15332,2024-01-11,P003,Scalp Soothing Oil,Hair,3,8,28,0.1,Sephora,Tokyo,Oily
YUL-15333,2024-06-11,P004,Mugwort Essence,Skin,4,10,32,0.0,Flagship Store,London,Combination
YUL-15334,2024-10-31,P003,Scalp Soothing Oil,Hair,1,8,28,0.25,Online,London,Combination
YUL-15335,2024-10-17,P003,Scalp Soothing Oil,Hair,1,8,28,0.0,Olive Young,London,Dry
YUL-15336,2025-06-15,P004,Mugwort Essence,Skin,3,10,32,0.1,Flagship Store,NYC,Combination
YUL-15337,2024-05-04,P001,Deep Sea Hair Mask,Hair,4,12,38,0.1,Olive Young,NYC,Combination
YUL-15338,2024-11-08,P002,Fermented Rice Serum,Skin,4,15,45,0.0,Sephora,Seoul,Sensitive
YUL-15339,2024-01-01,P003,Scalp Soothing Oil,Hair,2,8,28,0.0,Sephora,Tokyo,Dry
YUL-15340,2025-08-22,P004,Mugwort Essence,Skin,3,10,32,0.0,Online,London,Oily
YUL-15341,2024-04-18,P005,Ceramide Barrier Cream,Skin,3,14,42,0.0,Sephora,NYC,Oily
YUL-15342,2024-07-17,P002,Fermented Rice Serum,Skin,3,15,45,0.0,Olive Young,NYC,Oily
YUL-15343,2025-06-05,P004,Mugwort Essence,Skin,3,10,32,0.25,Olive Young,Tokyo,Oily
YUL-15344,2025-04-09,P002,Fermented Rice Serum,Skin,1,15,45,0.25,Olive Young,London,Sensitive
YUL-15345,2025-08-11,P001,Deep Sea Hair Mask,Hair,2,12,38,0.0,Olive Young,NYC,Dry
YUL-15346,2025-05-10,P002,Fermented Rice Serum,Skin,4,15,45,0.25,Flagship Store,Seoul,Sensitive
YUL-15347,2024-06-06,P002,Fermented Rice Serum,Skin,2,15,45,0.2,Sephora,NYC,Dry
YUL-15348,2025-10-17,P003,Scalp Soothing Oil,Hair,3,8,28,0.0,Olive Young,Seoul,Sensitive
YUL-15349,2024-01-25,P005,Ceramide Barrier Cream,Skin,1,14,42,0.0,Online,NYC,Combination
YUL-15350,2025-01-26,P001,Deep Sea Hair Mask,Hair,2,12,38,0.0,Flagship Store,Tokyo,Dry
YUL-15351,2025-11-16,P005,Ceramide Barrier Cream,Skin,1,14,42,0.1,Sephora,Seoul,Oily
YUL-15352,2024-01-23,P002,Fermented Rice Serum,Skin,3,15,45,0.1,Olive Young,London,Dry
YUL-15353,2024-07-04,P005,Ceramide Barrier Cream,Skin,1,14,42,0.1,Online,Seoul,Combination
YUL-15354,2025-04-28,P004,Mugwort Essence,Skin,2,10,32,0.0,Online,Seoul,Combination
YUL-15355,2024-05-01,P005,Ceramide Barrier Cream,Skin,2,14,42,0.25,Flagship Store,NYC,Oily
YUL-15356,2024-09-25,P005,Ceramide Barrier Cream,Skin,2,14,42,0.25,Online,London,Dry
YUL-15357,2024-05-01,P005,Ceramide Barrier Cream,Skin,1,14,42,0.0,Sephora,Seoul,Dry
YUL-15358,2024-10-02,P001,Deep Sea Hair Mask,Hair,3,12,38,0.25,Flagship Store,Tokyo,Dry
YUL-15359,2025-08-23,P002,Fermented Rice Serum,Skin,2,15,45,0.2,Olive Young,NYC,Sensitive
YUL-15360,2024-12-11,P003,Scalp Soothing Oil,Hair,1,8,28,0.0,Olive Young,London,Combination
YUL-15361,2025-10-27,P002,Fermented Rice Serum,Skin,3,15,45,0.0,Sephora,Seoul,Sensitive
YUL-15362,2025-04-18,P001,Deep Sea Hair Mask,Hair,4,12,38,0.0,Olive Young,Seoul,Sensitive
YUL-15363,2024-01-27,P002,Fermented Rice Serum,Skin,1,15,45,0.1,Sephora,NYC,Combination
YUL-15364,2025-10-01,P003,Scalp Soothing Oil,Hair,4,8,28,0.0,Flagship Store,Tokyo,Sensitive
YUL-15365,2024-03-19,P005,Ceramide Barrier Cream,Skin,4,14,42,0.2,Olive Young,Seoul,Combination
YUL-15366,2024-01-09,P005,Ceramide Barrier Cream,Skin,4,14,42,0.0,Online,Tokyo,Dry
YUL-15367,2024-05-14,P001,Deep Sea Hair Mask,Hair,3,12,38,0.0,Flagship Store,Seoul,Oily
YUL-15368,2025-08-01,P002,Fermented Rice Serum,Skin,1,15,45,0.0,Sephora,London,Sensitive
YUL-15369,2025-08-31,P005,Ceramide Barrier Cream,Skin,2,14,42,0.0,Flagship Store,Seoul,Combination
YUL-15370,2024-01-07,P005,Ceramide Barrier Cream,Skin,1,14,42,0.1,Online,Tokyo,Oily
YUL-15371,2024-10-21,P001,Deep Sea Hair Mask,Hair,3,12,38,0.0,Online,NYC,Dry
YUL-15372,2024-02-10,P001,Deep Sea Hair Mask,Hair,4,12,38,0.0,Sephora,London,Oily
YUL-15373,2024-12-21,P004,Mugwort Essence,Skin,2,10,32,0.0,Online,London,Oily
YUL-15374,2025-05-26,P001,Deep Sea Hair Mask,Hair,4,12,38,0.0,Flagship Store,Seoul,Dry
YUL-15375,2024-09-29,P001,Deep Sea Hair Mask,Hair,2,12,38,0.0,Olive Young,Tokyo,Sensitive
YUL-15376,2024-01-06,P001,Deep Sea Hair Mask,Hair,4,12,38,0.0,Online,Seoul,Sensitive
YUL-15377,2025-02-14,P005,Ceramide Barrier Cream,Skin,3,14,42,0.0,Sephora,Seoul,Oily
YUL-15378,2024-01-09,P003,Scalp Soothing Oil,Hair,1,8,28,0.2,Online,Tokyo,Oily
YUL-15379,2025-03-07,P001,Deep Sea Hair Mask,Hair,3,12,38,0.1,Flagship Store,Tokyo,Sensitive
YUL-15380,2024-06-01,P005,Ceramide Barrier Cream,Skin,4,14,42,0.0,Olive Young,NYC,Dry
YUL-15381,2024-06-25,P004,Mugwort Essence,Skin,3,10,32,0.0,Online,Tokyo,Combination
YUL-15382,2025-01-17,P005,Ceramide Barrier Cream,Skin,4,14,42,0.0,Sephora,London,Oily
YUL-15383,2025-05-08,P002,Fermented Rice Serum,Skin,4,15,45,0.0,Sephora,London,Oily
YUL-15384,2024-10-25,P003,Scalp Soothing Oil,Hair,4,8,28,0.0,Online,Tokyo,Sensitive
YUL-15385,2025-04-18,P005,Ceramide Barrier Cream,Skin,3,14,42,0.2,Olive Young,Tokyo,Dry
YUL-15386,2024-02-25,P001,Deep Sea Hair Mask,Hair,2,12,38,0.2,Online,NYC,Sensitive
YUL-15387,2025-08-23,P003,Scalp Soothing Oil,Hair,1,8,28,0.2,Olive Young,Seoul,Dry
YUL-15388,2025-02-21,P004,Mugwort Essence,Skin,1,10,32,0.25,Flagship Store,NYC,Sensitive
YUL-15389,2025-02-08,P004,Mugwort Essence,Skin,1,10,32,0.0,Olive Young,Seoul,Oily
YUL-15390,2024-11-27,P001,Deep Sea Hair Mask,Hair,4,12,38,0.0,Online,London,Combination
YUL-15391,2025-09-11,P004,Mugwort Essence,Skin,4,10,32,0.1,Sephora,Tokyo,Dry
YUL-15392,2025-04-06,P001,Deep Sea Hair Mask,Hair,3,12,38,0.2,Online,Seoul,Combination
YUL-15393,2025-03-23,P005,Ceramide Barrier Cream,Skin,2,14,42,0.0,Flagship Store,London,Combination
YUL-15394,2025-04-11,P005,Ceramide Barrier Cream,Skin,4,14,42,0.0,Online,NYC,Oily
YUL-15395,2025-08-20,P003,Scalp Soothing Oil,Hair,3,8,28,0.25,Flagship Store,London,Combination
YUL-15396,2025-09-03,P001,Deep Sea Hair Mask,Hair,2,12,38,0.0,Sephora,Tokyo,Combination
YUL-15397,2025-03-27,P001,Deep Sea Hair Mask,Hair,2,12,38,0.0,Online,Tokyo,Sensitive
YUL-15398,2024-07-10,P004,Mugwort Essence,Skin,2,10,32,0.2,Olive Young,London,Sensitive
YUL-15399,2024-09-19,P001,Deep Sea Hair Mask,Hair,1,12,38,0.0,Olive Young,Seoul,Combination
YUL-15400,2024-06-02,P002,Fermented Rice Serum,Skin,2,15,45,0.0,Sephora,NYC,Sensitive
YUL-15401,2025-04-30,P002,Fermented Rice Serum,Skin,3,15,45,0.0,Flagship Store,London,Dry
YUL-15402,2024-06-25,P003,Scalp Soothing Oil,Hair,1,8,28,0.0,Olive Young,Tokyo,Combination
YUL-15403,2024-11-30,P005,Ceramide Barrier Cream,Skin,2,14,42,0.0,Olive Young,London,Oily
YUL-15404,2025-04-26,P004,Mugwort Essence,Skin,1,10,32,0.25,Flagship Store,Seoul,Sensitive
YUL-15405,2025-06-03,P002,Fermented Rice Serum,Skin,1,15,45,0.2,Sephora,London,Dry
YUL-15406,2024-05-30,P004,Mugwort Essence,Skin,4,10,32,0.25,Olive Young,London,Combination
YUL-15407,2025-01-25,P003,Scalp Soothing Oil,Hair,1,8,28,0.0,Sephora,Tokyo,Dry
YUL-15408,2024-06-17,P004,Mugwort Essence,Skin,4,10,32,0.25,Flagship Store,Seoul,Sensitive
YUL-15409,2024-01-10,P003,Scalp Soothing Oil,Hair,3,8,28,0.25,Sephora,Seoul,Combination
YUL-15410,2024-03-09,P003,Scalp Soothing Oil,Hair,1,8,28,0.0,Sephora,Seoul,Dry
YUL-15411,2024-06-15,P005,Ceramide Barrier Cream,Skin,4,14,42,0.0,Flagship Store,Seoul,Combination
YUL-15412,2025-04-01,P003,Scalp Soothing Oil,Hair,3,8,28,0.0,Online,London,Sensitive
YUL-15413,2024-03-08,P002,Fermented Rice Serum,Skin,1,15,45,0.0,Online,London,Oily
YUL-15414,2025-01-14,P001,Deep Sea Hair Mask,Hair,1,12,38,0.0,Online,Tokyo,Dry
YUL-15415,2024-07-23,P003,Scalp Soothing Oil,Hair,1,8,28,0.1,Olive Young,Seoul,Sensitive
YUL-15416,2025-10-01,P002,Fermented Rice Serum,Skin,4,15,45,0.25,Olive Young,NYC,Oily
YUL-15417,2024-10-23,P001,Deep Sea Hair Mask,Hair,1,12,38,0.0,Sephora,London,Sensitive
YUL-15418,2024-12-10,P001,Deep Sea Hair Mask,Hair,1,12,38,0.2,Sephora,Tokyo,Combination
YUL-15419,2025-05-05,P003,Scalp Soothing Oil,Hair,2,8,28,0.2,Olive Young,NYC,Sensitive
YUL-15420,2024-07-27,P001,Deep Sea Hair Mask,Hair,1,12,38,0.1,Flagship Store,NYC,Sensitive
YUL-15421,2025-05-06,P003,Scalp Soothing Oil,Hair,1,8,28,0.2,Online,Tokyo,Combination
YUL-15422,2024-10-18,P004,Mugwort Essence,Skin,3,10,32,0.0,Online,Seoul,Sensitive
YUL-15423,2025-02-03,P002,Fermented Rice Serum,Skin,1,15,45,0.1,Olive Young,Tokyo,Dry
YUL-15424,2024-07-06,P005,Ceramide Barrier Cream,Skin,2,14,42,0.1,Sephora,NYC,Oily
YUL-15425,2024-05-26,P004,Mugwort Essence,Skin,2,10,32,0.2,Flagship Store,Tokyo,Sensitive
YUL-15426,2024-02-28,P004,Mugwort Essence,Skin,3,10,32,0.1,Olive Young,NYC,Dry
YUL-15427,2024-01-17,P003,Scalp Soothing Oil,Hair,1,8,28,0.1,Olive Young,Seoul,Dry
YUL-15428,2025-03-27,P003,Scalp Soothing Oil,Hair,4,8,28,0.0,Online,London,Sensitive
YUL-15429,2024-10-19,P002,Fermented Rice Serum,Skin,3,15,45,0.2,Sephora,London,Oily
YUL-15430,2025-06-02,P005,Ceramide Barrier Cream,Skin,3,14,42,0.0,Online,Tokyo,Sensitive
YUL-15431,2025-10-18,P004,Mugwort Essence,Skin,1,10,32,0.1,Online,London,Sensitive
YUL-15432,2024-08-16,P005,Ceramide Barrier Cream,Skin,1,14,42,0.0,Olive Young,NYC,Sensitive
YUL-15433,2025-12-10,P001,Deep Sea Hair Mask,Hair,4,12,38,0.2,Olive Young,NYC,Dry
YUL-15434,2024-09-03,P002,Fermented Rice Serum,Skin,2,15,45,0.0,Olive Young,Tokyo,Dry
YUL-15435,2025-11-28,P004,Mugwort Essence,Skin,1,10,32,0.0,Flagship Store,London,Dry
YUL-15436,2024-06-21,P003,Scalp Soothing Oil,Hair,2,8,28,0.1,Online,Seoul,Combination
YUL-15437,2024-01-17,P004,Mugwort Essence,Skin,3,10,32,0.25,Sephora,London,Sensitive
YUL-15438,2024-07-19,P004,Mugwort Essence,Skin,1,10,32,0.0,Online,NYC,Dry
YUL-15439,2025-01-06,P002,Fermented Rice Serum,Skin,2,15,45,0.0,Sephora,Seoul,Combination
YUL-15440,2024-11-02,P002,Fermented Rice Serum,Skin,2,15,45,0.0,Online,London,Oily
YUL-15441,2024-04-17,P005,Ceramide Barrier Cream,Skin,3,14,42,0.25,Sephora,NYC,Oily
YUL-15442,2025-03-28,P001,Deep Sea Hair Mask,Hair,4,12,38,0.0,Sephora,London,Oily
YUL-15443,2025-10-31,P004,Mugwort Essence,Skin,2,10,32,0.0,Sephora,NYC,Oily
YUL-15444,2024-07-25,P002,Fermented Rice Serum,Skin,4,15,45,0.25,Olive Young,London,Sensitive
YUL-15445,2024-01-28,P001,Deep Sea Hair Mask,Hair,1,12,38,0.2,Online,London,Combination
YUL-15446,2025-08-19,P004,Mugwort Essence,Skin,1,10,32,0.1,Online,NYC,Dry
YUL-15447,2024-04-25,P005,Ceramide Barrier Cream,Skin,4,14,42,0.2,Sephora,London,Dry
YUL-15448,2025-01-12,P002,Fermented Rice Serum,Skin,2,15,45,0.1,Sephora,London,Sensitive
YUL-15449,2024-04-23,P002,Fermented Rice Serum,Skin,3,15,45,0.2,Flagship Store,NYC,Dry
YUL-15450,2025-01-11,P001,Deep Sea Hair Mask,Hair,1,12,38,0.0,Sephora,Tokyo,Sensitive
YUL-15451,2024-01-18,P002,Fermented Rice Serum,Skin,2,15,45,0.25,Sephora,London,Oily
YUL-15452,2025-02-26,P002,Fermented Rice Serum,Skin,3,15,45,0.2,Online,Seoul,Dry
YUL-15453,2024-09-13,P002,Fermented Rice Serum,Skin,4,15,45,0.0,Sephora,Seoul,Oily
YUL-15454,2024-06-18,P003,Scalp Soothing Oil,Hair,2,8,28,0.25,Online,NYC,Sensitive
YUL-15455,2024-11-21,P005,Ceramide Barrier Cream,Skin,4,14,42,0.25,Flagship Store,Tokyo,Combination
YUL-15456,2025-03-12,P003,Scalp Soothing Oil,Hair,4,8,28,0.0,Online,NYC,Combination
YUL-15457,2024-09-06,P003,Scalp Soothing Oil,Hair,3,8,28,0.0,Online,Seoul,Combination
YUL-15458,2024-09-25,P005,Ceramide Barrier Cream,Skin,4,14,42,0.0,Online,London,Dry
YUL-15459,2025-04-12,P004,Mugwort Essence,Skin,2,10,32,0.25,Flagship Store,Seoul,Oily
YUL-15460,2025-05-30,P001,Deep Sea Hair Mask,Hair,3,12,38,0.1,Sephora,Tokyo,Dry
YUL-15461,2024-05-09,P003,Scalp Soothing Oil,Hair,2,8,28,0.25,Sephora,London,Oily
YUL-15462,2024-12-02,P001,Deep Sea Hair Mask,Hair,1,12,38,0.2,Flagship Store,Tokyo,Sensitive
YUL-15463,2024-05-18,P001,Deep Sea Hair Mask,Hair,4,12,38,0.1,Sephora,NYC,Dry
YUL-15464,2024-11-14,P002,Fermented Rice Serum,Skin,4,15,45,0.2,Sephora,London,Combination
YUL-15465,2024-06-02,P005,Ceramide Barrier Cream,Skin,2,14,42,0.0,Sephora,Tokyo,Dry
YUL-15466,2024-01-18,P002,Fermented Rice Serum,Skin,2,15,45,0.0,Sephora,Tokyo,Dry
YUL-15467,2024-06-01,P001,Deep Sea Hair Mask,Hair,2,12,38,0.0,Online,Tokyo,Combination
YUL-15468,2025-10-06,P003,Scalp Soothing Oil,Hair,2,8,28,0.0,Online,Seoul,Combination
YUL-15469,2025-01-31,P004,Mugwort Essence,Skin,4,10,32,0.0,Olive Young,Tokyo,Dry
YUL-15470,2024-11-04,P003,Scalp Soothing Oil,Hair,4,8,28,0.0,Online,London,Dry
YUL-15471,2024-08-02,P004,Mugwort Essence,Skin,1,10,32,0.0,Online,Tokyo,Combination
YUL-15472,2024-06-06,P002,Fermented Rice Serum,Skin,3,15,45,0.1,Olive Young,NYC,Oily
YUL-15473,2024-06-19,P003,Scalp Soothing Oil,Hair,1,8,28,0.0,Online,Seoul,Combination
YUL-15474,2024-10-27,P001,Deep Sea Hair Mask,Hair,2,12,38,0.1,Online,Seoul,Combination
YUL-15475,2024-03-27,P005,Ceramide Barrier Cream,Skin,1,14,42,0.2,Online,NYC,Dry
YUL-15476,2025-11-09,P003,Scalp Soothing Oil,Hair,3,8,28,0.0,Sephora,Tokyo,Combination
YUL-15477,2025-06-29,P002,Fermented Rice Serum,Skin,4,15,45,0.25,Olive Young,London,Combination
YUL-15478,2024-02-08,P005,Ceramide Barrier Cream,Skin,4,14,42,0.0,Sephora,NYC,Combination
YUL-15479,2025-12-05,P002,Fermented Rice Serum,Skin,1,15,45,0.2,Sephora,NYC,Sensitive
YUL-15480,2024-12-29,P001,Deep Sea Hair Mask,Hair,2,12,38,0.0,Sephora,Seoul,Dry
YUL-15481,2025-08-05,P005,Ceramide Barrier Cream,Skin,1,14,42,0.0,Flagship Store,Seoul,Oily
YUL-15482,2024-05-28,P004,Mugwort Essence,Skin,2,10,32,0.25,Olive Young,NYC,Sensitive
YUL-15483,2024-05-02,P005,Ceramide Barrier Cream,Skin,2,14,42,0.0,Sephora,Tokyo,Oily
YUL-15484,2025-03-17,P005,Ceramide Barrier Cream,Skin,1,14,42,0.0,Online,NYC,Oily
YUL-15485,2024-08-18,P003,Scalp Soothing Oil,Hair,2,8,28,0.0,Sephora,London,Combination
YUL-15486,2025-07-27,P002,Fermented Rice Serum,Skin,2,15,45,0.25,Sephora,NYC,Combination
YUL-15487,2025-05-20,P001,Deep Sea Hair Mask,Hair,3,12,38,0.0,Flagship Store,Tokyo,Sensitive
YUL-15488,2024-02-27,P001,Deep Sea Hair Mask,Hair,1,12,38,0.0,Olive Young,London,Oily
YUL-15489,2025-07-02,P002,Fermented Rice Serum,Skin,2,15,45,0.2,Olive Young,NYC,Sensitive
YUL-15490,2024-06-21,P004,Mugwort Essence,Skin,3,10,32,0.0,Sephora,Seoul,Dry
YUL-15491,2025-06-20,P001,Deep Sea Hair Mask,Hair,4,12,38,0.2,Online,Seoul,Sensitive
YUL-15492,2024-12-17,P002,Fermented Rice Serum,Skin,4,15,45,0.0,Sephora,Seoul,Oily
YUL-15493,2025-06-02,P001,Deep Sea Hair Mask,Hair,4,12,38,0.2,Flagship Store,Seoul,Dry
YUL-15494,2024-07-09,P005,Ceramide Barrier Cream,Skin,2,14,42,0.1,Olive Young,NYC,Oily
YUL-15495,2025-10-05,P002,Fermented Rice Serum,Skin,1,15,45,0.0,Olive Young,Seoul,Sensitive
YUL-15496,2025-02-11,P005,Ceramide Barrier Cream,Skin,2,14,42,0.2,Flagship Store,NYC,Sensitive
YUL-15497,2024-09-04,P004,Mugwort Essence,Skin,4,10,32,0.0,Sephora,Tokyo,Oily
YUL-15498,2025-09-06,P001,Deep Sea Hair Mask,Hair,3,12,38,0.25,Olive Young,Seoul,Dry
YUL-15499,2024-04-28,P003,Scalp Soothing Oil,Hair,2,8,28,0.2,Sephora,Seoul,Sensitive
YUL-15500,2025-06-16,P001,Deep Sea Hair Mask,Hair,1,12,38,0.0,Olive Young,London,Oily
YUL-15501,2024-11-22,P004,Mugwort Essence,Skin,3,10,32,0.0,Sephora,Seoul,Combination
YUL-15502,2025-09-25,P004,Mugwort Essence,Skin,2,10,32,0.0,Flagship Store,Tokyo,Oily
YUL-15503,2024-05-17,P004,Mugwort Essence,Skin,1,10,32,0.0,Flagship Store,Tokyo,Sensitive
YUL-15504,2025-04-14,P003,Scalp Soothing Oil,Hair,2,8,28,0.0,Olive Young,NYC,Oily
YUL-15505,2024-06-29,P001,Deep Sea Hair Mask,Hair,4,12,38,0.1,Flagship Store,Tokyo,Sensitive
YUL-15506,2024-07-30,P005,Ceramide Barrier Cream,Skin,3,14,42,0.0,Online,Tokyo,Sensitive
YUL-15507,2025-09-10,P001,Deep Sea Hair Mask,Hair,2,12,38,0.25,Flagship Store,Seoul,Dry
YUL-15508,2025-05-17,P005,Ceramide Barrier Cream,Skin,4,14,42,0.0,Flagship Store,Seoul,Oily
YUL-15509,2024-03-20,P004,Mugwort Essence,Skin,2,10,32,0.2,Olive Young,London,Dry
YUL-15510,2025-12-01,P001,Deep Sea Hair Mask,Hair,3,12,38,0.1,Sephora,Tokyo,Dry
YUL-15511,2025-08-21,P002,Fermented Rice Serum,Skin,1,15,45,0.0,Olive Young,Seoul,Sensitive
YUL-15512,2024-06-26,P004,Mugwort Essence,Skin,4,10,32,0.2,Flagship Store,NYC,Sensitive
YUL-15513,2025-03-24,P001,Deep Sea Hair Mask,Hair,4,12,38,0.2,Olive Young,Tokyo,Oily
YUL-15514,2025-01-07,P002,Fermented Rice Serum,Skin,4,15,45,0.25,Olive Young,Tokyo,Oily
YUL-15515,2025-10-15,P003,Scalp Soothing Oil,Hair,1,8,28,0.1,Olive Young,London,Oily
YUL-15516,2025-09-17,P003,Scalp Soothing Oil,Hair,4,8,28,0.2,Flagship Store,Tokyo,Oily
YUL-15517,2024-12-18,P002,Fermented Rice Serum,Skin,2,15,45,0.0,Sephora,London,Dry
YUL-15518,2025-10-07,P002,Fermented Rice Serum,Skin,1,15,45,0.2,Online,Seoul,Sensitive
YUL-15519,2025-06-26,P001,Deep Sea Hair Mask,Hair,1,12,38,0.1,Olive Young,Seoul,Oily
YUL-15520,2025-08-30,P002,Fermented Rice Serum,Skin,1,15,45,0.0,Sephora,NYC,Oily
YUL-15521,2024-11-23,P001,Deep Sea Hair Mask,Hair,4,12,38,0.1,Flagship Store,NYC,Dry
YUL-15522,2025-08-12,P001,Deep Sea Hair Mask,Hair,2,12,38,0.2,Online,Seoul,Oily
YUL-15523,2024-06-25,P005,Ceramide Barrier Cream,Skin,1,14,42,0.1,Sephora,NYC,Dry
YUL-15524,2024-11-23,P005,Ceramide Barrier Cream,Skin,2,14,42,0.1,Olive Young,Seoul,Combination
YUL-15525,2024-03-25,P001,Deep Sea Hair Mask,Hair,2,12,38,0.2,Sephora,Tokyo,Oily
YUL-15526,2024-03-16,P003,Scalp Soothing Oil,Hair,4,8,28,0.25,Sephora,London,Oily
YUL-15527,2025-12-22,P004,Mugwort Essence,Skin,4,10,32,0.0,Sephora,NYC,Oily
YUL-15528,2025-12-13,P004,Mugwort Essence,Skin,4,10,32,0.1,Flagship Store,Seoul,Oily
YUL-15529,2024-12-09,P005,Ceramide Barrier Cream,Skin,2,14,42,0.2,Online,London,Oily
YUL-15530,2024-07-11,P001,Deep Sea Hair Mask,Hair,1,12,38,0.2,Flagship Store,NYC,Combination
YUL-15531,2024-10-03,P001,Deep Sea Hair Mask,Hair,2,12,38,0.0,Sephora,London,Dry
YUL-15532,2025-11-25,P002,Fermented Rice Serum,Skin,2,15,45,0.25,Flagship Store,Tokyo,Combination
YUL-15533,2024-10-06,P004,Mugwort Essence,Skin,1,10,32,0.1,Olive Young,Seoul,Oily
YUL-15534,2024-03-26,P005,Ceramide Barrier Cream,Skin,4,14,42,0.2,Flagship Store,NYC,Combination
YUL-15535,2024-03-21,P001,Deep Sea Hair Mask,Hair,4,12,38,0.2,Online,London,Sensitive
YUL-15536,2025-04-21,P002,Fermented Rice Serum,Skin,1,15,45,0.0,Flagship Store,NYC,Combination
YUL-15537,2025-02-13,P002,Fermented Rice Serum,Skin,1,15,45,0.0,Sephora,NYC,Oily
YUL-15538,2025-09-01,P005,Ceramide Barrier Cream,Skin,4,14,42,0.25,Flagship Store,NYC,Oily
YUL-15539,2024-08-28,P003,Scalp Soothing Oil,Hair,4,8,28,0.25,Olive Young,Tokyo,Dry
YUL-15540,2025-01-13,P005,Ceramide Barrier Cream,Skin,1,14,42,0.25,Online,Tokyo,Dry
YUL-15541,2024-08-27,P005,Ceramide Barrier Cream,Skin,3,14,42,0.2,Flagship Store,London,Dry
YUL-15542,2025-10-18,P003,Scalp Soothing Oil,Hair,4,8,28,0.25,Sephora,London,Dry
YUL-15543,2024-09-03,P003,Scalp Soothing Oil,Hair,2,8,28,0.0,Online,Seoul,Combination
YUL-15544,2024-04-22,P005,Ceramide Barrier Cream,Skin,1,14,42,0.0,Flagship Store,Seoul,Sensitive
YUL-15545,2024-11-16,P003,Scalp Soothing Oil,Hair,1,8,28,0.25,Sephora,London,Dry
YUL-15546,2024-12-19,P003,Scalp Soothing Oil,Hair,2,8,28,0.0,Sephora,NYC,Combination
YUL-15547,2025-11-02,P003,Scalp Soothing Oil,Hair,2,8,28,0.1,Online,NYC,Combination
YUL-15548,2024-02-16,P003,Scalp Soothing Oil,Hair,1,8,28,0.1,Flagship Store,Seoul,Combination
YUL-15549,2024-03-17,P005,Ceramide Barrier Cream,Skin,2,14,42,0.2,Olive Young,NYC,Combination
YUL-15550,2024-05-10,P003,Scalp Soothing Oil,Hair,3,8,28,0.0,Flagship Store,Seoul,Oily
YUL-15551,2024-02-01,P003,Scalp Soothing Oil,Hair,3,8,28,0.25,Sephora,Seoul,Dry
YUL-15552,2024-05-25,P004,Mugwort Essence,Skin,2,10,32,0.0,Olive Young,Seoul,Oily
YUL-15553,2025-05-02,P001,Deep Sea Hair Mask,Hair,1,12,38,0.1,Flagship Store,NYC,Dry
YUL-15554,2024-06-16,P004,Mugwort Essence,Skin,4,10,32,0.0,Flagship Store,London,Combination
YUL-15555,2024-11-14,P003,Scalp Soothing Oil,Hair,4,8,28,0.0,Flagship Store,NYC,Sensitive
YUL-15556,2024-04-15,P001,Deep Sea Hair Mask,Hair,3,12,38,0.25,Online,Tokyo,Sensitive
YUL-15557,2024-01-12,P002,Fermented Rice Serum,Skin,2,15,45,0.2,Sephora,Tokyo,Dry
YUL-15558,2024-09-21,P002,Fermented Rice Serum,Skin,4,15,45,0.1,Sephora,Tokyo,Combination
YUL-15559,2024-08-17,P002,Fermented Rice Serum,Skin,3,15,45,0.1,Sephora,London,Combination
YUL-15560,2024-05-01,P003,Scalp Soothing Oil,Hair,3,8,28,0.0,Flagship Store,Seoul,Sensitive
YUL-15561,2025-11-12,P003,Scalp Soothing Oil,Hair,1,8,28,0.0,Flagship Store,London,Oily
YUL-15562,2024-06-20,P001,Deep Sea Hair Mask,Hair,3,12,38,0.1,Olive Young,London,Sensitive
YUL-15563,2024-06-12,P002,Fermented Rice Serum,Skin,2,15,45,0.0,Flagship Store,Seoul,Combination
YUL-15564,2024-07-25,P005,Ceramide Barrier Cream,Skin,1,14,42,0.0,Olive Young,London,Sensitive
YUL-15565,2025-01-01,P002,Fermented Rice Serum,Skin,3,15,45,0.0,Sephora,Tokyo,Oily
YUL-15566,2024-04-25,P004,Mugwort Essence,Skin,1,10,32,0.0,Sephora,Seoul,Sensitive
YUL-15567,2024-01-19,P003,Scalp Soothing Oil,Hair,1,8,28,0.1,Olive Young,Tokyo,Sensitive
YUL-15568,2024-09-26,P003,Scalp Soothing Oil,Hair,1,8,28,0.0,Flagship Store,London,Combination
YUL-15569,2024-01-05,P001,Deep Sea Hair Mask,Hair,4,12,38,0.25,Olive Young,Seoul,Sensitive
YUL-15570,2024-08-28,P003,Scalp Soothing Oil,Hair,4,8,28,0.0,Sephora,Seoul,Sensitive
YUL-15571,2025-03-29,P004,Mugwort Essence,Skin,3,10,32,0.2,Olive Young,London,Combination
YUL-15572,2024-10-18,P004,Mugwort Essence,Skin,1,10,32,0.2,Online,London,Combination
YUL-15573,2025-12-21,P001,Deep Sea Hair Mask,Hair,2,12,38,0.0,Olive Young,Seoul,Oily
YUL-15574,2025-01-27,P002,Fermented Rice Serum,Skin,3,15,45,0.25,Online,London,Dry
YUL-15575,2024-08-19,P003,Scalp Soothing Oil,Hair,1,8,28,0.25,Olive Young,London,Sensitive
YUL-15576,2024-02-19,P003,Scalp Soothing Oil,Hair,2,8,28,0.0,Olive Young,Tokyo,Combination
YUL-15577,2025-11-01,P005,Ceramide Barrier Cream,Skin,1,14,42,0.25,Flagship Store,NYC,Dry
YUL-15578,2025-04-20,P003,Scalp Soothing Oil,Hair,1,8,28,0.0,Sephora,NYC,Combination
YUL-15579,2024-04-10,P001,Deep Sea Hair Mask,Hair,3,12,38,0.0,Olive Young,Seoul,Sensitive
YUL-15580,2024-02-27,P001,Deep Sea Hair Mask,Hair,4,12,38,0.0,Olive Young,Seoul,Combination
YUL-15581,2025-10-31,P002,Fermented Rice Serum,Skin,1,15,45,0.1,Sephora,London,Sensitive
YUL-15582,2024-08-24,P004,Mugwort Essence,Skin,2,10,32,0.0,Sephora,NYC,Sensitive
YUL-15583,2025-09-22,P005,Ceramide Barrier Cream,Skin,4,14,42,0.0,Flagship Store,NYC,Dry
YUL-15584,2024-04-17,P002,Fermented Rice Serum,Skin,4,15,45,0.0,Flagship Store,London,Dry
YUL-15585,2024-12-17,P005,Ceramide Barrier Cream,Skin,3,14,42,0.2,Flagship Store,Seoul,Dry
YUL-15586,2025-06-26,P003,Scalp Soothing Oil,Hair,3,8,28,0.1,Online,Tokyo,Combination
YUL-15587,2025-11-14,P003,Scalp Soothing Oil,Hair,1,8,28,0.2,Olive Young,Seoul,Sensitive
YUL-15588,2025-07-14,P001,Deep Sea Hair Mask,Hair,1,12,38,0.0,Sephora,London,Dry
YUL-15589,2025-01-09,P003,Scalp Soothing Oil,Hair,3,8,28,0.2,Flagship Store,Tokyo,Oily
YUL-15590,2025-09-13,P004,Mugwort Essence,Skin,4,10,32,0.2,Flagship Store,Seoul,Oily
YUL-15591,2025-12-14,P004,Mugwort Essence,Skin,3,10,32,0.0,Olive Young,London,Oily
YUL-15592,2024-05-30,P005,Ceramide Barrier Cream,Skin,1,14,42,0.25,Online,NYC,Oily
YUL-15593,2025-07-05,P004,Mugwort Essence,Skin,3,10,32,0.1,Online,Seoul,Oily
YUL-15594,2025-10-12,P003,Scalp Soothing Oil,Hair,4,8,28,0.2,Flagship Store,NYC,Oily
YUL-15595,2024-02-21,P004,Mugwort Essence,Skin,2,10,32,0.25,Sephora,NYC,Dry
YUL-15596,2025-03-18,P002,Fermented Rice Serum,Skin,4,15,45,0.0,Sephora,Tokyo,Dry
YUL-15597,2024-07-18,P001,Deep Sea Hair Mask,Hair,2,12,38,0.0,Online,Seoul,Dry
YUL-15598,2024-02-12,P005,Ceramide Barrier Cream,Skin,2,14,42,0.0,Sephora,Seoul,Combination
YUL-15599,2024-03-10,P001,Deep Sea Hair Mask,Hair,4,12,38,0.1,Olive Young,NYC,Dry
YUL-15600,2025-06-07,P001,Deep Sea Hair Mask,Hair,1,12,38,0.0,Flagship Store,London,Oily
YUL-15601,2024-01-06,P004,Mugwort Essence,Skin,3,10,32,0.2,Sephora,Seoul,Sensitive
YUL-15602,2025-10-15,P001,Deep Sea Hair Mask,Hair,3,12,38,0.0,Olive Young,Tokyo,Combination
YUL-15603,2024-08-22,P003,Scalp Soothing Oil,Hair,3,8,28,0.1,Online,NYC,Oily
YUL-15604,2025-03-06,P004,Mugwort Essence,Skin,3,10,32,0.0,Olive Young,London,Sensitive
YUL-15605,2025-05-17,P001,Deep Sea Hair Mask,Hair,2,12,38,0.0,Online,Seoul,Sensitive
YUL-15606,2025-01-22,P004,Mugwort Essence,Skin,1,10,32,0.0,Olive Young,Seoul,Oily
YUL-15607,2024-02-21,P003,Scalp Soothing Oil,Hair,2,8,28,0.25,Online,NYC,Dry
YUL-15608,2024-08-08,P003,Scalp Soothing Oil,Hair,3,8,28,0.2,Online,Tokyo,Dry
YUL-15609,2024-08-25,P005,Ceramide Barrier Cream,Skin,3,14,42,0.2,Olive Young,London,Dry
YUL-15610,2024-02-02,P002,Fermented Rice Serum,Skin,3,15,45,0.2,Flagship Store,Tokyo,Sensitive
YUL-15611,2024-03-05,P005,Ceramide Barrier Cream,Skin,1,14,42,0.0,Sephora,Tokyo,Dry
YUL-15612,2024-12-21,P003,Scalp Soothing Oil,Hair,4,8,28,0.0,Sephora,Seoul,Sensitive
YUL-15613,2025-11-12,P004,Mugwort Essence,Skin,2,10,32,0.25,Olive Young,Seoul,Sensitive
YUL-15614,2025-03-02,P003,Scalp Soothing Oil,Hair,1,8,28,0.2,Online,Tokyo,Sensitive
YUL-15615,2024-07-08,P001,Deep Sea Hair Mask,Hair,2,12,38,0.0,Sephora,London,Sensitive
YUL-15616,2024-07-05,P002,Fermented Rice Serum,Skin,1,15,45,0.0,Sephora,NYC,Oily
YUL-15617,2025-08-12,P005,Ceramide Barrier Cream,Skin,4,14,42,0.2,Online,London,Oily
YUL-15618,2025-02-05,P005,Ceramide Barrier Cream,Skin,3,14,42,0.0,Olive Young,Tokyo,Combination
YUL-15619,2025-10-02,P004,Mugwort Essence,Skin,2,10,32,0.2,Olive Young,Seoul,Dry
YUL-15620,2024-05-02,P004,Mugwort Essence,Skin,1,10,32,0.0,Sephora,NYC,Sensitive
YUL-15621,2025-03-16,P004,Mugwort Essence,Skin,3,10,32,0.2,Online,Seoul,Combination
YUL-15622,2024-08-24,P001,Deep Sea Hair Mask,Hair,4,12,38,0.0,Online,London,Oily
YUL-15623,2025-05-31,P003,Scalp Soothing Oil,Hair,4,8,28,0.1,Olive Young,NYC,Combination
YUL-15624,2024-07-07,P005,Ceramide Barrier Cream,Skin,2,14,42,0.0,Olive Young,London,Sensitive
YUL-15625,2025-07-02,P003,Scalp Soothing Oil,Hair,2,8,28,0.2,Sephora,London,Combination
YUL-15626,2024-03-12,P005,Ceramide Barrier Cream,Skin,4,14,42,0.0,Sephora,NYC,Sensitive
YUL-15627,2025-04-28,P005,Ceramide Barrier Cream,Skin,1,14,42,0.0,Olive Young,NYC,Oily
YUL-15628,2025-01-27,P004,Mugwort Essence,Skin,4,10,32,0.0,Sephora,Tokyo,Dry
YUL-15629,2025-03-19,P004,Mugwort Essence,Skin,1,10,32,0.0,Online,London,Dry
YUL-15630,2024-08-04,P003,Scalp Soothing Oil,Hair,3,8,28,0.2,Sephora,NYC,Combination
YUL-15631,2024-07-25,P001,Deep Sea Hair Mask,Hair,4,12,38,0.0,Online,NYC,Combination
YUL-15632,2024-05-21,P003,Scalp Soothing Oil,Hair,3,8,28,0.1,Olive Young,Seoul,Combination
YUL-15633,2025-04-11,P001,Deep Sea Hair Mask,Hair,1,12,38,0.0,Sephora,Seoul,Combination
YUL-15634,2025-01-07,P005,Ceramide Barrier Cream,Skin,2,14,42,0.0,Sephora,London,Dry
YUL-15635,2025-08-17,P004,Mugwort Essence,Skin,4,10,32,0.2,Olive Young,Seoul,Dry
YUL-15636,2024-07-01,P004,Mugwort Essence,Skin,1,10,32,0.0,Olive Young,Seoul,Dry
YUL-15637,2025-08-22,P002,Fermented Rice Serum,Skin,2,15,45,0.0,Sephora,NYC,Dry
YUL-15638,2025-12-08,P003,Scalp Soothing Oil,Hair,3,8,28,0.1,Olive Young,London,Oily
YUL-15639,2025-03-17,P003,Scalp Soothing Oil,Hair,2,8,28,0.1,Online,NYC,Combination
YUL-15640,2025-03-03,P002,Fermented Rice Serum,Skin,4,15,45,0.0,Olive Young,Tokyo,Oily
YUL-15641,2025-09-24,P003,Scalp Soothing Oil,Hair,1,8,28,0.25,Olive Young,Seoul,Oily
YUL-15642,2024-04-14,P001,Deep Sea Hair Mask,Hair,4,12,38,0.25,Olive Young,Seoul,Sensitive
YUL-15643,2025-08-28,P005,Ceramide Barrier Cream,Skin,3,14,42,0.25,Sephora,Seoul,Combination
YUL-15644,2024-07-11,P001,Deep Sea Hair Mask,Hair,1,12,38,0.0,Olive Young,London,Combination
YUL-15645,2025-09-15,P002,Fermented Rice Serum,Skin,1,15,45,0.2,Sephora,Seoul,Dry
YUL-15646,2025-10-12,P003,Scalp Soothing Oil,Hair,4,8,28,0.0,Flagship Store,Tokyo,Combination
YUL-15647,2025-06-07,P005,Ceramide Barrier Cream,Skin,1,14,42,0.0,Online,Seoul,Dry
YUL-15648,2025-09-24,P001,Deep Sea Hair Mask,Hair,4,12,38,0.0,Olive Young,Seoul,Sensitive
YUL-15649,2025-05-28,P005,Ceramide Barrier Cream,Skin,2,14,42,0.0,Online,Seoul,Combination
YUL-15650,2025-08-23,P001,Deep Sea Hair Mask,Hair,2,12,38,0.1,Sephora,Seoul,Dry
YUL-15651,2025-09-08,P002,Fermented Rice Serum,Skin,4,15,45,0.0,Olive Young,London,Combination
YUL-15652,2024-02-06,P001,Deep Sea Hair Mask,Hair,2,12,38,0.0,Flagship Store,Tokyo,Dry
YUL-15653,2025-11-27,P005,Ceramide Barrier Cream,Skin,4,14,42,0.0,Olive Young,Seoul,Oily
YUL-15654,2024-04-11,P004,Mugwort Essence,Skin,2,10,32,0.1,Sephora,London,Sensitive
YUL-15655,2024-01-15,P002,Fermented Rice Serum,Skin,1,15,45,0.25,Online,Tokyo,Dry
YUL-15656,2024-07-24,P005,Ceramide Barrier Cream,Skin,4,14,42,0.1,Olive Young,London,Combination
YUL-15657,2025-06-16,P005,Ceramide Barrier Cream,Skin,1,14,42,0.1,Sephora,London,Oily
YUL-15658,2024-08-06,P001,Deep Sea Hair Mask,Hair,3,12,38,0.1,Olive Young,Seoul,Sensitive
YUL-15659,2024-09-09,P003,Scalp Soothing Oil,Hair,1,8,28,0.25,Online,NYC,Sensitive
YUL-15660,2024-04-03,P002,Fermented Rice Serum,Skin,3,15,45,0.1,Online,London,Dry
YUL-15661,2025-05-10,P002,Fermented Rice Serum,Skin,4,15,45,0.0,Sephora,NYC,Combination
YUL-15662,2024-01-22,P001,Deep Sea Hair Mask,Hair,2,12,38,0.2,Olive Young,Seoul,Sensitive
YUL-15663,2024-11-12,P005,Ceramide Barrier Cream,Skin,2,14,42,0.0,Sephora,Tokyo,Dry
YUL-15664,2025-06-08,P003,Scalp Soothing Oil,Hair,3,8,28,0.0,Olive Young,London,Combination
YUL-15665,2024-12-22,P003,Scalp Soothing Oil,Hair,3,8,28,0.1,Online,Seoul,Oily
YUL-15666,2025-09-02,P005,Ceramide Barrier Cream,Skin,3,14,42,0.1,Olive Young,Seoul,Dry
YUL-15667,2024-01-06,P004,Mugwort Essence,Skin,3,10,32,0.0,Flagship Store,London,Oily
YUL-15668,2024-01-13,P001,Deep Sea Hair Mask,Hair,3,12,38,0.0,Online,Tokyo,Oily
YUL-15669,2024-08-01,P005,Ceramide Barrier Cream,Skin,4,14,42,0.0,Olive Young,London,Combination
YUL-15670,2025-11-15,P003,Scalp Soothing Oil,Hair,4,8,28,0.2,Online,Tokyo,Sensitive
YUL-15671,2024-10-04,P004,Mugwort Essence,Skin,1,10,32,0.25,Sephora,NYC,Combination
YUL-15672,2024-08-17,P003,Scalp Soothing Oil,Hair,4,8,28,0.2,Olive Young,NYC,Dry
YUL-15673,2025-10-19,P003,Scalp Soothing Oil,Hair,4,8,28,0.25,Sephora,London,Oily
YUL-15674,2024-01-21,P002,Fermented Rice Serum,Skin,3,15,45,0.1,Olive Young,Tokyo,Dry
YUL-15675,2024-07-10,P004,Mugwort Essence,Skin,3,10,32,0.2,Online,Tokyo,Oily
YUL-15676,2025-01-29,P004,Mugwort Essence,Skin,1,10,32,0.0,Online,NYC,Dry
YUL-15677,2025-05-28,P005,Ceramide Barrier Cream,Skin,4,14,42,0.2,Online,London,Sensitive
YUL-15678,2024-09-14,P005,Ceramide Barrier Cream,Skin,4,14,42,0.0,Flagship Store,Seoul,Combination
YUL-15679,2025-01-08,P001,Deep Sea Hair Mask,Hair,1,12,38,0.25,Sephora,NYC,Oily
YUL-15680,2024-12-17,P005,Ceramide Barrier Cream,Skin,2,14,42,0.0,Olive Young,London,Oily
YUL-15681,2024-07-09,P002,Fermented Rice Serum,Skin,2,15,45,0.0,Olive Young,Seoul,Dry
YUL-15682,2024-02-26,P005,Ceramide Barrier Cream,Skin,2,14,42,0.0,Sephora,NYC,Combination
YUL-15683,2024-11-12,P001,Deep Sea Hair Mask,Hair,1,12,38,0.0,Olive Young,Seoul,Combination
YUL-15684,2024-06-07,P005,Ceramide Barrier Cream,Skin,1,14,42,0.1,Online,London,Sensitive
YUL-15685,2025-02-04,P002,Fermented Rice Serum,Skin,1,15,45,0.0,Online,London,Oily
YUL-15686,2025-09-21,P002,Fermented Rice Serum,Skin,3,15,45,0.0,Flagship Store,NYC,Combination
YUL-15687,2024-03-27,P001,Deep Sea Hair Mask,Hair,3,12,38,0.25,Sephora,Seoul,Combination
YUL-15688,2025-08-29,P003,Scalp Soothing Oil,Hair,1,8,28,0.0,Sephora,London,Combination
YUL-15689,2024-02-16,P001,Deep Sea Hair Mask,Hair,3,12,38,0.0,Olive Young,NYC,Oily
YUL-15690,2025-03-17,P002,Fermented Rice Serum,Skin,1,15,45,0.25,Online,London,Dry
YUL-15691,2025-09-27,P005,Ceramide Barrier Cream,Skin,3,14,42,0.2,Flagship Store,Seoul,Sensitive
YUL-15692,2025-02-10,P002,Fermented Rice Serum,Skin,1,15,45,0.0,Online,Tokyo,Combination
YUL-15693,2024-01-23,P001,Deep Sea Hair Mask,Hair,3,12,38,0.2,Online,Seoul,Dry
YUL-15694,2024-04-21,P004,Mugwort Essence,Skin,2,10,32,0.25,Sephora,NYC,Dry
YUL-15695,2025-08-13,P004,Mugwort Essence,Skin,3,10,32,0.0,Online,Tokyo,Oily
YUL-15696,2024-02-13,P004,Mugwort Essence,Skin,3,10,32,0.0,Sephora,NYC,Sensitive
YUL-15697,2025-08-10,P005,Ceramide Barrier Cream,Skin,4,14,42,0.0,Sephora,Tokyo,Oily
YUL-15698,2024-04-19,P004,Mugwort Essence,Skin,3,10,32,0.0,Olive Young,Tokyo,Dry
YUL-15699,2025-04-28,P004,Mugwort Essence,Skin,4,10,32,0.0,Olive Young,NYC,Sensitive
YUL-15700,2024-04-12,P005,Ceramide Barrier Cream,Skin,4,14,42,0.25,Flagship Store,Tokyo,Dry
YUL-15701,2025-02-25,P005,Ceramide Barrier Cream,Skin,1,14,42,0.25,Online,Seoul,Dry
YUL-15702,2025-12-14,P004,Mugwort Essence,Skin,2,10,32,0.0,Olive Young,Tokyo,Combination
YUL-15703,2024-10-18,P005,Ceramide Barrier Cream,Skin,2,14,42,0.0,Sephora,London,Combination
YUL-15704,2024-08-20,P001,Deep Sea Hair Mask,Hair,4,12,38,0.0,Sephora,Seoul,Oily
YUL-15705,2025-07-07,P002,Fermented Rice Serum,Skin,2,15,45,0.0,Online,London,Oily
YUL-15706,2025-11-18,P004,Mugwort Essence,Skin,4,10,32,0.0,Online,NYC,Sensitive
YUL-15707,2025-08-08,P003,Scalp Soothing Oil,Hair,1,8,28,0.25,Flagship Store,London,Combination
YUL-15708,2025-08-02,P001,Deep Sea Hair Mask,Hair,1,12,38,0.0,Olive Young,Seoul,Sensitive
YUL-15709,2024-04-15,P004,Mugwort Essence,Skin,1,10,32,0.0,Sephora,London,Combination
YUL-15710,2025-10-07,P005,Ceramide Barrier Cream,Skin,2,14,42,0.0,Sephora,Tokyo,Combination
YUL-15711,2025-01-31,P003,Scalp Soothing Oil,Hair,3,8,28,0.25,Sephora,London,Sensitive
YUL-15712,2025-07-25,P005,Ceramide Barrier Cream,Skin,3,14,42,0.0,Online,NYC,Sensitive
YUL-15713,2025-10-21,P003,Scalp Soothing Oil,Hair,3,8,28,0.25,Sephora,London,Sensitive
YUL-15714,2024-10-15,P002,Fermented Rice Serum,Skin,1,15,45,0.25,Online,NYC,Combination
YUL-15715,2025-03-17,P002,Fermented Rice Serum,Skin,3,15,45,0.1,Flagship Store,Seoul,Oily
YUL-15716,2024-12-14,P001,Deep Sea Hair Mask,Hair,1,12,38,0.0,Flagship Store,London,Sensitive
YUL-15717,2024-09-27,P004,Mugwort Essence,Skin,3,10,32,0.0,Flagship Store,Seoul,Combination
YUL-15718,2024-08-24,P002,Fermented Rice Serum,Skin,4,15,45,0.0,Sephora,London,Combination
YUL-15719,2025-05-05,P004,Mugwort Essence,Skin,2,10,32,0.0,Sephora,Tokyo,Dry
YUL-15720,2024-01-03,P005,Ceramide Barrier Cream,Skin,2,14,42,0.25,Online,London,Combination
YUL-15721,2025-05-18,P003,Scalp Soothing Oil,Hair,4,8,28,0.25,Flagship Store,Tokyo,Combination
YUL-15722,2024-07-19,P004,Mugwort Essence,Skin,1,10,32,0.0,Online,Tokyo,Sensitive
YUL-15723,2025-03-24,P002,Fermented Rice Serum,Skin,1,15,45,0.25,Online,Tokyo,Sensitive
YUL-15724,2025-09-28,P004,Mugwort Essence,Skin,4,10,32,0.0,Online,NYC,Sensitive
YUL-15725,2025-01-16,P002,Fermented Rice Serum,Skin,1,15,45,0.1,Olive Young,Tokyo,Combination
YUL-15726,2024-07-08,P001,Deep Sea Hair Mask,Hair,3,12,38,0.25,Online,Tokyo,Sensitive
YUL-15727,2025-09-18,P002,Fermented Rice Serum,Skin,1,15,45,0.0,Olive Young,London,Dry
YUL-15728,2024-06-05,P005,Ceramide Barrier Cream,Skin,2,14,42,0.0,Olive Young,London,Combination
YUL-15729,2025-08-09,P003,Scalp Soothing Oil,Hair,4,8,28,0.0,Flagship Store,NYC,Combination
YUL-15730,2025-05-21,P003,Scalp Soothing Oil,Hair,2,8,28,0.0,Sephora,Tokyo,Combination
YUL-15731,2024-12-17,P002,Fermented Rice Serum,Skin,2,15,45,0.0,Flagship Store,Seoul,Sensitive
YUL-15732,2025-09-02,P005,Ceramide Barrier Cream,Skin,1,14,42,0.0,Flagship Store,Tokyo,Combination
YUL-15733,2025-11-10,P002,Fermented Rice Serum,Skin,4,15,45,0.25,Sephora,NYC,Sensitive
YUL-15734,2024-03-16,P002,Fermented Rice Serum,Skin,4,15,45,0.0,Olive Young,Seoul,Dry
YUL-15735,2025-12-18,P005,Ceramide Barrier Cream,Skin,2,14,42,0.25,Flagship Store,Seoul,Combination
YUL-15736,2024-09-01,P002,Fermented Rice Serum,Skin,2,15,45,0.0,Online,Seoul,Dry
YUL-15737,2025-02-21,P004,Mugwort Essence,Skin,3,10,32,0.0,Online,NYC,Sensitive
YUL-15738,2024-04-22,P005,Ceramide Barrier Cream,Skin,3,14,42,0.1,Sephora,Seoul,Dry
YUL-15739,2024-02-05,P001,Deep Sea Hair Mask,Hair,2,12,38,0.1,Online,Tokyo,Dry
YUL-15740,2025-10-15,P003,Scalp Soothing Oil,Hair,3,8,28,0.25,Online,NYC,Dry
YUL-15741,2025-06-15,P005,Ceramide Barrier Cream,Skin,3,14,42,0.1,Olive Young,NYC,Dry
YUL-15742,2025-01-22,P002,Fermented Rice Serum,Skin,3,15,45,0.25,Online,NYC,Combination
YUL-15743,2025-06-14,P003,Scalp Soothing Oil,Hair,2,8,28,0.2,Olive Young,Tokyo,Oily
YUL-15744,2025-05-30,P005,Ceramide Barrier Cream,Skin,2,14,42,0.25,Flagship Store,Tokyo,Oily
YUL-15745,2025-04-22,P001,Deep Sea Hair Mask,Hair,4,12,38,0.0,Olive Young,NYC,Sensitive
YUL-15746,2024-11-10,P001,Deep Sea Hair Mask,Hair,3,12,38,0.0,Flagship Store,London,Sensitive
YUL-15747,2024-05-10,P002,Fermented Rice Serum,Skin,4,15,45,0.0,Flagship Store,NYC,Sensitive
YUL-15748,2024-12-20,P003,Scalp Soothing Oil,Hair,4,8,28,0.2,Olive Young,London,Sensitive
YUL-15749,2024-01-18,P005,Ceramide Barrier Cream,Skin,1,14,42,0.25,Flagship Store,NYC,Dry
YUL-15750,2024-06-13,P005,Ceramide Barrier Cream,Skin,3,14,42,0.0,Olive Young,Seoul,Sensitive
YUL-15751,2025-04-09,P005,Ceramide Barrier Cream,Skin,1,14,42,0.2,Flagship Store,London,Sensitive
YUL-15752,2024-03-22,P002,Fermented Rice Serum,Skin,3,15,45,0.0,Sephora,Seoul,Sensitive
YUL-15753,2025-10-22,P002,Fermented Rice Serum,Skin,3,15,45,0.0,Olive Young,Tokyo,Dry
YUL-15754,2025-11-19,P001,Deep Sea Hair Mask,Hair,1,12,38,0.0,Olive Young,Seoul,Combination
YUL-15755,2024-06-21,P003,Scalp Soothing Oil,Hair,2,8,28,0.0,Olive Young,London,Combination
YUL-15756,2024-06-11,P003,Scalp Soothing Oil,Hair,1,8,28,0.1,Flagship Store,Tokyo,Dry
YUL-15757,2024-08-17,P001,Deep Sea Hair Mask,Hair,1,12,38,0.0,Flagship Store,NYC,Combination
YUL-15758,2025-12-25,P003,Scalp Soothing Oil,Hair,3,8,28,0.0,Online,Tokyo,Dry
YUL-15759,2024-12-29,P004,Mugwort Essence,Skin,4,10,32,0.0,Olive Young,Tokyo,Dry
YUL-15760,2025-08-28,P001,Deep Sea Hair Mask,Hair,3,12,38,0.0,Flagship Store,Seoul,Dry
YUL-15761,2024-08-13,P005,Ceramide Barrier Cream,Skin,3,14,42,0.2,Sephora,Seoul,Dry
YUL-15762,2025-08-05,P003,Scalp Soothing Oil,Hair,3,8,28,0.0,Flagship Store,London,Oily
YUL-15763,2024-05-31,P004,Mugwort Essence,Skin,1,10,32,0.0,Flagship Store,Tokyo,Combination
YUL-15764,2024-07-07,P005,Ceramide Barrier Cream,Skin,4,14,42,0.0,Olive Young,Tokyo,Dry
YUL-15765,2024-02-28,P001,Deep Sea Hair Mask,Hair,4,12,38,0.1,Online,Tokyo,Oily
YUL-15766,2025-04-13,P002,Fermented Rice Serum,Skin,2,15,45,0.2,Olive Young,London,Sensitive
YUL-15767,2024-05-09,P004,Mugwort Essence,Skin,4,10,32,0.1,Flagship Store,Tokyo,Sensitive
YUL-15768,2025-04-09,P003,Scalp Soothing Oil,Hair,3,8,28,0.0,Sephora,Tokyo,Dry
YUL-15769,2025-09-01,P002,Fermented Rice Serum,Skin,2,15,45,0.0,Flagship Store,Tokyo,Combination
YUL-15770,2024-10-20,P002,Fermented Rice Serum,Skin,3,15,45,0.2,Flagship Store,London,Sensitive
YUL-15771,2025-04-05,P003,Scalp Soothing Oil,Hair,1,8,28,0.2,Olive Young,London,Combination
YUL-15772,2025-05-10,P001,Deep Sea Hair Mask,Hair,3,12,38,0.25,Sephora,Tokyo,Sensitive
YUL-15773,2025-08-24,P004,Mugwort Essence,Skin,4,10,32,0.0,Flagship Store,NYC,Combination
YUL-15774,2024-07-29,P001,Deep Sea Hair Mask,Hair,3,12,38,0.0,Olive Young,Tokyo,Dry
YUL-15775,2024-02-17,P004,Mugwort Essence,Skin,1,10,32,0.0,Sephora,London,Oily
YUL-15776,2024-05-12,P002,Fermented Rice Serum,Skin,2,15,45,0.0,Sephora,Seoul,Sensitive
YUL-15777,2025-03-18,P004,Mugwort Essence,Skin,4,10,32,0.0,Sephora,Tokyo,Oily
YUL-15778,2024-03-29,P002,Fermented Rice Serum,Skin,2,15,45,0.0,Olive Young,London,Sensitive
YUL-15779,2024-01-16,P001,Deep Sea Hair Mask,Hair,4,12,38,0.2,Online,Seoul,Combination
YUL-15780,2024-03-20,P002,Fermented Rice Serum,Skin,1,15,45,0.0,Olive Young,London,Oily
YUL-15781,2024-03-15,P005,Ceramide Barrier Cream,Skin,4,14,42,0.0,Olive Young,NYC,Dry
YUL-15782,2024-10-15,P005,Ceramide Barrier Cream,Skin,1,14,42,0.25,Flagship Store,Seoul,Sensitive
YUL-15783,2024-12-05,P001,Deep Sea Hair Mask,Hair,2,12,38,0.1,Online,London,Sensitive
YUL-15784,2025-02-28,P001,Deep Sea Hair Mask,Hair,3,12,38,0.25,Olive Young,NYC,Sensitive
YUL-15785,2024-02-18,P005,Ceramide Barrier Cream,Skin,4,14,42,0.2,Sephora,NYC,Oily
YUL-15786,2025-10-05,P005,Ceramide Barrier Cream,Skin,4,14,42,0.0,Flagship Store,NYC,Combination
YUL-15787,2024-11-03,P004,Mugwort Essence,Skin,4,10,32,0.1,Olive Young,NYC,Dry
YUL-15788,2025-09-07,P004,Mugwort Essence,Skin,4,10,32,0.2,Online,London,Combination
YUL-15789,2025-09-04,P004,Mugwort Essence,Skin,3,10,32,0.0,Sephora,Seoul,Dry
YUL-15790,2025-02-21,P004,Mugwort Essence,Skin,4,10,32,0.0,Online,Seoul,Sensitive
YUL-15791,2025-06-07,P005,Ceramide Barrier Cream,Skin,1,14,42,0.0,Olive Young,NYC,Dry
YUL-15792,2024-09-07,P002,Fermented Rice Serum,Skin,1,15,45,0.2,Flagship Store,NYC,Combination
YUL-15793,2025-11-06,P004,Mugwort Essence,Skin,4,10,32,0.0,Olive Young,London,Dry
YUL-15794,2025-11-26,P001,Deep Sea Hair Mask,Hair,1,12,38,0.0,Olive Young,London,Combination
YUL-15795,2025-03-30,P004,Mugwort Essence,Skin,2,10,32,0.2,Flagship Store,Tokyo,Sensitive
YUL-15796,2024-07-23,P005,Ceramide Barrier Cream,Skin,3,14,42,0.2,Sephora,London,Oily
YUL-15797,2025-11-17,P003,Scalp Soothing Oil,Hair,2,8,28,0.2,Flagship Store,Seoul,Combination
YUL-15798,2025-06-11,P003,Scalp Soothing Oil,Hair,4,8,28,0.2,Online,Seoul,Oily
YUL-15799,2024-11-14,P004,Mugwort Essence,Skin,1,10,32,0.25,Flagship Store,NYC,Dry
YUL-15800,2025-12-18,P002,Fermented Rice Serum,Skin,1,15,45,0.0,Sephora,NYC,Dry
YUL-15801,2025-06-10,P005,Ceramide Barrier Cream,Skin,3,14,42,0.1,Flagship Store,NYC,Dry
YUL-15802,2024-04-01,P005,Ceramide Barrier Cream,Skin,3,14,42,0.0,Olive Young,Seoul,Oily
YUL-15803,2025-05-28,P002,Fermented Rice Serum,Skin,4,15,45,0.2,Olive Young,NYC,Oily
YUL-15804,2024-10-04,P002,Fermented Rice Serum,Skin,2,15,45,0.0,Online,London,Dry
YUL-15805,2025-12-19,P002,Fermented Rice Serum,Skin,2,15,45,0.25,Sephora,Seoul,Dry
YUL-15806,2025-06-02,P004,Mugwort Essence,Skin,2,10,32,0.2,Online,Tokyo,Combination
YUL-15807,2025-07-08,P002,Fermented Rice Serum,Skin,3,15,45,0.0,Online,London,Combination
YUL-15808,2025-10-23,P001,Deep Sea Hair Mask,Hair,3,12,38,0.0,Flagship Store,London,Dry
YUL-15809,2025-11-06,P002,Fermented Rice Serum,Skin,1,15,45,0.1,Online,Tokyo,Combination
YUL-15810,2024-04-28,P004,Mugwort Essence,Skin,3,10,32,0.1,Flagship Store,NYC,Oily
YUL-15811,2024-05-19,P004,Mugwort Essence,Skin,2,10,32,0.0,Sephora,NYC,Oily
YUL-15812,2024-12-20,P004,Mugwort Essence,Skin,2,10,32,0.2,Online,Tokyo,Combination
YUL-15813,2024-11-28,P003,Scalp Soothing Oil,Hair,2,8,28,0.2,Online,NYC,Sensitive
YUL-15814,2024-05-01,P001,Deep Sea Hair Mask,Hair,2,12,38,0.1,Online,Seoul,Sensitive
YUL-15815,2025-08-20,P005,Ceramide Barrier Cream,Skin,3,14,42,0.0,Flagship Store,Seoul,Dry
YUL-15816,2025-08-08,P005,Ceramide Barrier Cream,Skin,1,14,42,0.1,Flagship Store,Seoul,Combination
YUL-15817,2024-04-04,P002,Fermented Rice Serum,Skin,4,15,45,0.0,Olive Young,Seoul,Dry
YUL-15818,2024-09-25,P003,Scalp Soothing Oil,Hair,3,8,28,0.0,Flagship Store,London,Dry
YUL-15819,2025-11-02,P001,Deep Sea Hair Mask,Hair,3,12,38,0.1,Online,NYC,Sensitive
YUL-15820,2024-02-24,P005,Ceramide Barrier Cream,Skin,2,14,42,0.25,Sephora,Tokyo,Combination
YUL-15821,2024-12-10,P002,Fermented Rice Serum,Skin,1,15,45,0.0,Sephora,Tokyo,Combination
YUL-15822,2025-03-06,P003,Scalp Soothing Oil,Hair,2,8,28,0.0,Olive Young,NYC,Sensitive
YUL-15823,2025-03-27,P003,Scalp Soothing Oil,Hair,3,8,28,0.25,Olive Young,London,Combination
YUL-15824,2024-08-03,P002,Fermented Rice Serum,Skin,4,15,45,0.0,Online,Seoul,Oily
YUL-15825,2025-08-26,P005,Ceramide Barrier Cream,Skin,4,14,42,0.25,Olive Young,Seoul,Sensitive
YUL-15826,2025-07-07,P001,Deep Sea Hair Mask,Hair,3,12,38,0.0,Flagship Store,NYC,Oily
YUL-15827,2025-06-16,P005,Ceramide Barrier Cream,Skin,2,14,42,0.0,Olive Young,Tokyo,Combination
YUL-15828,2024-06-12,P003,Scalp Soothing Oil,Hair,3,8,28,0.2,Flagship Store,NYC,Sensitive
YUL-15829,2025-12-14,P002,Fermented Rice Serum,Skin,3,15,45,0.1,Online,Tokyo,Oily
YUL-15830,2024-09-10,P004,Mugwort Essence,Skin,2,10,32,0.0,Olive Young,Seoul,Combination
YUL-15831,2024-07-31,P005,Ceramide Barrier Cream,Skin,1,14,42,0.0,Olive Young,London,Combination
YUL-15832,2024-10-24,P005,Ceramide Barrier Cream,Skin,3,14,42,0.0,Online,London,Combination
YUL-15833,2025-12-21,P001,Deep Sea Hair Mask,Hair,1,12,38,0.1,Flagship Store,Seoul,Sensitive
YUL-15834,2024-04-17,P002,Fermented Rice Serum,Skin,4,15,45,0.1,Olive Young,Seoul,Sensitive
YUL-15835,2025-05-11,P005,Ceramide Barrier Cream,Skin,1,14,42,0.1,Sephora,Seoul,Combination
YUL-15836,2024-01-03,P001,Deep Sea Hair Mask,Hair,2,12,38,0.0,Online,Tokyo,Sensitive
YUL-15837,2025-03-28,P001,Deep Sea Hair Mask,Hair,3,12,38,0.1,Sephora,NYC,Combination
YUL-15838,2024-01-24,P004,Mugwort Essence,Skin,3,10,32,0.25,Olive Young,Tokyo,Sensitive
YUL-15839,2025-02-11,P001,Deep Sea Hair Mask,Hair,2,12,38,0.0,Sephora,Seoul,Sensitive
YUL-15840,2025-04-20,P003,Scalp Soothing Oil,Hair,2,8,28,0.0,Online,Tokyo,Combination
YUL-15841,2024-07-20,P001,Deep Sea Hair Mask,Hair,1,12,38,0.0,Olive Young,London,Dry
YUL-15842,2025-06-27,P004,Mugwort Essence,Skin,3,10,32,0.2,Olive Young,Seoul,Dry
YUL-15843,2025-08-28,P001,Deep Sea Hair Mask,Hair,2,12,38,0.0,Online,NYC,Oily
YUL-15844,2025-07-09,P005,Ceramide Barrier Cream,Skin,4,14,42,0.25,Olive Young,London,Sensitive
YUL-15845,2024-12-31,P003,Scalp Soothing Oil,Hair,2,8,28,0.1,Online,NYC,Dry
YUL-15846,2024-11-13,P005,Ceramide Barrier Cream,Skin,1,14,42,0.0,Flagship Store,London,Dry
YUL-15847,2025-11-15,P002,Fermented Rice Serum,Skin,1,15,45,0.0,Olive Young,London,Sensitive
YUL-15848,2025-04-06,P001,Deep Sea Hair Mask,Hair,2,12,38,0.0,Flagship Store,London,Oily
YUL-15849,2025-08-06,P001,Deep Sea Hair Mask,Hair,4,12,38,0.25,Flagship Store,Seoul,Oily
YUL-15850,2024-04-18,P001,Deep Sea Hair Mask,Hair,4,12,38,0.2,Sephora,NYC,Sensitive
YUL-15851,2025-10-16,P002,Fermented Rice Serum,Skin,1,15,45,0.0,Sephora,Tokyo,Dry
YUL-15852,2025-08-10,P002,Fermented Rice Serum,Skin,2,15,45,0.0,Online,Seoul,Sensitive
YUL-15853,2025-04-25,P002,Fermented Rice Serum,Skin,3,15,45,0.0,Sephora,Seoul,Sensitive
YUL-15854,2024-10-11,P003,Scalp Soothing Oil,Hair,2,8,28,0.0,Olive Young,NYC,Dry
YUL-15855,2025-12-11,P002,Fermented Rice Serum,Skin,1,15,45,0.0,Flagship Store,Seoul,Dry
YUL-15856,2025-01-08,P001,Deep Sea Hair Mask,Hair,3,12,38,0.0,Online,London,Dry
YUL-15857,2025-04-05,P004,Mugwort Essence,Skin,4,10,32,0.1,Online,London,Dry
YUL-15858,2024-01-15,P005,Ceramide Barrier Cream,Skin,1,14,42,0.2,Sephora,Tokyo,Oily
YUL-15859,2024-03-01,P004,Mugwort Essence,Skin,1,10,32,0.0,Sephora,Tokyo,Combination
YUL-15860,2024-11-22,P002,Fermented Rice Serum,Skin,3,15,45,0.1,Sephora,London,Combination
YUL-15861,2025-06-30,P005,Ceramide Barrier Cream,Skin,2,14,42,0.0,Flagship Store,NYC,Combination
YUL-15862,2025-01-05,P005,Ceramide Barrier Cream,Skin,3,14,42,0.1,Flagship Store,Seoul,Sensitive
YUL-15863,2024-03-08,P003,Scalp Soothing Oil,Hair,1,8,28,0.25,Flagship Store,NYC,Sensitive
YUL-15864,2025-05-10,P005,Ceramide Barrier Cream,Skin,1,14,42,0.1,Sephora,NYC,Combination
YUL-15865,2025-08-24,P001,Deep Sea Hair Mask,Hair,3,12,38,0.0,Sephora,London,Dry
YUL-15866,2024-11-14,P004,Mugwort Essence,Skin,1,10,32,0.0,Sephora,Seoul,Dry
YUL-15867,2024-07-19,P003,Scalp Soothing Oil,Hair,1,8,28,0.0,Online,Tokyo,Oily
YUL-15868,2025-04-22,P003,Scalp Soothing Oil,Hair,2,8,28,0.0,Flagship Store,Tokyo,Sensitive
YUL-15869,2025-03-20,P002,Fermented Rice Serum,Skin,1,15,45,0.0,Olive Young,Tokyo,Combination
YUL-15870,2024-03-11,P002,Fermented Rice Serum,Skin,3,15,45,0.0,Flagship Store,London,Combination
YUL-15871,2025-05-11,P005,Ceramide Barrier Cream,Skin,1,14,42,0.0,Flagship Store,Seoul,Combination
YUL-15872,2025-12-30,P005,Ceramide Barrier Cream,Skin,4,14,42,0.2,Sephora,London,Oily
YUL-15873,2025-10-23,P005,Ceramide Barrier Cream,Skin,4,14,42,0.1,Olive Young,Tokyo,Combination
YUL-15874,2025-03-31,P003,Scalp Soothing Oil,Hair,3,8,28,0.1,Olive Young,Seoul,Dry
YUL-15875,2025-11-11,P003,Scalp Soothing Oil,Hair,2,8,28,0.0,Flagship Store,Tokyo,Dry
YUL-15876,2025-08-23,P002,Fermented Rice Serum,Skin,3,15,45,0.1,Online,London,Combination
YUL-15877,2025-05-08,P003,Scalp Soothing Oil,Hair,1,8,28,0.1,Sephora,Tokyo,Combination
YUL-15878,2025-11-25,P004,Mugwort Essence,Skin,1,10,32,0.1,Online,Tokyo,Dry
YUL-15879,2025-03-14,P003,Scalp Soothing Oil,Hair,3,8,28,0.1,Sephora,Seoul,Combination
YUL-15880,2024-03-25,P002,Fermented Rice Serum,Skin,3,15,45,0.0,Flagship Store,Seoul,Sensitive
YUL-15881,2025-08-23,P004,Mugwort Essence,Skin,4,10,32,0.1,Olive Young,Tokyo,Oily
YUL-15882,2025-04-04,P004,Mugwort Essence,Skin,3,10,32,0.0,Sephora,Tokyo,Oily
YUL-15883,2025-03-28,P005,Ceramide Barrier Cream,Skin,2,14,42,0.0,Flagship Store,Seoul,Oily
YUL-15884,2024-01-15,P003,Scalp Soothing Oil,Hair,2,8,28,0.0,Olive Young,Seoul,Combination
YUL-15885,2025-01-12,P001,Deep Sea Hair Mask,Hair,3,12,38,0.0,Online,London,Sensitive
YUL-15886,2024-09-26,P005,Ceramide Barrier Cream,Skin,4,14,42,0.0,Olive Young,Tokyo,Oily
YUL-15887,2025-07-13,P004,Mugwort Essence,Skin,2,10,32,0.0,Sephora,Tokyo,Sensitive
YUL-15888,2024-10-26,P004,Mugwort Essence,Skin,3,10,32,0.0,Online,Tokyo,Combination
YUL-15889,2024-05-10,P002,Fermented Rice Serum,Skin,1,15,45,0.1,Olive Young,Seoul,Sensitive
YUL-15890,2025-08-15,P005,Ceramide Barrier Cream,Skin,2,14,42,0.0,Olive Young,Tokyo,Combination
YUL-15891,2025-09-28,P002,Fermented Rice Serum,Skin,3,15,45,0.0,Flagship Store,London,Dry
YUL-15892,2025-01-04,P003,Scalp Soothing Oil,Hair,3,8,28,0.0,Online,Tokyo,Sensitive
YUL-15893,2024-03-03,P003,Scalp Soothing Oil,Hair,4,8,28,0.1,Sephora,Tokyo,Combination
YUL-15894,2025-03-31,P001,Deep Sea Hair Mask,Hair,1,12,38,0.1,Online,Seoul,Combination
YUL-15895,2024-03-14,P001,Deep Sea Hair Mask,Hair,1,12,38,0.0,Sephora,Tokyo,Oily
YUL-15896,2024-02-23,P004,Mugwort Essence,Skin,1,10,32,0.1,Sephora,NYC,Sensitive
YUL-15897,2024-07-17,P002,Fermented Rice Serum,Skin,4,15,45,0.1,Sephora,Seoul,Combination
YUL-15898,2025-11-11,P004,Mugwort Essence,Skin,1,10,32,0.0,Olive Young,Tokyo,Combination
YUL-15899,2024-03-11,P002,Fermented Rice Serum,Skin,3,15,45,0.0,Sephora,London,Dry
YUL-15900,2025-08-19,P002,Fermented Rice Serum,Skin,3,15,45,0.0,Sephora,Seoul,Sensitive
YUL-15901,2024-06-15,P005,Ceramide Barrier Cream,Skin,2,14,42,0.0,Online,Seoul,Sensitive
YUL-15902,2025-10-04,P001,Deep Sea Hair Mask,Hair,4,12,38,0.2,Olive Young,NYC,Dry
YUL-15903,2025-09-21,P003,Scalp Soothing Oil,Hair,3,8,28,0.2,Online,London,Dry
YUL-15904,2024-09-26,P001,Deep Sea Hair Mask,Hair,3,12,38,0.25,Flagship Store,NYC,Oily
YUL-15905,2024-10-14,P001,Deep Sea Hair Mask,Hair,3,12,38,0.2,Sephora,Seoul,Sensitive
YUL-15906,2025-04-20,P005,Ceramide Barrier Cream,Skin,1,14,42,0.2,Olive Young,Tokyo,Oily
YUL-15907,2025-07-02,P003,Scalp Soothing Oil,Hair,1,8,28,0.0,Olive Young,Tokyo,Combination
YUL-15908,2024-01-29,P001,Deep Sea Hair Mask,Hair,2,12,38,0.0,Flagship Store,Tokyo,Sensitive
YUL-15909,2025-11-08,P001,Deep Sea Hair Mask,Hair,3,12,38,0.1,Online,Seoul,Sensitive
YUL-15910,2024-11-19,P004,Mugwort Essence,Skin,2,10,32,0.1,Olive Young,Tokyo,Oily
YUL-15911,2024-09-30,P005,Ceramide Barrier Cream,Skin,2,14,42,0.25,Sephora,NYC,Combination
YUL-15912,2025-04-21,P001,Deep Sea Hair Mask,Hair,1,12,38,0.2,Olive Young,Seoul,Sensitive
YUL-15913,2024-04-24,P004,Mugwort Essence,Skin,1,10,32,0.0,Flagship Store,Tokyo,Dry
YUL-15914,2025-04-18,P001,Deep Sea Hair Mask,Hair,2,12,38,0.25,Sephora,NYC,Combination
YUL-15915,2024-04-29,P005,Ceramide Barrier Cream,Skin,1,14,42,0.2,Sephora,Tokyo,Dry
YUL-15916,2025-05-03,P005,Ceramide Barrier Cream,Skin,1,14,42,0.0,Online,NYC,Oily
YUL-15917,2024-01-05,P002,Fermented Rice Serum,Skin,2,15,45,0.25,Sephora,Seoul,Dry
YUL-15918,2024-12-09,P001,Deep Sea Hair Mask,Hair,4,12,38,0.2,Online,Seoul,Oily
YUL-15919,2024-12-05,P005,Ceramide Barrier Cream,Skin,4,14,42,0.1,Olive Young,Tokyo,Sensitive
YUL-15920,2024-01-12,P001,Deep Sea Hair Mask,Hair,1,12,38,0.25,Olive Young,Seoul,Oily
YUL-15921,2024-07-11,P003,Scalp Soothing Oil,Hair,2,8,28,0.2,Flagship Store,NYC,Sensitive
YUL-15922,2025-01-15,P001,Deep Sea Hair Mask,Hair,4,12,38,0.0,Olive Young,Tokyo,Oily
YUL-15923,2024-09-02,P001,Deep Sea Hair Mask,Hair,2,12,38,0.0,Olive Young,NYC,Oily
YUL-15924,2024-05-07,P001,Deep Sea Hair Mask,Hair,4,12,38,0.0,Sephora,NYC,Combination
YUL-15925,2024-04-10,P002,Fermented Rice Serum,Skin,1,15,45,0.0,Online,Seoul,Combination
YUL-15926,2024-12-30,P002,Fermented Rice Serum,Skin,4,15,45,0.1,Online,NYC,Sensitive
YUL-15927,2025-07-09,P001,Deep Sea Hair Mask,Hair,2,12,38,0.0,Olive Young,London,Combination
YUL-15928,2024-02-09,P002,Fermented Rice Serum,Skin,2,15,45,0.0,Olive Young,Seoul,Combination
YUL-15929,2025-01-23,P004,Mugwort Essence,Skin,3,10,32,0.0,Olive Young,Seoul,Dry
YUL-15930,2025-03-16,P001,Deep Sea Hair Mask,Hair,3,12,38,0.0,Sephora,London,Dry
YUL-15931,2025-08-03,P005,Ceramide Barrier Cream,Skin,1,14,42,0.2,Sephora,London,Combination
YUL-15932,2024-08-09,P001,Deep Sea Hair Mask,Hair,4,12,38,0.1,Olive Young,Seoul,Combination
YUL-15933,2024-10-01,P003,Scalp Soothing Oil,Hair,3,8,28,0.0,Olive Young,Seoul,Sensitive
YUL-15934,2025-01-29,P001,Deep Sea Hair Mask,Hair,4,12,38,0.0,Olive Young,London,Dry
YUL-15935,2024-01-17,P004,Mugwort Essence,Skin,2,10,32,0.0,Flagship Store,NYC,Dry
YUL-15936,2025-06-30,P002,Fermented Rice Serum,Skin,3,15,45,0.0,Sephora,London,Oily
YUL-15937,2025-09-22,P003,Scalp Soothing Oil,Hair,2,8,28,0.25,Online,NYC,Sensitive
YUL-15938,2024-01-19,P001,Deep Sea Hair Mask,Hair,4,12,38,0.1,Online,Tokyo,Combination
YUL-15939,2025-07-13,P002,Fermented Rice Serum,Skin,2,15,45,0.1,Flagship Store,Tokyo,Combination
YUL-15940,2025-09-04,P001,Deep Sea Hair Mask,Hair,4,12,38,0.2,Olive Young,NYC,Combination
YUL-15941,2025-05-28,P005,Ceramide Barrier Cream,Skin,3,14,42,0.0,Olive Young,Tokyo,Dry
YUL-15942,2024-03-08,P002,Fermented Rice Serum,Skin,3,15,45,0.0,Flagship Store,NYC,Dry
YUL-15943,2025-01-05,P001,Deep Sea Hair Mask,Hair,1,12,38,0.25,Sephora,Tokyo,Sensitive
YUL-15944,2024-05-28,P003,Scalp Soothing Oil,Hair,4,8,28,0.0,Online,NYC,Oily
YUL-15945,2025-09-19,P003,Scalp Soothing Oil,Hair,4,8,28,0.25,Online,London,Sensitive
YUL-15946,2025-08-15,P004,Mugwort Essence,Skin,1,10,32,0.0,Olive Young,NYC,Oily
YUL-15947,2024-08-27,P005,Ceramide Barrier Cream,Skin,3,14,42,0.2,Flagship Store,Seoul,Dry
YUL-15948,2024-05-19,P005,Ceramide Barrier Cream,Skin,1,14,42,0.25,Sephora,NYC,Sensitive
YUL-15949,2024-11-25,P004,Mugwort Essence,Skin,4,10,32,0.1,Sephora,NYC,Oily
YUL-15950,2024-11-26,P001,Deep Sea Hair Mask,Hair,3,12,38,0.25,Olive Young,Tokyo,Dry
YUL-15951,2024-10-13,P001,Deep Sea Hair Mask,Hair,3,12,38,0.25,Olive Young,NYC,Dry
YUL-15952,2024-06-12,P002,Fermented Rice Serum,Skin,3,15,45,0.1,Flagship Store,NYC,Sensitive
YUL-15953,2025-04-26,P004,Mugwort Essence,Skin,2,10,32,0.0,Olive Young,NYC,Oily
YUL-15954,2024-08-05,P004,Mugwort Essence,Skin,4,10,32,0.0,Olive Young,Tokyo,Dry
YUL-15955,2025-01-10,P005,Ceramide Barrier Cream,Skin,4,14,42,0.1,Online,Tokyo,Combination
YUL-15956,2024-05-29,P005,Ceramide Barrier Cream,Skin,1,14,42,0.2,Online,Tokyo,Sensitive
YUL-15957,2024-12-05,P001,Deep Sea Hair Mask,Hair,3,12,38,0.0,Flagship Store,Seoul,Sensitive
YUL-15958,2024-08-16,P004,Mugwort Essence,Skin,3,10,32,0.0,Flagship Store,NYC,Sensitive
YUL-15959,2024-05-02,P005,Ceramide Barrier Cream,Skin,2,14,42,0.0,Olive Young,London,Oily
YUL-15960,2025-12-11,P004,Mugwort Essence,Skin,2,10,32,0.25,Olive Young,Tokyo,Dry
YUL-15961,2025-08-13,P004,Mugwort Essence,Skin,3,10,32,0.2,Olive Young,Seoul,Sensitive
YUL-15962,2024-01-30,P001,Deep Sea Hair Mask,Hair,1,12,38,0.2,Olive Young,Tokyo,Dry
YUL-15963,2024-01-24,P005,Ceramide Barrier Cream,Skin,4,14,42,0.2,Online,London,Oily
YUL-15964,2024-03-21,P001,Deep Sea Hair Mask,Hair,1,12,38,0.0,Online,NYC,Oily
YUL-15965,2024-01-20,P005,Ceramide Barrier Cream,Skin,1,14,42,0.1,Flagship Store,NYC,Oily
YUL-15966,2025-05-02,P005,Ceramide Barrier Cream,Skin,4,14,42,0.0,Sephora,Seoul,Oily
YUL-15967,2024-10-28,P002,Fermented Rice Serum,Skin,3,15,45,0.25,Flagship Store,NYC,Dry
YUL-15968,2025-11-21,P005,Ceramide Barrier Cream,Skin,1,14,42,0.0,Olive Young,Tokyo,Oily
YUL-15969,2024-12-22,P004,Mugwort Essence,Skin,4,10,32,0.0,Online,London,Sensitive
YUL-15970,2025-01-02,P005,Ceramide Barrier Cream,Skin,2,14,42,0.0,Flagship Store,NYC,Dry
YUL-15971,2025-04-13,P003,Scalp Soothing Oil,Hair,3,8,28,0.0,Online,Seoul,Sensitive
YUL-15972,2025-02-07,P005,Ceramide Barrier Cream,Skin,3,14,42,0.25,Online,NYC,Oily
YUL-15973,2024-06-17,P001,Deep Sea Hair Mask,Hair,2,12,38,0.25,Flagship Store,NYC,Sensitive
YUL-15974,2025-03-14,P002,Fermented Rice Serum,Skin,1,15,45,0.2,Online,Seoul,Oily
YUL-15975,2024-09-24,P004,Mugwort Essence,Skin,4,10,32,0.2,Flagship Store,Seoul,Combination
YUL-15976,2024-05-14,P002,Fermented Rice Serum,Skin,3,15,45,0.25,Online,Seoul,Dry
YUL-15977,2025-06-07,P003,Scalp Soothing Oil,Hair,2,8,28,0.0,Flagship Store,London,Oily
YUL-15978,2025-08-16,P002,Fermented Rice Serum,Skin,4,15,45,0.0,Flagship Store,Tokyo,Sensitive
YUL-15979,2025-06-10,P004,Mugwort Essence,Skin,4,10,32,0.0,Online,London,Combination
YUL-15980,2024-12-24,P004,Mugwort Essence,Skin,3,10,32,0.1,Online,Tokyo,Dry
YUL-15981,2024-06-25,P004,Mugwort Essence,Skin,2,10,32,0.2,Olive Young,Seoul,Oily
YUL-15982,2024-08-11,P004,Mugwort Essence,Skin,2,10,32,0.0,Sephora,Seoul,Oily
YUL-15983,2024-11-24,P005,Ceramide Barrier Cream,Skin,4,14,42,0.1,Sephora,NYC,Sensitive
YUL-15984,2025-05-03,P002,Fermented Rice Serum,Skin,4,15,45,0.1,Olive Young,Seoul,Sensitive
YUL-15985,2025-07-15,P001,Deep Sea Hair Mask,Hair,4,12,38,0.0,Flagship Store,London,Sensitive
YUL-15986,2024-04-21,P002,Fermented Rice Serum,Skin,4,15,45,0.0,Olive Young,NYC,Dry
YUL-15987,2025-02-22,P003,Scalp Soothing Oil,Hair,1,8,28,0.0,Olive Young,London,Combination
YUL-15988,2025-08-15,P004,Mugwort Essence,Skin,2,10,32,0.2,Sephora,London,Dry
YUL-15989,2024-06-29,P004,Mugwort Essence,Skin,3,10,32,0.1,Sephora,Tokyo,Sensitive
YUL-15990,2024-04-07,P004,Mugwort Essence,Skin,2,10,32,0.25,Flagship Store,Seoul,Combination
YUL-15991,2024-07-25,P005,Ceramide Barrier Cream,Skin,3,14,42,0.0,Online,Tokyo,Sensitive
YUL-15992,2025-01-29,P004,Mugwort Essence,Skin,1,10,32,0.25,Sephora,Tokyo,Oily
YUL-15993,2024-08-24,P005,Ceramide Barrier Cream,Skin,1,14,42,0.0,Olive Young,NYC,Dry
YUL-15994,2025-08-19,P002,Fermented Rice Serum,Skin,2,15,45,0.1,Flagship Store,NYC,Dry
YUL-15995,2024-09-16,P001,Deep Sea Hair Mask,Hair,2,12,38,0.0,Olive Young,London,Dry
YUL-15996,2024-08-21,P004,Mugwort Essence,Skin,3,10,32,0.0,Sephora,London,Dry
YUL-15997,2024-03-24,P002,Fermented Rice Serum,Skin,4,15,45,0.2,Sephora,Tokyo,Dry
YUL-15998,2025-11-15,P003,Scalp Soothing Oil,Hair,3,8,28,0.0,Olive Young,London,Combination
YUL-15999,2024-12-21,P004,Mugwort Essence,Skin,4,10,32,0.25,Online,Seoul,Oily
YUL-16000,2025-09-15,P001,Deep Sea Hair Mask,Hair,3,12,38,0.2,Flagship Store,London,Sensitive
YUL-16001,2024-03-25,P001,Deep Sea Hair Mask,Hair,4,12,38,0.25,Online,NYC,Combination
YUL-16002,2024-07-18,P005,Ceramide Barrier Cream,Skin,4,14,42,0.2,Olive Young,NYC,Combination
YUL-16003,2024-05-08,P001,Deep Sea Hair Mask,Hair,3,12,38,0.2,Flagship Store,Seoul,Dry
YUL-16004,2024-10-22,P003,Scalp Soothing Oil,Hair,1,8,28,0.1,Sephora,NYC,Combination
YUL-16005,2025-06-20,P005,Ceramide Barrier Cream,Skin,1,14,42,0.1,Flagship Store,Tokyo,Sensitive
YUL-16006,2024-03-20,P003,Scalp Soothing Oil,Hair,1,8,28,0.0,Olive Young,London,Dry
YUL-16007,2025-12-14,P003,Scalp Soothing Oil,Hair,3,8,28,0.0,Sephora,NYC,Dry
YUL-16008,2025-08-27,P005,Ceramide Barrier Cream,Skin,3,14,42,0.0,Flagship Store,Seoul,Oily
YUL-16009,2024-11-18,P002,Fermented Rice Serum,Skin,4,15,45,0.1,Flagship Store,Tokyo,Dry
YUL-16010,2025-08-02,P001,Deep Sea Hair Mask,Hair,4,12,38,0.1,Olive Young,Seoul,Dry
YUL-16011,2025-04-06,P001,Deep Sea Hair Mask,Hair,4,12,38,0.2,Sephora,Seoul,Combination
YUL-16012,2024-12-30,P001,Deep Sea Hair Mask,Hair,4,12,38,0.0,Olive Young,London,Oily
YUL-16013,2025-01-27,P003,Scalp Soothing Oil,Hair,4,8,28,0.25,Olive Young,NYC,Oily
YUL-16014,2024-11-12,P005,Ceramide Barrier Cream,Skin,3,14,42,0.25,Sephora,NYC,Combination
YUL-16015,2024-08-25,P002,Fermented Rice Serum,Skin,3,15,45,0.0,Sephora,Seoul,Oily
YUL-16016,2024-07-31,P005,Ceramide Barrier Cream,Skin,4,14,42,0.25,Sephora,Tokyo,Combination
YUL-16017,2024-12-17,P003,Scalp Soothing Oil,Hair,3,8,28,0.25,Online,Seoul,Sensitive
YUL-16018,2025-08-14,P005,Ceramide Barrier Cream,Skin,4,14,42,0.2,Flagship Store,NYC,Dry
YUL-16019,2024-09-28,P002,Fermented Rice Serum,Skin,3,15,45,0.0,Flagship Store,NYC,Oily
YUL-16020,2024-06-12,P002,Fermented Rice Serum,Skin,3,15,45,0.1,Sephora,Tokyo,Oily
YUL-16021,2024-09-23,P004,Mugwort Essence,Skin,4,10,32,0.0,Online,London,Dry
YUL-16022,2025-02-24,P005,Ceramide Barrier Cream,Skin,4,14,42,0.0,Online,Tokyo,Oily
YUL-16023,2025-12-16,P003,Scalp Soothing Oil,Hair,4,8,28,0.2,Flagship Store,London,Sensitive
YUL-16024,2024-09-22,P003,Scalp Soothing Oil,Hair,3,8,28,0.2,Sephora,London,Combination
YUL-16025,2024-11-14,P004,Mugwort Essence,Skin,2,10,32,0.0,Flagship Store,London,Oily
YUL-16026,2024-01-19,P002,Fermented Rice Serum,Skin,2,15,45,0.0,Online,Tokyo,Sensitive
YUL-16027,2025-04-29,P001,Deep Sea Hair Mask,Hair,1,12,38,0.2,Online,Tokyo,Sensitive
YUL-16028,2024-06-22,P002,Fermented Rice Serum,Skin,2,15,45,0.0,Online,Seoul,Oily
YUL-16029,2024-05-25,P003,Scalp Soothing Oil,Hair,1,8,28,0.0,Sephora,Seoul,Dry
YUL-16030,2025-02-10,P002,Fermented Rice Serum,Skin,2,15,45,0.2,Online,Tokyo,Combination
YUL-16031,2025-12-05,P002,Fermented Rice Serum,Skin,2,15,45,0.0,Online,NYC,Combination
YUL-16032,2024-07-17,P004,Mugwort Essence,Skin,2,10,32,0.0,Sephora,Tokyo,Combination
YUL-16033,2024-07-02,P003,Scalp Soothing Oil,Hair,4,8,28,0.0,Sephora,NYC,Combination
YUL-16034,2025-03-28,P002,Fermented Rice Serum,Skin,2,15,45,0.2,Sephora,Tokyo,Sensitive
YUL-16035,2025-02-14,P003,Scalp Soothing Oil,Hair,4,8,28,0.0,Flagship Store,London,Dry
YUL-16036,2025-05-04,P003,Scalp Soothing Oil,Hair,1,8,28,0.0,Sephora,London,Sensitive
YUL-16037,2025-10-22,P004,Mugwort Essence,Skin,2,10,32,0.2,Olive Young,London,Combination
YUL-16038,2024-09-13,P001,Deep Sea Hair Mask,Hair,4,12,38,0.1,Olive Young,London,Dry
YUL-16039,2025-08-07,P002,Fermented Rice Serum,Skin,4,15,45,0.0,Olive Young,London,Sensitive
YUL-16040,2025-05-15,P005,Ceramide Barrier Cream,Skin,2,14,42,0.25,Online,Tokyo,Oily
YUL-16041,2024-10-09,P005,Ceramide Barrier Cream,Skin,2,14,42,0.0,Sephora,Seoul,Oily
YUL-16042,2025-11-02,P004,Mugwort Essence,Skin,4,10,32,0.25,Online,London,Dry
YUL-16043,2025-03-14,P003,Scalp Soothing Oil,Hair,4,8,28,0.25,Flagship Store,Seoul,Sensitive
YUL-16044,2024-04-27,P003,Scalp Soothing Oil,Hair,2,8,28,0.0,Flagship Store,London,Oily
YUL-16045,2025-11-18,P001,Deep Sea Hair Mask,Hair,4,12,38,0.0,Online,Tokyo,Oily
YUL-16046,2024-04-11,P004,Mugwort Essence,Skin,3,10,32,0.1,Flagship Store,London,Dry
YUL-16047,2025-07-23,P001,Deep Sea Hair Mask,Hair,4,12,38,0.0,Olive Young,Tokyo,Sensitive
YUL-16048,2025-11-22,P004,Mugwort Essence,Skin,3,10,32,0.0,Olive Young,Seoul,Dry
YUL-16049,2024-01-17,P001,Deep Sea Hair Mask,Hair,2,12,38,0.0,Olive Young,NYC,Dry
YUL-16050,2024-10-29,P005,Ceramide Barrier Cream,Skin,2,14,42,0.1,Online,Seoul,Dry
YUL-16051,2025-03-03,P002,Fermented Rice Serum,Skin,1,15,45,0.0,Sephora,London,Oily
YUL-16052,2025-01-26,P004,Mugwort Essence,Skin,4,10,32,0.1,Olive Young,Seoul,Dry
YUL-16053,2024-03-26,P004,Mugwort Essence,Skin,1,10,32,0.1,Flagship Store,London,Combination
YUL-16054,2024-03-18,P003,Scalp Soothing Oil,Hair,3,8,28,0.0,Flagship Store,NYC,Dry
YUL-16055,2024-02-14,P002,Fermented Rice Serum,Skin,3,15,45,0.2,Olive Young,Tokyo,Oily
YUL-16056,2024-06-22,P003,Scalp Soothing Oil,Hair,2,8,28,0.0,Sephora,NYC,Sensitive
YUL-16057,2024-02-07,P004,Mugwort Essence,Skin,2,10,32,0.0,Sephora,London,Oily
YUL-16058,2025-10-04,P005,Ceramide Barrier Cream,Skin,3,14,42,0.2,Olive Young,Seoul,Combination
YUL-16059,2024-05-24,P005,Ceramide Barrier Cream,Skin,4,14,42,0.0,Sephora,NYC,Sensitive
YUL-16060,2025-08-23,P005,Ceramide Barrier Cream,Skin,1,14,42,0.2,Flagship Store,Tokyo,Combination
YUL-16061,2025-09-07,P004,Mugwort Essence,Skin,2,10,32,0.2,Olive Young,Seoul,Sensitive
YUL-16062,2024-07-25,P003,Scalp Soothing Oil,Hair,1,8,28,0.0,Olive Young,Seoul,Dry
YUL-16063,2024-09-29,P004,Mugwort Essence,Skin,2,10,32,0.25,Olive Young,Seoul,Dry
YUL-16064,2024-05-09,P004,Mugwort Essence,Skin,2,10,32,0.0,Online,Tokyo,Combination
YUL-16065,2025-07-27,P002,Fermented Rice Serum,Skin,3,15,45,0.25,Olive Young,London,Dry
YUL-16066,2024-08-02,P003,Scalp Soothing Oil,Hair,2,8,28,0.25,Olive Young,London,Dry
YUL-16067,2024-12-03,P002,Fermented Rice Serum,Skin,1,15,45,0.1,Olive Young,London,Combination
YUL-16068,2024-04-11,P001,Deep Sea Hair Mask,Hair,1,12,38,0.1,Flagship Store,London,Dry
YUL-16069,2024-04-30,P003,Scalp Soothing Oil,Hair,4,8,28,0.0,Sephora,London,Dry
YUL-16070,2024-05-31,P002,Fermented Rice Serum,Skin,2,15,45,0.25,Flagship Store,NYC,Sensitive
YUL-16071,2024-05-30,P001,Deep Sea Hair Mask,Hair,1,12,38,0.1,Olive Young,Tokyo,Dry
YUL-16072,2025-04-26,P001,Deep Sea Hair Mask,Hair,4,12,38,0.0,Flagship Store,Tokyo,Combination
YUL-16073,2025-04-10,P005,Ceramide Barrier Cream,Skin,3,14,42,0.2,Online,Seoul,Dry
YUL-16074,2025-09-15,P005,Ceramide Barrier Cream,Skin,2,14,42,0.1,Olive Young,Seoul,Dry
YUL-16075,2024-07-20,P003,Scalp Soothing Oil,Hair,3,8,28,0.2,Online,Seoul,Sensitive
YUL-16076,2025-01-03,P004,Mugwort Essence,Skin,1,10,32,0.2,Flagship Store,Tokyo,Combination
YUL-16077,2025-01-14,P002,Fermented Rice Serum,Skin,3,15,45,0.0,Flagship Store,Seoul,Combination
YUL-16078,2025-08-13,P005,Ceramide Barrier Cream,Skin,2,14,42,0.25,Olive Young,Tokyo,Oily
YUL-16079,2025-08-09,P002,Fermented Rice Serum,Skin,4,15,45,0.0,Flagship Store,Seoul,Combination
YUL-16080,2024-06-26,P003,Scalp Soothing Oil,Hair,2,8,28,0.0,Online,Tokyo,Combination
YUL-16081,2025-03-12,P002,Fermented Rice Serum,Skin,2,15,45,0.1,Olive Young,Tokyo,Oily
YUL-16082,2025-04-18,P005,Ceramide Barrier Cream,Skin,1,14,42,0.0,Sephora,NYC,Sensitive
YUL-16083,2025-12-03,P005,Ceramide Barrier Cream,Skin,4,14,42,0.0,Sephora,Seoul,Dry
YUL-16084,2025-07-23,P001,Deep Sea Hair Mask,Hair,4,12,38,0.0,Olive Young,London,Combination
YUL-16085,2024-03-04,P003,Scalp Soothing Oil,Hair,4,8,28,0.0,Online,London,Sensitive
YUL-16086,2024-07-24,P005,Ceramide Barrier Cream,Skin,2,14,42,0.1,Online,NYC,Combination
YUL-16087,2024-10-06,P003,Scalp Soothing Oil,Hair,2,8,28,0.0,Online,Tokyo,Dry
YUL-16088,2024-07-11,P005,Ceramide Barrier Cream,Skin,3,14,42,0.2,Olive Young,Seoul,Sensitive
YUL-16089,2025-05-03,P003,Scalp Soothing Oil,Hair,4,8,28,0.25,Online,NYC,Oily
YUL-16090,2025-10-09,P002,Fermented Rice Serum,Skin,3,15,45,0.0,Olive Young,Seoul,Combination
YUL-16091,2024-03-22,P004,Mugwort Essence,Skin,3,10,32,0.25,Flagship Store,Tokyo,Sensitive
YUL-16092,2025-03-27,P005,Ceramide Barrier Cream,Skin,3,14,42,0.1,Sephora,London,Combination
YUL-16093,2025-05-20,P004,Mugwort Essence,Skin,4,10,32,0.0,Olive Young,NYC,Oily
YUL-16094,2025-10-06,P002,Fermented Rice Serum,Skin,3,15,45,0.0,Online,NYC,Dry
YUL-16095,2025-01-14,P002,Fermented Rice Serum,Skin,2,15,45,0.25,Flagship Store,NYC,Dry
YUL-16096,2024-08-11,P004,Mugwort Essence,Skin,4,10,32,0.0,Online,Seoul,Sensitive
YUL-16097,2025-09-30,P001,Deep Sea Hair Mask,Hair,4,12,38,0.0,Olive Young,NYC,Oily
YUL-16098,2025-04-06,P001,Deep Sea Hair Mask,Hair,1,12,38,0.1,Online,NYC,Oily
YUL-16099,2024-01-21,P004,Mugwort Essence,Skin,4,10,32,0.0,Olive Young,NYC,Oily
YUL-16100,2024-09-28,P003,Scalp Soothing Oil,Hair,1,8,28,0.25,Online,Seoul,Sensitive
YUL-16101,2025-03-12,P005,Ceramide Barrier Cream,Skin,3,14,42,0.0,Online,NYC,Sensitive
YUL-16102,2024-05-10,P001,Deep Sea Hair Mask,Hair,2,12,38,0.1,Online,Seoul,Sensitive
YUL-16103,2024-09-19,P003,Scalp Soothing Oil,Hair,1,8,28,0.0,Online,NYC,Sensitive
YUL-16104,2024-11-08,P004,Mugwort Essence,Skin,3,10,32,0.2,Flagship Store,Seoul,Combination
YUL-16105,2024-02-13,P003,Scalp Soothing Oil,Hair,4,8,28,0.0,Online,London,Combination
YUL-16106,2025-02-20,P005,Ceramide Barrier Cream,Skin,2,14,42,0.0,Online,London,Combination
YUL-16107,2025-05-30,P004,Mugwort Essence,Skin,4,10,32,0.2,Sephora,NYC,Dry
YUL-16108,2024-02-10,P004,Mugwort Essence,Skin,3,10,32,0.0,Sephora,Seoul,Sensitive
YUL-16109,2024-07-10,P002,Fermented Rice Serum,Skin,3,15,45,0.0,Sephora,Tokyo,Oily
YUL-16110,2025-05-14,P001,Deep Sea Hair Mask,Hair,4,12,38,0.2,Sephora,Seoul,Dry
YUL-16111,2025-03-21,P001,Deep Sea Hair Mask,Hair,2,12,38,0.2,Online,London,Oily
YUL-16112,2024-07-09,P003,Scalp Soothing Oil,Hair,4,8,28,0.25,Olive Young,London,Oily
YUL-16113,2025-11-16,P001,Deep Sea Hair Mask,Hair,2,12,38,0.0,Olive Young,Tokyo,Dry
YUL-16114,2024-07-12,P005,Ceramide Barrier Cream,Skin,4,14,42,0.25,Online,Tokyo,Sensitive
YUL-16115,2024-01-29,P003,Scalp Soothing Oil,Hair,1,8,28,0.0,Online,London,Oily
YUL-16116,2024-07-22,P003,Scalp Soothing Oil,Hair,4,8,28,0.1,Sephora,Tokyo,Sensitive
YUL-16117,2025-06-13,P004,Mugwort Essence,Skin,4,10,32,0.2,Olive Young,NYC,Sensitive
YUL-16118,2025-09-24,P003,Scalp Soothing Oil,Hair,4,8,28,0.0,Olive Young,Seoul,Oily
YUL-16119,2024-07-29,P003,Scalp Soothing Oil,Hair,1,8,28,0.0,Sephora,Tokyo,Dry
YUL-16120,2025-09-13,P001,Deep Sea Hair Mask,Hair,4,12,38,0.0,Flagship Store,Seoul,Oily
YUL-16121,2024-09-13,P005,Ceramide Barrier Cream,Skin,4,14,42,0.2,Sephora,NYC,Combination
YUL-16122,2024-07-03,P001,Deep Sea Hair Mask,Hair,4,12,38,0.0,Olive Young,Tokyo,Dry
YUL-16123,2024-07-15,P003,Scalp Soothing Oil,Hair,2,8,28,0.0,Online,London,Combination
YUL-16124,2024-04-07,P001,Deep Sea Hair Mask,Hair,3,12,38,0.0,Sephora,Seoul,Combination
YUL-16125,2024-01-09,P005,Ceramide Barrier Cream,Skin,4,14,42,0.1,Sephora,London,Combination
YUL-16126,2024-02-07,P001,Deep Sea Hair Mask,Hair,3,12,38,0.25,Online,Seoul,Combination
YUL-16127,2024-11-10,P001,Deep Sea Hair Mask,Hair,4,12,38,0.25,Flagship Store,Tokyo,Sensitive
YUL-16128,2024-05-29,P003,Scalp Soothing Oil,Hair,3,8,28,0.0,Sephora,Tokyo,Dry
YUL-16129,2025-10-04,P003,Scalp Soothing Oil,Hair,3,8,28,0.25,Flagship Store,Seoul,Oily
YUL-16130,2024-09-19,P002,Fermented Rice Serum,Skin,1,15,45,0.25,Flagship Store,Seoul,Oily
YUL-16131,2024-05-12,P002,Fermented Rice Serum,Skin,2,15,45,0.0,Flagship Store,London,Sensitive
YUL-16132,2024-03-17,P005,Ceramide Barrier Cream,Skin,1,14,42,0.1,Olive Young,Tokyo,Combination
YUL-16133,2025-07-21,P001,Deep Sea Hair Mask,Hair,1,12,38,0.2,Online,London,Sensitive
YUL-16134,2024-01-06,P004,Mugwort Essence,Skin,4,10,32,0.25,Sephora,NYC,Combination
YUL-16135,2025-02-16,P005,Ceramide Barrier Cream,Skin,1,14,42,0.0,Online,Tokyo,Combination
YUL-16136,2024-08-30,P004,Mugwort Essence,Skin,2,10,32,0.0,Online,Seoul,Sensitive
YUL-16137,2025-10-27,P003,Scalp Soothing Oil,Hair,1,8,28,0.25,Flagship Store,NYC,Dry
YUL-16138,2024-11-24,P001,Deep Sea Hair Mask,Hair,1,12,38,0.2,Sephora,Tokyo,Sensitive
YUL-16139,2024-09-19,P003,Scalp Soothing Oil,Hair,4,8,28,0.0,Olive Young,Seoul,Dry
YUL-16140,2025-11-09,P003,Scalp Soothing Oil,Hair,2,8,28,0.0,Sephora,NYC,Oily
YUL-16141,2024-04-01,P002,Fermented Rice Serum,Skin,2,15,45,0.0,Online,London,Combination
YUL-16142,2025-09-25,P002,Fermented Rice Serum,Skin,4,15,45,0.2,Sephora,Tokyo,Dry
YUL-16143,2025-12-06,P002,Fermented Rice Serum,Skin,1,15,45,0.1,Online,London,Sensitive
YUL-16144,2024-11-01,P005,Ceramide Barrier Cream,Skin,2,14,42,0.0,Olive Young,Tokyo,Dry
YUL-16145,2025-02-11,P004,Mugwort Essence,Skin,4,10,32,0.25,Flagship Store,Seoul,Combination
YUL-16146,2024-06-20,P005,Ceramide Barrier Cream,Skin,3,14,42,0.1,Sephora,NYC,Dry
YUL-16147,2025-07-31,P002,Fermented Rice Serum,Skin,2,15,45,0.0,Sephora,NYC,Combination
YUL-16148,2025-09-15,P001,Deep Sea Hair Mask,Hair,2,12,38,0.0,Sephora,London,Dry
YUL-16149,2024-10-03,P001,Deep Sea Hair Mask,Hair,2,12,38,0.0,Olive Young,Seoul,Oily
YUL-16150,2025-03-10,P002,Fermented Rice Serum,Skin,1,15,45,0.0,Sephora,Seoul,Oily
YUL-16151,2025-06-20,P003,Scalp Soothing Oil,Hair,4,8,28,0.25,Online,Seoul,Combination
YUL-16152,2025-01-24,P001,Deep Sea Hair Mask,Hair,2,12,38,0.0,Flagship Store,London,Oily
YUL-16153,2025-12-15,P004,Mugwort Essence,Skin,3,10,32,0.0,Olive Young,London,Sensitive
YUL-16154,2024-04-29,P004,Mugwort Essence,Skin,2,10,32,0.0,Olive Young,NYC,Oily
YUL-16155,2025-05-17,P001,Deep Sea Hair Mask,Hair,1,12,38,0.1,Flagship Store,Tokyo,Sensitive
YUL-16156,2024-06-01,P005,Ceramide Barrier Cream,Skin,1,14,42,0.0,Sephora,London,Sensitive
YUL-16157,2025-06-14,P004,Mugwort Essence,Skin,3,10,32,0.0,Olive Young,London,Combination
YUL-16158,2024-05-19,P001,Deep Sea Hair Mask,Hair,3,12,38,0.0,Flagship Store,Seoul,Oily
YUL-16159,2025-09-26,P001,Deep Sea Hair Mask,Hair,3,12,38,0.2,Sephora,London,Sensitive
YUL-16160,2025-06-28,P002,Fermented Rice Serum,Skin,3,15,45,0.2,Flagship Store,London,Combination
YUL-16161,2025-03-21,P003,Scalp Soothing Oil,Hair,1,8,28,0.25,Sephora,Seoul,Combination
YUL-16162,2024-05-03,P002,Fermented Rice Serum,Skin,4,15,45,0.0,Online,London,Oily
YUL-16163,2025-11-20,P001,Deep Sea Hair Mask,Hair,2,12,38,0.1,Olive Young,London,Sensitive
YUL-16164,2024-08-15,P002,Fermented Rice Serum,Skin,1,15,45,0.0,Olive Young,Seoul,Oily
YUL-16165,2025-09-06,P003,Scalp Soothing Oil,Hair,2,8,28,0.25,Flagship Store,London,Combination
YUL-16166,2025-05-11,P004,Mugwort Essence,Skin,1,10,32,0.2,Sephora,Seoul,Oily
YUL-16167,2024-04-17,P004,Mugwort Essence,Skin,3,10,32,0.0,Flagship Store,Seoul,Sensitive
YUL-16168,2024-07-01,P004,Mugwort Essence,Skin,4,10,32,0.0,Flagship Store,Seoul,Dry
YUL-16169,2025-07-14,P004,Mugwort Essence,Skin,1,10,32,0.1,Online,NYC,Sensitive
YUL-16170,2024-07-01,P003,Scalp Soothing Oil,Hair,2,8,28,0.0,Flagship Store,NYC,Dry
YUL-16171,2025-03-15,P004,Mugwort Essence,Skin,3,10,32,0.0,Olive Young,NYC,Sensitive
YUL-16172,2024-10-19,P001,Deep Sea Hair Mask,Hair,2,12,38,0.25,Online,Seoul,Oily
YUL-16173,2024-07-07,P001,Deep Sea Hair Mask,Hair,1,12,38,0.25,Online,Seoul,Dry
YUL-16174,2024-06-30,P003,Scalp Soothing Oil,Hair,1,8,28,0.0,Olive Young,Tokyo,Combination
YUL-16175,2025-08-05,P005,Ceramide Barrier Cream,Skin,3,14,42,0.0,Sephora,NYC,Sensitive
YUL-16176,2025-08-18,P003,Scalp Soothing Oil,Hair,3,8,28,0.2,Sephora,Tokyo,Sensitive
YUL-16177,2025-12-15,P005,Ceramide Barrier Cream,Skin,1,14,42,0.1,Olive Young,Seoul,Oily
YUL-16178,2025-08-29,P003,Scalp Soothing Oil,Hair,2,8,28,0.0,Flagship Store,Tokyo,Oily
YUL-16179,2024-03-02,P004,Mugwort Essence,Skin,2,10,32,0.25,Sephora,Tokyo,Combination
YUL-16180,2024-05-01,P004,Mugwort Essence,Skin,3,10,32,0.0,Flagship Store,Seoul,Sensitive
YUL-16181,2024-11-11,P004,Mugwort Essence,Skin,4,10,32,0.1,Olive Young,Tokyo,Oily
YUL-16182,2024-06-29,P001,Deep Sea Hair Mask,Hair,4,12,38,0.0,Sephora,Tokyo,Dry
YUL-16183,2024-12-12,P005,Ceramide Barrier Cream,Skin,2,14,42,0.1,Online,Seoul,Sensitive
YUL-16184,2024-08-10,P002,Fermented Rice Serum,Skin,4,15,45,0.25,Online,London,Sensitive
YUL-16185,2025-11-02,P001,Deep Sea Hair Mask,Hair,4,12,38,0.1,Flagship Store,Tokyo,Oily
YUL-16186,2024-06-21,P003,Scalp Soothing Oil,Hair,4,8,28,0.0,Flagship Store,Tokyo,Oily
YUL-16187,2024-12-30,P005,Ceramide Barrier Cream,Skin,2,14,42,0.1,Olive Young,NYC,Oily
YUL-16188,2025-12-26,P003,Scalp Soothing Oil,Hair,1,8,28,0.0,Sephora,London,Oily
YUL-16189,2024-02-02,P004,Mugwort Essence,Skin,3,10,32,0.2,Olive Young,London,Combination
YUL-16190,2025-08-05,P001,Deep Sea Hair Mask,Hair,3,12,38,0.1,Olive Young,Seoul,Dry
YUL-16191,2025-01-02,P003,Scalp Soothing Oil,Hair,4,8,28,0.0,Olive Young,Seoul,Dry
YUL-16192,2024-08-02,P003,Scalp Soothing Oil,Hair,1,8,28,0.25,Flagship Store,NYC,Sensitive
YUL-16193,2024-11-19,P003,Scalp Soothing Oil,Hair,3,8,28,0.2,Sephora,London,Oily
YUL-16194,2025-07-30,P004,Mugwort Essence,Skin,4,10,32,0.25,Sephora,London,Sensitive
YUL-16195,2024-09-24,P002,Fermented Rice Serum,Skin,2,15,45,0.1,Online,Tokyo,Dry
YUL-16196,2024-05-09,P002,Fermented Rice Serum,Skin,2,15,45,0.25,Online,Tokyo,Oily
YUL-16197,2024-12-25,P004,Mugwort Essence,Skin,4,10,32,0.0,Flagship Store,Tokyo,Dry
YUL-16198,2025-08-16,P002,Fermented Rice Serum,Skin,4,15,45,0.0,Sephora,NYC,Sensitive
YUL-16199,2024-11-30,P005,Ceramide Barrier Cream,Skin,1,14,42,0.25,Online,Tokyo,Oily
YUL-16200,2024-02-26,P005,Ceramide Barrier Cream,Skin,2,14,42,0.2,Online,Seoul,Sensitive
YUL-16201,2024-02-04,P005,Ceramide Barrier Cream,Skin,4,14,42,0.0,Sephora,Seoul,Dry
YUL-16202,2024-07-04,P005,Ceramide Barrier Cream,Skin,4,14,42,0.0,Sephora,London,Oily
YUL-16203,2024-02-14,P003,Scalp Soothing Oil,Hair,2,8,28,0.0,Flagship Store,London,Oily
YUL-16204,2025-09-17,P002,Fermented Rice Serum,Skin,3,15,45,0.2,Flagship Store,London,Oily
YUL-16205,2024-01-17,P004,Mugwort Essence,Skin,4,10,32,0.0,Olive Young,London,Combination
YUL-16206,2024-08-15,P002,Fermented Rice Serum,Skin,4,15,45,0.25,Flagship Store,Seoul,Sensitive
YUL-16207,2025-12-24,P001,Deep Sea Hair Mask,Hair,4,12,38,0.2,Sephora,Seoul,Combination
YUL-16208,2025-12-18,P001,Deep Sea Hair Mask,Hair,3,12,38,0.0,Olive Young,NYC,Dry
YUL-16209,2024-06-24,P003,Scalp Soothing Oil,Hair,2,8,28,0.0,Olive Young,Seoul,Oily
YUL-16210,2024-12-18,P001,Deep Sea Hair Mask,Hair,3,12,38,0.1,Flagship Store,Seoul,Sensitive
YUL-16211,2025-08-25,P003,Scalp Soothing Oil,Hair,2,8,28,0.0,Olive Young,Seoul,Oily
YUL-16212,2025-09-19,P004,Mugwort Essence,Skin,1,10,32,0.1,Flagship Store,NYC,Oily
YUL-16213,2024-01-25,P002,Fermented Rice Serum,Skin,2,15,45,0.0,Sephora,NYC,Sensitive
YUL-16214,2024-01-29,P001,Deep Sea Hair Mask,Hair,1,12,38,0.0,Online,NYC,Sensitive
YUL-16215,2025-11-02,P005,Ceramide Barrier Cream,Skin,4,14,42,0.0,Olive Young,Tokyo,Sensitive
YUL-16216,2024-03-09,P002,Fermented Rice Serum,Skin,3,15,45,0.1,Online,London,Combination
YUL-16217,2025-04-26,P003,Scalp Soothing Oil,Hair,4,8,28,0.1,Flagship Store,London,Oily
YUL-16218,2025-11-12,P002,Fermented Rice Serum,Skin,3,15,45,0.0,Olive Young,Tokyo,Dry
YUL-16219,2024-03-01,P005,Ceramide Barrier Cream,Skin,4,14,42,0.0,Flagship Store,London,Combination
YUL-16220,2025-08-01,P004,Mugwort Essence,Skin,2,10,32,0.2,Sephora,Tokyo,Sensitive
YUL-16221,2024-02-08,P004,Mugwort Essence,Skin,2,10,32,0.0,Online,NYC,Dry
YUL-16222,2024-10-01,P004,Mugwort Essence,Skin,1,10,32,0.2,Sephora,NYC,Combination
YUL-16223,2025-03-21,P001,Deep Sea Hair Mask,Hair,3,12,38,0.2,Flagship Store,Seoul,Combination
YUL-16224,2024-09-07,P001,Deep Sea Hair Mask,Hair,2,12,38,0.2,Flagship Store,Seoul,Sensitive
YUL-16225,2025-12-13,P003,Scalp Soothing Oil,Hair,1,8,28,0.1,Flagship Store,London,Oily
YUL-16226,2025-01-10,P001,Deep Sea Hair Mask,Hair,3,12,38,0.0,Sephora,London,Sensitive
YUL-16227,2024-02-04,P005,Ceramide Barrier Cream,Skin,2,14,42,0.0,Sephora,Seoul,Dry
YUL-16228,2025-11-26,P005,Ceramide Barrier Cream,Skin,4,14,42,0.25,Online,London,Dry
YUL-16229,2025-02-10,P001,Deep Sea Hair Mask,Hair,2,12,38,0.0,Online,Tokyo,Oily
YUL-16230,2024-04-15,P003,Scalp Soothing Oil,Hair,4,8,28,0.2,Online,Seoul,Combination
YUL-16231,2024-02-07,P002,Fermented Rice Serum,Skin,2,15,45,0.25,Flagship Store,NYC,Oily
YUL-16232,2025-09-08,P005,Ceramide Barrier Cream,Skin,4,14,42,0.0,Sephora,NYC,Combination
YUL-16233,2024-12-08,P002,Fermented Rice Serum,Skin,2,15,45,0.25,Online,NYC,Combination
YUL-16234,2024-06-15,P004,Mugwort Essence,Skin,3,10,32,0.0,Olive Young,NYC,Dry
YUL-16235,2024-03-17,P001,Deep Sea Hair Mask,Hair,4,12,38,0.0,Olive Young,Tokyo,Dry
YUL-16236,2025-02-11,P001,Deep Sea Hair Mask,Hair,1,12,38,0.2,Flagship Store,NYC,Dry
YUL-16237,2025-11-13,P004,Mugwort Essence,Skin,4,10,32,0.2,Olive Young,NYC,Sensitive
YUL-16238,2025-11-22,P001,Deep Sea Hair Mask,Hair,4,12,38,0.0,Olive Young,London,Sensitive
YUL-16239,2025-11-06,P002,Fermented Rice Serum,Skin,1,15,45,0.25,Sephora,Seoul,Combination
YUL-16240,2024-05-02,P001,Deep Sea Hair Mask,Hair,4,12,38,0.2,Olive Young,Tokyo,Sensitive
YUL-16241,2024-07-25,P005,Ceramide Barrier Cream,Skin,1,14,42,0.1,Online,NYC,Combination
YUL-16242,2025-08-25,P004,Mugwort Essence,Skin,4,10,32,0.0,Sephora,London,Sensitive
YUL-16243,2025-11-17,P005,Ceramide Barrier Cream,Skin,2,14,42,0.0,Online,Seoul,Oily
YUL-16244,2024-10-21,P005,Ceramide Barrier Cream,Skin,4,14,42,0.2,Flagship Store,NYC,Sensitive
YUL-16245,2024-07-05,P003,Scalp Soothing Oil,Hair,3,8,28,0.0,Flagship Store,NYC,Oily
YUL-16246,2025-05-26,P001,Deep Sea Hair Mask,Hair,3,12,38,0.0,Sephora,London,Sensitive
YUL-16247,2025-12-29,P005,Ceramide Barrier Cream,Skin,2,14,42,0.25,Olive Young,Tokyo,Dry
YUL-16248,2024-04-03,P003,Scalp Soothing Oil,Hair,1,8,28,0.0,Flagship Store,NYC,Sensitive
YUL-16249,2025-03-19,P002,Fermented Rice Serum,Skin,3,15,45,0.2,Olive Young,NYC,Oily
YUL-16250,2024-02-12,P005,Ceramide Barrier Cream,Skin,4,14,42,0.2,Olive Young,Seoul,Combination
YUL-16251,2024-01-17,P004,Mugwort Essence,Skin,2,10,32,0.0,Online,NYC,Sensitive
YUL-16252,2025-10-30,P001,Deep Sea Hair Mask,Hair,2,12,38,0.2,Sephora,London,Combination
YUL-16253,2025-06-06,P002,Fermented Rice Serum,Skin,1,15,45,0.1,Flagship Store,London,Combination
YUL-16254,2024-12-27,P002,Fermented Rice Serum,Skin,4,15,45,0.0,Online,Tokyo,Oily
YUL-16255,2024-12-24,P005,Ceramide Barrier Cream,Skin,2,14,42,0.1,Online,London,Dry
YUL-16256,2025-07-26,P005,Ceramide Barrier Cream,Skin,2,14,42,0.0,Sephora,London,Combination
YUL-16257,2024-07-02,P004,Mugwort Essence,Skin,1,10,32,0.0,Olive Young,London,Sensitive
YUL-16258,2024-10-04,P001,Deep Sea Hair Mask,Hair,3,12,38,0.1,Flagship Store,Seoul,Combination
YUL-16259,2025-09-26,P002,Fermented Rice Serum,Skin,2,15,45,0.0,Olive Young,Tokyo,Oily
YUL-16260,2024-04-29,P002,Fermented Rice Serum,Skin,3,15,45,0.0,Online,NYC,Sensitive
YUL-16261,2025-10-09,P002,Fermented Rice Serum,Skin,1,15,45,0.0,Online,Seoul,Sensitive
YUL-16262,2025-06-18,P004,Mugwort Essence,Skin,4,10,32,0.25,Online,Tokyo,Sensitive
YUL-16263,2024-12-02,P003,Scalp Soothing Oil,Hair,4,8,28,0.2,Sephora,Tokyo,Oily
YUL-16264,2024-05-22,P004,Mugwort Essence,Skin,3,10,32,0.0,Online,London,Dry
YUL-16265,2025-09-05,P004,Mugwort Essence,Skin,4,10,32,0.2,Online,London,Sensitive
YUL-16266,2024-07-09,P004,Mugwort Essence,Skin,4,10,32,0.2,Online,London,Combination
YUL-16267,2025-09-12,P004,Mugwort Essence,Skin,4,10,32,0.25,Flagship Store,Tokyo,Combination
YUL-16268,2025-08-09,P003,Scalp Soothing Oil,Hair,4,8,28,0.0,Sephora,NYC,Sensitive
YUL-16269,2024-09-01,P003,Scalp Soothing Oil,Hair,4,8,28,0.2,Online,NYC,Oily
YUL-16270,2024-06-21,P001,Deep Sea Hair Mask,Hair,2,12,38,0.25,Sephora,Seoul,Dry
YUL-16271,2025-02-24,P005,Ceramide Barrier Cream,Skin,4,14,42,0.0,Olive Young,Tokyo,Oily
YUL-16272,2024-12-04,P005,Ceramide Barrier Cream,Skin,1,14,42,0.0,Olive Young,Tokyo,Combination
YUL-16273,2024-08-22,P005,Ceramide Barrier Cream,Skin,3,14,42,0.0,Olive Young,Tokyo,Dry
YUL-16274,2024-01-17,P002,Fermented Rice Serum,Skin,1,15,45,0.0,Flagship Store,London,Oily
YUL-16275,2025-02-14,P001,Deep Sea Hair Mask,Hair,2,12,38,0.0,Olive Young,NYC,Dry
YUL-16276,2024-12-30,P003,Scalp Soothing Oil,Hair,1,8,28,0.25,Sephora,Seoul,Dry
YUL-16277,2024-07-17,P005,Ceramide Barrier Cream,Skin,2,14,42,0.2,Online,London,Combination
YUL-16278,2025-02-25,P002,Fermented Rice Serum,Skin,2,15,45,0.0,Online,London,Oily
YUL-16279,2025-04-20,P004,Mugwort Essence,Skin,1,10,32,0.0,Olive Young,Seoul,Combination
YUL-16280,2024-06-28,P005,Ceramide Barrier Cream,Skin,3,14,42,0.0,Sephora,Seoul,Oily
YUL-16281,2024-05-11,P003,Scalp Soothing Oil,Hair,4,8,28,0.0,Sephora,Tokyo,Dry
YUL-16282,2024-08-19,P004,Mugwort Essence,Skin,4,10,32,0.1,Online,London,Dry
YUL-16283,2025-06-10,P002,Fermented Rice Serum,Skin,1,15,45,0.0,Flagship Store,Seoul,Sensitive
YUL-16284,2024-09-22,P004,Mugwort Essence,Skin,3,10,32,0.0,Online,Tokyo,Sensitive
YUL-16285,2024-09-02,P003,Scalp Soothing Oil,Hair,4,8,28,0.1,Online,NYC,Dry
YUL-16286,2025-08-15,P005,Ceramide Barrier Cream,Skin,1,14,42,0.1,Sephora,Tokyo,Combination
YUL-16287,2025-06-20,P001,Deep Sea Hair Mask,Hair,2,12,38,0.0,Online,NYC,Oily
YUL-16288,2025-08-25,P001,Deep Sea Hair Mask,Hair,1,12,38,0.25,Sephora,Seoul,Sensitive
YUL-16289,2024-10-22,P001,Deep Sea Hair Mask,Hair,1,12,38,0.1,Sephora,London,Dry
YUL-16290,2025-10-21,P005,Ceramide Barrier Cream,Skin,2,14,42,0.0,Olive Young,NYC,Dry
YUL-16291,2024-04-03,P005,Ceramide Barrier Cream,Skin,4,14,42,0.0,Olive Young,Tokyo,Sensitive
YUL-16292,2025-02-13,P002,Fermented Rice Serum,Skin,3,15,45,0.25,Online,Seoul,Oily
YUL-16293,2024-03-28,P005,Ceramide Barrier Cream,Skin,4,14,42,0.2,Sephora,London,Dry
YUL-16294,2024-01-27,P004,Mugwort Essence,Skin,3,10,32,0.0,Online,Tokyo,Sensitive
YUL-16295,2025-06-03,P004,Mugwort Essence,Skin,4,10,32,0.0,Online,NYC,Sensitive
YUL-16296,2024-11-29,P003,Scalp Soothing Oil,Hair,2,8,28,0.1,Sephora,Seoul,Oily
YUL-16297,2025-08-09,P005,Ceramide Barrier Cream,Skin,2,14,42,0.0,Sephora,London,Combination
YUL-16298,2024-11-28,P003,Scalp Soothing Oil,Hair,1,8,28,0.2,Olive Young,NYC,Oily
YUL-16299,2024-08-10,P003,Scalp Soothing Oil,Hair,1,8,28,0.25,Olive Young,Seoul,Sensitive
YUL-16300,2024-02-17,P004,Mugwort Essence,Skin,3,10,32,0.0,Flagship Store,NYC,Combination
YUL-16301,2024-01-02,P003,Scalp Soothing Oil,Hair,1,8,28,0.25,Olive Young,Seoul,Dry
YUL-16302,2024-09-05,P005,Ceramide Barrier Cream,Skin,4,14,42,0.1,Sephora,Tokyo,Oily
YUL-16303,2025-12-12,P002,Fermented Rice Serum,Skin,4,15,45,0.25,Olive Young,London,Oily
YUL-16304,2024-11-26,P002,Fermented Rice Serum,Skin,1,15,45,0.1,Flagship Store,London,Sensitive
YUL-16305,2025-01-31,P004,Mugwort Essence,Skin,2,10,32,0.1,Sephora,NYC,Oily
YUL-16306,2025-07-17,P001,Deep Sea Hair Mask,Hair,3,12,38,0.0,Olive Young,NYC,Dry
YUL-16307,2024-03-11,P003,Scalp Soothing Oil,Hair,4,8,28,0.2,Sephora,London,Dry
YUL-16308,2025-01-19,P001,Deep Sea Hair Mask,Hair,4,12,38,0.2,Online,NYC,Oily
YUL-16309,2024-12-29,P004,Mugwort Essence,Skin,4,10,32,0.0,Olive Young,NYC,Combination
YUL-16310,2025-06-07,P005,Ceramide Barrier Cream,Skin,3,14,42,0.0,Sephora,Tokyo,Sensitive
YUL-16311,2024-06-11,P003,Scalp Soothing Oil,Hair,1,8,28,0.0,Flagship Store,NYC,Oily
YUL-16312,2025-10-10,P001,Deep Sea Hair Mask,Hair,1,12,38,0.0,Flagship Store,Seoul,Combination
YUL-16313,2025-10-11,P004,Mugwort Essence,Skin,4,10,32,0.0,Flagship Store,NYC,Sensitive
YUL-16314,2025-06-27,P001,Deep Sea Hair Mask,Hair,3,12,38,0.0,Olive Young,Seoul,Dry
YUL-16315,2025-02-28,P004,Mugwort Essence,Skin,1,10,32,0.1,Flagship Store,London,Combination
YUL-16316,2025-09-01,P001,Deep Sea Hair Mask,Hair,3,12,38,0.25,Olive Young,NYC,Dry
YUL-16317,2024-10-08,P003,Scalp Soothing Oil,Hair,3,8,28,0.2,Olive Young,Tokyo,Sensitive
YUL-16318,2024-04-13,P004,Mugwort Essence,Skin,2,10,32,0.1,Sephora,NYC,Combination
YUL-16319,2024-12-06,P004,Mugwort Essence,Skin,3,10,32,0.25,Online,London,Sensitive
YUL-16320,2024-12-19,P002,Fermented Rice Serum,Skin,3,15,45,0.0,Olive Young,NYC,Dry
YUL-16321,2024-07-11,P005,Ceramide Barrier Cream,Skin,4,14,42,0.0,Flagship Store,Seoul,Sensitive
YUL-16322,2025-06-12,P001,Deep Sea Hair Mask,Hair,1,12,38,0.2,Flagship Store,Seoul,Oily
YUL-16323,2024-10-14,P005,Ceramide Barrier Cream,Skin,3,14,42,0.25,Sephora,Tokyo,Sensitive
YUL-16324,2025-05-23,P001,Deep Sea Hair Mask,Hair,3,12,38,0.2,Flagship Store,Seoul,Dry
YUL-16325,2024-10-03,P001,Deep Sea Hair Mask,Hair,3,12,38,0.0,Sephora,Seoul,Dry
YUL-16326,2024-08-18,P003,Scalp Soothing Oil,Hair,2,8,28,0.25,Flagship Store,Tokyo,Oily
YUL-16327,2024-08-24,P003,Scalp Soothing Oil,Hair,3,8,28,0.2,Online,NYC,Sensitive
YUL-16328,2025-01-15,P004,Mugwort Essence,Skin,2,10,32,0.1,Online,NYC,Combination
YUL-16329,2024-04-18,P002,Fermented Rice Serum,Skin,2,15,45,0.1,Olive Young,London,Combination
YUL-16330,2025-01-26,P002,Fermented Rice Serum,Skin,1,15,45,0.0,Flagship Store,NYC,Oily
YUL-16331,2025-05-21,P004,Mugwort Essence,Skin,4,10,32,0.25,Online,London,Combination
YUL-16332,2024-01-28,P002,Fermented Rice Serum,Skin,4,15,45,0.0,Olive Young,NYC,Oily
YUL-16333,2024-06-22,P002,Fermented Rice Serum,Skin,4,15,45,0.0,Sephora,Tokyo,Sensitive
YUL-16334,2024-02-28,P004,Mugwort Essence,Skin,3,10,32,0.0,Sephora,NYC,Dry
YUL-16335,2025-11-05,P004,Mugwort Essence,Skin,1,10,32,0.25,Olive Young,Tokyo,Oily
YUL-16336,2025-04-14,P004,Mugwort Essence,Skin,1,10,32,0.0,Olive Young,London,Oily
YUL-16337,2025-07-09,P005,Ceramide Barrier Cream,Skin,4,14,42,0.1,Sephora,London,Sensitive
YUL-16338,2025-11-06,P002,Fermented Rice Serum,Skin,2,15,45,0.0,Olive Young,Tokyo,Oily
YUL-16339,2024-11-06,P005,Ceramide Barrier Cream,Skin,4,14,42,0.1,Online,London,Combination
YUL-16340,2024-05-26,P001,Deep Sea Hair Mask,Hair,2,12,38,0.25,Sephora,London,Dry
YUL-16341,2024-10-27,P005,Ceramide Barrier Cream,Skin,3,14,42,0.0,Flagship Store,Tokyo,Dry
YUL-16342,2025-11-09,P001,Deep Sea Hair Mask,Hair,3,12,38,0.0,Flagship Store,NYC,Oily
YUL-16343,2024-05-01,P002,Fermented Rice Serum,Skin,3,15,45,0.25,Online,Tokyo,Sensitive
YUL-16344,2025-02-12,P001,Deep Sea Hair Mask,Hair,1,12,38,0.0,Sephora,NYC,Combination
YUL-16345,2025-06-26,P003,Scalp Soothing Oil,Hair,4,8,28,0.25,Olive Young,Seoul,Combination
YUL-16346,2025-12-25,P001,Deep Sea Hair Mask,Hair,4,12,38,0.0,Sephora,London,Dry
YUL-16347,2024-03-04,P003,Scalp Soothing Oil,Hair,1,8,28,0.0,Olive Young,NYC,Oily
YUL-16348,2024-12-25,P004,Mugwort Essence,Skin,2,10,32,0.0,Flagship Store,Seoul,Oily
YUL-16349,2025-06-28,P001,Deep Sea Hair Mask,Hair,1,12,38,0.0,Flagship Store,Seoul,Sensitive
YUL-16350,2025-10-08,P001,Deep Sea Hair Mask,Hair,3,12,38,0.2,Flagship Store,London,Combination
YUL-16351,2024-02-11,P001,Deep Sea Hair Mask,Hair,3,12,38,0.0,Olive Young,Tokyo,Oily
YUL-16352,2024-09-18,P005,Ceramide Barrier Cream,Skin,4,14,42,0.0,Flagship Store,NYC,Oily
YUL-16353,2024-10-19,P004,Mugwort Essence,Skin,4,10,32,0.1,Sephora,London,Combination
YUL-16354,2025-11-04,P005,Ceramide Barrier Cream,Skin,2,14,42,0.0,Flagship Store,Seoul,Dry
YUL-16355,2025-02-21,P004,Mugwort Essence,Skin,2,10,32,0.0,Online,NYC,Oily
YUL-16356,2025-09-12,P004,Mugwort Essence,Skin,2,10,32,0.0,Olive Young,Seoul,Sensitive
YUL-16357,2024-12-30,P003,Scalp Soothing Oil,Hair,3,8,28,0.1,Sephora,Seoul,Oily
YUL-16358,2024-10-08,P001,Deep Sea Hair Mask,Hair,1,12,38,0.25,Online,Tokyo,Sensitive
YUL-16359,2025-09-27,P004,Mugwort Essence,Skin,2,10,32,0.0,Online,London,Combination
YUL-16360,2025-10-15,P002,Fermented Rice Serum,Skin,2,15,45,0.2,Online,London,Oily
YUL-16361,2024-10-22,P004,Mugwort Essence,Skin,2,10,32,0.25,Flagship Store,Seoul,Sensitive
YUL-16362,2025-04-07,P004,Mugwort Essence,Skin,3,10,32,0.0,Online,Tokyo,Sensitive
YUL-16363,2024-05-02,P003,Scalp Soothing Oil,Hair,4,8,28,0.0,Sephora,London,Dry
YUL-16364,2025-10-10,P002,Fermented Rice Serum,Skin,1,15,45,0.0,Flagship Store,London,Dry
YUL-16365,2025-07-16,P002,Fermented Rice Serum,Skin,3,15,45,0.1,Olive Young,Seoul,Sensitive
YUL-16366,2024-12-03,P002,Fermented Rice Serum,Skin,2,15,45,0.0,Flagship Store,Seoul,Oily
YUL-16367,2024-12-01,P004,Mugwort Essence,Skin,1,10,32,0.25,Online,Seoul,Dry
YUL-16368,2024-02-08,P005,Ceramide Barrier Cream,Skin,3,14,42,0.0,Flagship Store,Tokyo,Dry
YUL-16369,2025-06-04,P003,Scalp Soothing Oil,Hair,3,8,28,0.0,Olive Young,Tokyo,Combination
YUL-16370,2024-06-05,P005,Ceramide Barrier Cream,Skin,1,14,42,0.1,Olive Young,London,Dry
YUL-16371,2025-07-16,P005,Ceramide Barrier Cream,Skin,3,14,42,0.0,Olive Young,Seoul,Sensitive
YUL-16372,2024-06-01,P002,Fermented Rice Serum,Skin,4,15,45,0.0,Online,Seoul,Combination
YUL-16373,2025-07-08,P005,Ceramide Barrier Cream,Skin,2,14,42,0.0,Olive Young,Seoul,Combination
YUL-16374,2025-05-12,P004,Mugwort Essence,Skin,4,10,32,0.1,Sephora,NYC,Sensitive
YUL-16375,2024-01-27,P003,Scalp Soothing Oil,Hair,3,8,28,0.1,Olive Young,Seoul,Dry
YUL-16376,2024-05-11,P005,Ceramide Barrier Cream,Skin,4,14,42,0.0,Online,London,Sensitive
YUL-16377,2025-04-07,P004,Mugwort Essence,Skin,2,10,32,0.0,Olive Young,London,Oily
YUL-16378,2024-05-23,P001,Deep Sea Hair Mask,Hair,1,12,38,0.1,Flagship Store,Seoul,Dry
YUL-16379,2025-06-03,P003,Scalp Soothing Oil,Hair,3,8,28,0.0,Olive Young,NYC,Sensitive
YUL-16380,2024-01-16,P005,Ceramide Barrier Cream,Skin,2,14,42,0.0,Flagship Store,Seoul,Oily
YUL-16381,2024-11-15,P001,Deep Sea Hair Mask,Hair,4,12,38,0.0,Sephora,Seoul,Oily
YUL-16382,2024-04-20,P002,Fermented Rice Serum,Skin,3,15,45,0.0,Olive Young,London,Oily
YUL-16383,2025-01-05,P004,Mugwort Essence,Skin,3,10,32,0.0,Online,NYC,Combination
YUL-16384,2024-07-21,P002,Fermented Rice Serum,Skin,4,15,45,0.2,Sephora,London,Combination
YUL-16385,2024-12-23,P001,Deep Sea Hair Mask,Hair,3,12,38,0.1,Flagship Store,NYC,Dry
YUL-16386,2024-06-20,P002,Fermented Rice Serum,Skin,3,15,45,0.0,Online,NYC,Dry
YUL-16387,2024-09-02,P001,Deep Sea Hair Mask,Hair,4,12,38,0.0,Online,Tokyo,Sensitive
YUL-16388,2025-08-18,P005,Ceramide Barrier Cream,Skin,1,14,42,0.2,Flagship Store,Seoul,Sensitive
YUL-16389,2025-10-14,P004,Mugwort Essence,Skin,1,10,32,0.25,Flagship Store,London,Combination
YUL-16390,2024-12-25,P005,Ceramide Barrier Cream,Skin,3,14,42,0.2,Online,NYC,Dry
YUL-16391,2024-11-01,P005,Ceramide Barrier Cream,Skin,2,14,42,0.2,Online,Seoul,Sensitive
YUL-16392,2025-04-13,P001,Deep Sea Hair Mask,Hair,4,12,38,0.25,Online,Tokyo,Combination
YUL-16393,2024-01-06,P003,Scalp Soothing Oil,Hair,3,8,28,0.0,Olive Young,Seoul,Oily
YUL-16394,2024-01-31,P002,Fermented Rice Serum,Skin,3,15,45,0.25,Flagship Store,Tokyo,Oily
YUL-16395,2025-09-16,P005,Ceramide Barrier Cream,Skin,3,14,42,0.2,Olive Young,NYC,Combination
YUL-16396,2025-09-04,P005,Ceramide Barrier Cream,Skin,4,14,42,0.0,Flagship Store,NYC,Dry
YUL-16397,2024-11-03,P001,Deep Sea Hair Mask,Hair,1,12,38,0.0,Sephora,Seoul,Combination
YUL-16398,2024-05-04,P004,Mugwort Essence,Skin,3,10,32,0.1,Sephora,London,Sensitive
YUL-16399,2025-10-03,P004,Mugwort Essence,Skin,3,10,32,0.0,Olive Young,NYC,Combination
YUL-16400,2024-09-08,P002,Fermented Rice Serum,Skin,2,15,45,0.0,Online,NYC,Sensitive
YUL-16401,2025-07-15,P003,Scalp Soothing Oil,Hair,4,8,28,0.2,Sephora,NYC,Oily
YUL-16402,2025-02-12,P005,Ceramide Barrier Cream,Skin,1,14,42,0.0,Sephora,Seoul,Sensitive
YUL-16403,2025-06-25,P001,Deep Sea Hair Mask,Hair,3,12,38,0.1,Flagship Store,Seoul,Sensitive
YUL-16404,2025-10-22,P004,Mugwort Essence,Skin,3,10,32,0.2,Sephora,London,Combination
YUL-16405,2025-11-12,P003,Scalp Soothing Oil,Hair,4,8,28,0.1,Sephora,London,Oily
YUL-16406,2025-04-12,P003,Scalp Soothing Oil,Hair,4,8,28,0.0,Online,London,Dry
YUL-16407,2024-06-04,P004,Mugwort Essence,Skin,3,10,32,0.0,Online,Tokyo,Dry
YUL-16408,2024-10-06,P001,Deep Sea Hair Mask,Hair,4,12,38,0.0,Online,Seoul,Dry
YUL-16409,2025-03-04,P002,Fermented Rice Serum,Skin,1,15,45,0.1,Flagship Store,Tokyo,Sensitive
YUL-16410,2025-02-24,P004,Mugwort Essence,Skin,4,10,32,0.2,Flagship Store,Seoul,Dry
YUL-16411,2024-11-11,P002,Fermented Rice Serum,Skin,1,15,45,0.1,Flagship Store,Tokyo,Combination
YUL-16412,2025-06-21,P005,Ceramide Barrier Cream,Skin,4,14,42,0.0,Olive Young,London,Dry
YUL-16413,2025-03-05,P001,Deep Sea Hair Mask,Hair,2,12,38,0.2,Online,Tokyo,Oily
YUL-16414,2025-12-14,P004,Mugwort Essence,Skin,1,10,32,0.25,Online,Seoul,Oily
YUL-16415,2025-12-23,P003,Scalp Soothing Oil,Hair,4,8,28,0.0,Olive Young,London,Dry
YUL-16416,2025-02-22,P003,Scalp Soothing Oil,Hair,4,8,28,0.2,Online,Tokyo,Dry
YUL-16417,2025-06-03,P001,Deep Sea Hair Mask,Hair,4,12,38,0.0,Online,Tokyo,Dry
YUL-16418,2025-05-16,P002,Fermented Rice Serum,Skin,4,15,45,0.25,Flagship Store,Tokyo,Dry
YUL-16419,2025-10-24,P005,Ceramide Barrier Cream,Skin,4,14,42,0.0,Olive Young,NYC,Combination
YUL-16420,2025-09-01,P004,Mugwort Essence,Skin,4,10,32,0.25,Sephora,London,Oily
YUL-16421,2024-09-29,P005,Ceramide Barrier Cream,Skin,2,14,42,0.0,Olive Young,NYC,Dry
YUL-16422,2024-08-23,P002,Fermented Rice Serum,Skin,2,15,45,0.25,Sephora,Tokyo,Combination
YUL-16423,2025-02-25,P002,Fermented Rice Serum,Skin,4,15,45,0.0,Online,Tokyo,Sensitive
YUL-16424,2025-01-24,P002,Fermented Rice Serum,Skin,4,15,45,0.0,Online,Tokyo,Combination
YUL-16425,2025-07-05,P002,Fermented Rice Serum,Skin,2,15,45,0.0,Sephora,NYC,Sensitive
YUL-16426,2024-03-29,P002,Fermented Rice Serum,Skin,4,15,45,0.25,Online,London,Combination
YUL-16427,2025-01-23,P001,Deep Sea Hair Mask,Hair,4,12,38,0.1,Sephora,NYC,Dry
YUL-16428,2024-11-01,P003,Scalp Soothing Oil,Hair,4,8,28,0.0,Sephora,Seoul,Dry
YUL-16429,2025-07-22,P005,Ceramide Barrier Cream,Skin,1,14,42,0.0,Flagship Store,NYC,Combination
YUL-16430,2024-05-27,P005,Ceramide Barrier Cream,Skin,4,14,42,0.25,Online,London,Dry
YUL-16431,2024-02-03,P004,Mugwort Essence,Skin,4,10,32,0.0,Flagship Store,NYC,Dry
YUL-16432,2025-09-22,P003,Scalp Soothing Oil,Hair,4,8,28,0.1,Online,London,Combination
YUL-16433,2024-09-29,P005,Ceramide Barrier Cream,Skin,2,14,42,0.1,Olive Young,Tokyo,Sensitive
YUL-16434,2025-11-22,P005,Ceramide Barrier Cream,Skin,3,14,42,0.0,Sephora,London,Oily
YUL-16435,2024-01-25,P002,Fermented Rice Serum,Skin,4,15,45,0.2,Flagship Store,Tokyo,Dry
YUL-16436,2025-11-16,P005,Ceramide Barrier Cream,Skin,4,14,42,0.0,Sephora,Tokyo,Oily
YUL-16437,2024-02-14,P004,Mugwort Essence,Skin,4,10,32,0.25,Olive Young,NYC,Sensitive
YUL-16438,2025-10-03,P001,Deep Sea Hair Mask,Hair,3,12,38,0.0,Olive Young,Tokyo,Oily
YUL-16439,2025-09-09,P003,Scalp Soothing Oil,Hair,3,8,28,0.0,Sephora,NYC,Sensitive
YUL-16440,2024-07-12,P001,Deep Sea Hair Mask,Hair,2,12,38,0.0,Sephora,Tokyo,Oily
YUL-16441,2025-09-06,P005,Ceramide Barrier Cream,Skin,3,14,42,0.2,Flagship Store,London,Combination
YUL-16442,2025-11-26,P005,Ceramide Barrier Cream,Skin,4,14,42,0.0,Flagship Store,Tokyo,Dry
YUL-16443,2024-03-16,P005,Ceramide Barrier Cream,Skin,2,14,42,0.2,Flagship Store,Seoul,Oily
YUL-16444,2024-08-23,P002,Fermented Rice Serum,Skin,3,15,45,0.2,Sephora,NYC,Sensitive
YUL-16445,2024-06-19,P005,Ceramide Barrier Cream,Skin,1,14,42,0.2,Online,London,Dry
YUL-16446,2024-08-02,P002,Fermented Rice Serum,Skin,3,15,45,0.1,Flagship Store,London,Oily
YUL-16447,2024-05-07,P002,Fermented Rice Serum,Skin,2,15,45,0.2,Flagship Store,Seoul,Dry
YUL-16448,2024-04-24,P002,Fermented Rice Serum,Skin,2,15,45,0.2,Online,Tokyo,Combination
YUL-16449,2024-09-10,P001,Deep Sea Hair Mask,Hair,4,12,38,0.25,Flagship Store,London,Dry
YUL-16450,2025-01-26,P003,Scalp Soothing Oil,Hair,2,8,28,0.0,Flagship Store,Seoul,Sensitive
YUL-16451,2025-12-16,P003,Scalp Soothing Oil,Hair,2,8,28,0.25,Online,London,Dry
YUL-16452,2024-02-09,P003,Scalp Soothing Oil,Hair,2,8,28,0.0,Online,London,Combination
YUL-16453,2025-05-30,P005,Ceramide Barrier Cream,Skin,2,14,42,0.0,Flagship Store,Tokyo,Dry
YUL-16454,2024-07-23,P001,Deep Sea Hair Mask,Hair,2,12,38,0.2,Online,Seoul,Oily
YUL-16455,2025-09-12,P002,Fermented Rice Serum,Skin,3,15,45,0.0,Flagship Store,NYC,Oily
YUL-16456,2025-02-17,P002,Fermented Rice Serum,Skin,4,15,45,0.0,Sephora,Seoul,Oily
YUL-16457,2024-07-20,P002,Fermented Rice Serum,Skin,3,15,45,0.2,Sephora,Tokyo,Sensitive
YUL-16458,2024-03-07,P002,Fermented Rice Serum,Skin,2,15,45,0.0,Flagship Store,Tokyo,Dry
YUL-16459,2024-09-11,P001,Deep Sea Hair Mask,Hair,3,12,38,0.1,Flagship Store,NYC,Dry
YUL-16460,2024-04-30,P003,Scalp Soothing Oil,Hair,4,8,28,0.25,Sephora,NYC,Oily
YUL-16461,2024-03-03,P002,Fermented Rice Serum,Skin,3,15,45,0.0,Olive Young,London,Combination
YUL-16462,2024-06-05,P002,Fermented Rice Serum,Skin,1,15,45,0.1,Online,Seoul,Oily
YUL-16463,2024-08-31,P001,Deep Sea Hair Mask,Hair,4,12,38,0.25,Flagship Store,London,Combination
YUL-16464,2025-12-13,P003,Scalp Soothing Oil,Hair,2,8,28,0.0,Flagship Store,Seoul,Oily
YUL-16465,2024-01-30,P004,Mugwort Essence,Skin,4,10,32,0.0,Sephora,NYC,Combination
YUL-16466,2025-06-02,P002,Fermented Rice Serum,Skin,1,15,45,0.1,Online,London,Sensitive
YUL-16467,2024-06-20,P001,Deep Sea Hair Mask,Hair,2,12,38,0.0,Sephora,Seoul,Dry
YUL-16468,2025-06-21,P004,Mugwort Essence,Skin,2,10,32,0.0,Flagship Store,Seoul,Combination
YUL-16469,2024-12-15,P003,Scalp Soothing Oil,Hair,1,8,28,0.0,Online,Tokyo,Sensitive
YUL-16470,2024-04-17,P005,Ceramide Barrier Cream,Skin,1,14,42,0.2,Online,NYC,Sensitive
YUL-16471,2024-09-25,P005,Ceramide Barrier Cream,Skin,1,14,42,0.2,Olive Young,Tokyo,Dry
YUL-16472,2024-06-05,P004,Mugwort Essence,Skin,3,10,32,0.0,Sephora,Tokyo,Combination
YUL-16473,2025-04-02,P001,Deep Sea Hair Mask,Hair,4,12,38,0.25,Flagship Store,London,Oily
YUL-16474,2025-10-31,P005,Ceramide Barrier Cream,Skin,2,14,42,0.0,Olive Young,Tokyo,Combination
YUL-16475,2024-11-16,P004,Mugwort Essence,Skin,3,10,32,0.0,Online,NYC,Oily
YUL-16476,2025-02-15,P003,Scalp Soothing Oil,Hair,4,8,28,0.0,Online,NYC,Dry
YUL-16477,2024-11-02,P002,Fermented Rice Serum,Skin,3,15,45,0.0,Flagship Store,Tokyo,Sensitive
YUL-16478,2024-08-27,P003,Scalp Soothing Oil,Hair,4,8,28,0.25,Flagship Store,London,Combination
YUL-16479,2025-12-06,P003,Scalp Soothing Oil,Hair,2,8,28,0.0,Online,NYC,Sensitive
YUL-16480,2024-09-04,P001,Deep Sea Hair Mask,Hair,1,12,38,0.2,Flagship Store,London,Dry
YUL-16481,2024-05-22,P001,Deep Sea Hair Mask,Hair,2,12,38,0.1,Flagship Store,London,Oily
YUL-16482,2024-09-16,P004,Mugwort Essence,Skin,4,10,32,0.0,Online,London,Combination
YUL-16483,2025-01-12,P005,Ceramide Barrier Cream,Skin,4,14,42,0.0,Flagship Store,Seoul,Dry
YUL-16484,2024-01-02,P002,Fermented Rice Serum,Skin,4,15,45,0.25,Olive Young,Seoul,Combination
YUL-16485,2025-07-06,P005,Ceramide Barrier Cream,Skin,1,14,42,0.0,Online,Seoul,Combination
YUL-16486,2025-02-09,P004,Mugwort Essence,Skin,3,10,32,0.0,Online,London,Combination
YUL-16487,2025-01-13,P002,Fermented Rice Serum,Skin,4,15,45,0.0,Online,NYC,Combination
YUL-16488,2025-11-19,P005,Ceramide Barrier Cream,Skin,2,14,42,0.0,Online,London,Combination
YUL-16489,2024-04-20,P001,Deep Sea Hair Mask,Hair,4,12,38,0.0,Olive Young,Tokyo,Dry
YUL-16490,2025-08-27,P003,Scalp Soothing Oil,Hair,4,8,28,0.1,Sephora,NYC,Oily
YUL-16491,2024-07-31,P003,Scalp Soothing Oil,Hair,4,8,28,0.0,Sephora,Tokyo,Sensitive
YUL-16492,2025-02-12,P005,Ceramide Barrier Cream,Skin,2,14,42,0.0,Olive Young,Tokyo,Oily
YUL-16493,2025-08-02,P002,Fermented Rice Serum,Skin,2,15,45,0.0,Olive Young,NYC,Oily
YUL-16494,2024-10-14,P005,Ceramide Barrier Cream,Skin,4,14,42,0.2,Online,London,Combination
YUL-16495,2024-03-09,P005,Ceramide Barrier Cream,Skin,2,14,42,0.2,Sephora,London,Sensitive
YUL-16496,2025-05-15,P004,Mugwort Essence,Skin,3,10,32,0.2,Flagship Store,Seoul,Combination
YUL-16497,2024-10-03,P004,Mugwort Essence,Skin,4,10,32,0.0,Sephora,London,Oily
YUL-16498,2025-10-29,P002,Fermented Rice Serum,Skin,3,15,45,0.25,Olive Young,Seoul,Combination
YUL-16499,2024-06-05,P005,Ceramide Barrier Cream,Skin,3,14,42,0.0,Olive Young,Tokyo,Oily
YUL-16500,2024-09-13,P005,Ceramide Barrier Cream,Skin,3,14,42,0.0,Flagship Store,Seoul,Combination
YUL-16501,2025-06-11,P003,Scalp Soothing Oil,Hair,2,8,28,0.0,Flagship Store,London,Oily
YUL-16502,2025-01-18,P001,Deep Sea Hair Mask,Hair,2,12,38,0.2,Sephora,NYC,Combination
YUL-16503,2025-10-07,P005,Ceramide Barrier Cream,Skin,1,14,42,0.0,Olive Young,Tokyo,Oily
YUL-16504,2025-09-19,P003,Scalp Soothing Oil,Hair,2,8,28,0.25,Olive Young,Tokyo,Dry
YUL-16505,2025-07-30,P005,Ceramide Barrier Cream,Skin,2,14,42,0.2,Online,NYC,Dry
YUL-16506,2025-07-27,P002,Fermented Rice Serum,Skin,3,15,45,0.25,Flagship Store,NYC,Oily
YUL-16507,2025-04-14,P005,Ceramide Barrier Cream,Skin,4,14,42,0.0,Olive Young,Tokyo,Sensitive
YUL-16508,2024-01-27,P001,Deep Sea Hair Mask,Hair,4,12,38,0.0,Olive Young,London,Dry
YUL-16509,2024-03-08,P002,Fermented Rice Serum,Skin,1,15,45,0.0,Olive Young,NYC,Oily
YUL-16510,2024-11-19,P004,Mugwort Essence,Skin,1,10,32,0.0,Online,Seoul,Dry
YUL-16511,2025-02-07,P004,Mugwort Essence,Skin,3,10,32,0.0,Sephora,London,Sensitive
YUL-16512,2025-07-02,P004,Mugwort Essence,Skin,2,10,32,0.0,Sephora,Tokyo,Dry
YUL-16513,2025-05-23,P005,Ceramide Barrier Cream,Skin,2,14,42,0.0,Olive Young,NYC,Oily
YUL-16514,2024-01-03,P005,Ceramide Barrier Cream,Skin,3,14,42,0.25,Olive Young,Tokyo,Dry
YUL-16515,2024-09-30,P001,Deep Sea Hair Mask,Hair,3,12,38,0.2,Flagship Store,NYC,Oily
YUL-16516,2024-05-23,P004,Mugwort Essence,Skin,2,10,32,0.0,Sephora,Tokyo,Sensitive
YUL-16517,2025-05-14,P003,Scalp Soothing Oil,Hair,3,8,28,0.2,Olive Young,Seoul,Dry
YUL-16518,2024-02-21,P001,Deep Sea Hair Mask,Hair,2,12,38,0.0,Flagship Store,London,Combination
YUL-16519,2024-01-16,P005,Ceramide Barrier Cream,Skin,4,14,42,0.0,Olive Young,Tokyo,Sensitive
YUL-16520,2024-01-16,P004,Mugwort Essence,Skin,2,10,32,0.25,Sephora,London,Dry
YUL-16521,2024-10-31,P001,Deep Sea Hair Mask,Hair,3,12,38,0.25,Flagship Store,NYC,Sensitive
YUL-16522,2025-08-07,P003,Scalp Soothing Oil,Hair,2,8,28,0.0,Olive Young,Tokyo,Dry
YUL-16523,2024-10-18,P002,Fermented Rice Serum,Skin,3,15,45,0.1,Olive Young,NYC,Sensitive
YUL-16524,2025-06-16,P004,Mugwort Essence,Skin,3,10,32,0.0,Sephora,London,Dry
YUL-16525,2024-07-04,P004,Mugwort Essence,Skin,2,10,32,0.0,Sephora,Tokyo,Combination
YUL-16526,2024-01-08,P003,Scalp Soothing Oil,Hair,1,8,28,0.1,Sephora,London,Dry
YUL-16527,2024-03-08,P001,Deep Sea Hair Mask,Hair,3,12,38,0.2,Online,London,Sensitive
YUL-16528,2024-10-27,P005,Ceramide Barrier Cream,Skin,2,14,42,0.2,Olive Young,London,Oily
YUL-16529,2024-09-08,P003,Scalp Soothing Oil,Hair,2,8,28,0.0,Flagship Store,Seoul,Dry
YUL-16530,2025-04-18,P002,Fermented Rice Serum,Skin,1,15,45,0.25,Flagship Store,Seoul,Sensitive
YUL-16531,2024-02-07,P002,Fermented Rice Serum,Skin,2,15,45,0.2,Flagship Store,NYC,Oily
YUL-16532,2024-12-09,P004,Mugwort Essence,Skin,2,10,32,0.0,Flagship Store,Seoul,Dry
YUL-16533,2025-04-26,P001,Deep Sea Hair Mask,Hair,1,12,38,0.0,Flagship Store,London,Combination
YUL-16534,2024-10-10,P001,Deep Sea Hair Mask,Hair,2,12,38,0.0,Flagship Store,Seoul,Sensitive
YUL-16535,2024-11-11,P002,Fermented Rice Serum,Skin,3,15,45,0.2,Olive Young,Seoul,Dry
YUL-16536,2024-12-20,P003,Scalp Soothing Oil,Hair,3,8,28,0.1,Flagship Store,Tokyo,Combination
YUL-16537,2025-07-05,P004,Mugwort Essence,Skin,1,10,32,0.1,Sephora,London,Sensitive
YUL-16538,2025-05-22,P001,Deep Sea Hair Mask,Hair,2,12,38,0.1,Olive Young,London,Sensitive
YUL-16539,2024-08-28,P001,Deep Sea Hair Mask,Hair,2,12,38,0.1,Sephora,NYC,Oily
YUL-16540,2024-01-18,P005,Ceramide Barrier Cream,Skin,3,14,42,0.0,Sephora,Tokyo,Sensitive
YUL-16541,2024-06-21,P004,Mugwort Essence,Skin,3,10,32,0.0,Online,Tokyo,Sensitive
YUL-16542,2024-11-19,P005,Ceramide Barrier Cream,Skin,2,14,42,0.2,Flagship Store,NYC,Combination
YUL-16543,2025-09-01,P004,Mugwort Essence,Skin,2,10,32,0.2,Flagship Store,Tokyo,Oily
YUL-16544,2025-09-02,P002,Fermented Rice Serum,Skin,4,15,45,0.0,Olive Young,Seoul,Sensitive
YUL-16545,2024-02-06,P003,Scalp Soothing Oil,Hair,4,8,28,0.0,Sephora,Tokyo,Combination
YUL-16546,2025-07-13,P001,Deep Sea Hair Mask,Hair,1,12,38,0.0,Sephora,London,Combination
YUL-16547,2025-12-27,P005,Ceramide Barrier Cream,Skin,3,14,42,0.0,Flagship Store,Seoul,Combination
YUL-16548,2024-04-27,P001,Deep Sea Hair Mask,Hair,2,12,38,0.25,Olive Young,London,Dry
YUL-16549,2024-09-28,P005,Ceramide Barrier Cream,Skin,2,14,42,0.0,Sephora,Seoul,Combination
YUL-16550,2025-02-16,P002,Fermented Rice Serum,Skin,2,15,45,0.25,Online,London,Combination
YUL-16551,2024-04-06,P005,Ceramide Barrier Cream,Skin,3,14,42,0.0,Flagship Store,NYC,Combination
YUL-16552,2025-04-28,P001,Deep Sea Hair Mask,Hair,1,12,38,0.25,Sephora,Seoul,Oily
YUL-16553,2025-04-03,P004,Mugwort Essence,Skin,1,10,32,0.2,Olive Young,Tokyo,Oily
YUL-16554,2025-05-28,P002,Fermented Rice Serum,Skin,3,15,45,0.25,Online,London,Oily
YUL-16555,2024-10-19,P003,Scalp Soothing Oil,Hair,1,8,28,0.25,Flagship Store,Tokyo,Combination
YUL-16556,2025-12-18,P002,Fermented Rice Serum,Skin,1,15,45,0.0,Online,Tokyo,Combination
YUL-16557,2025-11-30,P003,Scalp Soothing Oil,Hair,1,8,28,0.0,Olive Young,London,Oily
YUL-16558,2025-12-15,P001,Deep Sea Hair Mask,Hair,4,12,38,0.2,Flagship Store,Seoul,Dry
YUL-16559,2024-10-31,P005,Ceramide Barrier Cream,Skin,3,14,42,0.1,Flagship Store,London,Combination
YUL-16560,2024-12-06,P002,Fermented Rice Serum,Skin,4,15,45,0.0,Flagship Store,Seoul,Combination
YUL-16561,2025-05-25,P005,Ceramide Barrier Cream,Skin,3,14,42,0.0,Sephora,London,Sensitive
YUL-16562,2024-05-25,P004,Mugwort Essence,Skin,3,10,32,0.2,Online,Tokyo,Sensitive
YUL-16563,2024-07-24,P005,Ceramide Barrier Cream,Skin,4,14,42,0.0,Olive Young,NYC,Sensitive
YUL-16564,2025-04-09,P004,Mugwort Essence,Skin,2,10,32,0.2,Online,London,Dry
YUL-16565,2024-10-22,P002,Fermented Rice Serum,Skin,2,15,45,0.1,Olive Young,Tokyo,Dry
YUL-16566,2025-03-28,P002,Fermented Rice Serum,Skin,4,15,45,0.2,Sephora,Tokyo,Combination
YUL-16567,2025-01-09,P005,Ceramide Barrier Cream,Skin,1,14,42,0.0,Sephora,London,Oily
YUL-16568,2025-10-11,P001,Deep Sea Hair Mask,Hair,3,12,38,0.0,Online,Seoul,Sensitive
YUL-16569,2025-03-26,P005,Ceramide Barrier Cream,Skin,4,14,42,0.0,Sephora,Tokyo,Oily
YUL-16570,2024-10-03,P003,Scalp Soothing Oil,Hair,4,8,28,0.0,Sephora,Seoul,Sensitive
YUL-16571,2024-09-30,P002,Fermented Rice Serum,Skin,3,15,45,0.0,Olive Young,NYC,Sensitive
YUL-16572,2025-09-16,P005,Ceramide Barrier Cream,Skin,1,14,42,0.1,Online,Tokyo,Oily
YUL-16573,2025-12-04,P001,Deep Sea Hair Mask,Hair,1,12,38,0.0,Online,Tokyo,Sensitive
YUL-16574,2024-07-04,P001,Deep Sea Hair Mask,Hair,3,12,38,0.25,Online,Seoul,Combination
YUL-16575,2025-08-13,P001,Deep Sea Hair Mask,Hair,4,12,38,0.0,Olive Young,NYC,Dry
YUL-16576,2024-09-07,P002,Fermented Rice Serum,Skin,2,15,45,0.25,Olive Young,London,Combination
YUL-16577,2025-01-22,P005,Ceramide Barrier Cream,Skin,2,14,42,0.0,Flagship Store,Seoul,Sensitive
YUL-16578,2025-01-08,P002,Fermented Rice Serum,Skin,4,15,45,0.0,Online,NYC,Combination
YUL-16579,2025-10-10,P001,Deep Sea Hair Mask,Hair,1,12,38,0.0,Flagship Store,London,Combination
YUL-16580,2025-10-12,P005,Ceramide Barrier Cream,Skin,4,14,42,0.0,Flagship Store,Seoul,Combination
YUL-16581,2024-02-20,P001,Deep Sea Hair Mask,Hair,1,12,38,0.0,Flagship Store,Tokyo,Combination
YUL-16582,2024-10-21,P005,Ceramide Barrier Cream,Skin,4,14,42,0.2,Online,London,Dry
YUL-16583,2024-07-22,P005,Ceramide Barrier Cream,Skin,3,14,42,0.25,Sephora,Tokyo,Oily
YUL-16584,2024-07-24,P003,Scalp Soothing Oil,Hair,3,8,28,0.0,Olive Young,Tokyo,Dry
YUL-16585,2025-04-24,P003,Scalp Soothing Oil,Hair,1,8,28,0.0,Sephora,Tokyo,Dry
YUL-16586,2025-12-29,P003,Scalp Soothing Oil,Hair,2,8,28,0.2,Olive Young,London,Combination
YUL-16587,2025-06-18,P002,Fermented Rice Serum,Skin,3,15,45,0.1,Online,Seoul,Oily
YUL-16588,2024-08-07,P004,Mugwort Essence,Skin,2,10,32,0.25,Flagship Store,NYC,Combination
YUL-16589,2025-11-26,P003,Scalp Soothing Oil,Hair,4,8,28,0.0,Flagship Store,NYC,Dry
YUL-16590,2024-09-14,P002,Fermented Rice Serum,Skin,1,15,45,0.0,Flagship Store,London,Dry
YUL-16591,2024-07-08,P004,Mugwort Essence,Skin,1,10,32,0.0,Flagship Store,Tokyo,Combination
YUL-16592,2025-08-21,P002,Fermented Rice Serum,Skin,1,15,45,0.2,Online,London,Dry
YUL-16593,2024-06-27,P003,Scalp Soothing Oil,Hair,1,8,28,0.1,Flagship Store,Seoul,Combination
YUL-16594,2025-11-05,P005,Ceramide Barrier Cream,Skin,4,14,42,0.0,Online,London,Dry
YUL-16595,2024-10-20,P003,Scalp Soothing Oil,Hair,3,8,28,0.0,Flagship Store,Seoul,Sensitive
YUL-16596,2024-10-23,P003,Scalp Soothing Oil,Hair,1,8,28,0.1,Olive Young,Seoul,Oily
YUL-16597,2025-06-26,P005,Ceramide Barrier Cream,Skin,3,14,42,0.2,Flagship Store,London,Sensitive
YUL-16598,2025-01-06,P003,Scalp Soothing Oil,Hair,1,8,28,0.2,Online,Seoul,Sensitive
YUL-16599,2024-02-21,P005,Ceramide Barrier Cream,Skin,3,14,42,0.0,Online,NYC,Combination
YUL-16600,2025-03-29,P005,Ceramide Barrier Cream,Skin,2,14,42,0.25,Sephora,NYC,Dry
YUL-16601,2025-02-24,P001,Deep Sea Hair Mask,Hair,1,12,38,0.2,Sephora,London,Combination
YUL-16602,2024-09-17,P004,Mugwort Essence,Skin,2,10,32,0.1,Online,Seoul,Sensitive
YUL-16603,2024-08-31,P001,Deep Sea Hair Mask,Hair,4,12,38,0.0,Sephora,Tokyo,Oily
YUL-16604,2025-07-27,P001,Deep Sea Hair Mask,Hair,3,12,38,0.0,Flagship Store,London,Dry
YUL-16605,2024-04-13,P005,Ceramide Barrier Cream,Skin,1,14,42,0.2,Olive Young,Tokyo,Dry
YUL-16606,2024-01-22,P005,Ceramide Barrier Cream,Skin,4,14,42,0.25,Olive Young,London,Oily
YUL-16607,2024-08-30,P003,Scalp Soothing Oil,Hair,3,8,28,0.25,Flagship Store,NYC,Combination
YUL-16608,2024-10-15,P005,Ceramide Barrier Cream,Skin,4,14,42,0.0,Sephora,Seoul,Sensitive
YUL-16609,2025-06-02,P001,Deep Sea Hair Mask,Hair,3,12,38,0.0,Sephora,NYC,Combination
YUL-16610,2024-01-30,P005,Ceramide Barrier Cream,Skin,2,14,42,0.2,Sephora,London,Oily
YUL-16611,2024-01-25,P002,Fermented Rice Serum,Skin,2,15,45,0.1,Online,NYC,Combination
YUL-16612,2025-01-19,P001,Deep Sea Hair Mask,Hair,4,12,38,0.0,Flagship Store,Tokyo,Combination
YUL-16613,2024-12-01,P001,Deep Sea Hair Mask,Hair,4,12,38,0.0,Olive Young,London,Sensitive
YUL-16614,2024-04-06,P002,Fermented Rice Serum,Skin,4,15,45,0.0,Sephora,NYC,Oily
YUL-16615,2025-10-30,P004,Mugwort Essence,Skin,4,10,32,0.0,Sephora,NYC,Combination
YUL-16616,2025-04-20,P005,Ceramide Barrier Cream,Skin,1,14,42,0.0,Olive Young,Tokyo,Sensitive
YUL-16617,2024-05-13,P003,Scalp Soothing Oil,Hair,4,8,28,0.0,Flagship Store,NYC,Dry
YUL-16618,2024-05-31,P001,Deep Sea Hair Mask,Hair,1,12,38,0.0,Sephora,London,Dry
YUL-16619,2025-08-05,P005,Ceramide Barrier Cream,Skin,1,14,42,0.0,Olive Young,Seoul,Oily
YUL-16620,2024-09-25,P003,Scalp Soothing Oil,Hair,4,8,28,0.1,Online,Seoul,Dry
YUL-16621,2024-10-21,P004,Mugwort Essence,Skin,3,10,32,0.0,Online,Seoul,Combination
YUL-16622,2025-10-24,P001,Deep Sea Hair Mask,Hair,1,12,38,0.25,Olive Young,Seoul,Sensitive
YUL-16623,2025-05-14,P005,Ceramide Barrier Cream,Skin,2,14,42,0.25,Online,Tokyo,Sensitive
YUL-16624,2025-02-24,P004,Mugwort Essence,Skin,4,10,32,0.2,Flagship Store,NYC,Oily
YUL-16625,2025-03-18,P002,Fermented Rice Serum,Skin,1,15,45,0.2,Sephora,Seoul,Oily
YUL-16626,2024-08-18,P001,Deep Sea Hair Mask,Hair,2,12,38,0.0,Olive Young,Tokyo,Combination
YUL-16627,2025-05-13,P003,Scalp Soothing Oil,Hair,2,8,28,0.0,Sephora,Tokyo,Dry
YUL-16628,2024-03-15,P003,Scalp Soothing Oil,Hair,2,8,28,0.1,Flagship Store,Tokyo,Sensitive
YUL-16629,2024-07-27,P002,Fermented Rice Serum,Skin,2,15,45,0.0,Flagship Store,London,Combination
YUL-16630,2025-08-25,P002,Fermented Rice Serum,Skin,1,15,45,0.2,Olive Young,NYC,Sensitive
YUL-16631,2024-12-10,P003,Scalp Soothing Oil,Hair,3,8,28,0.0,Sephora,Seoul,Combination
YUL-16632,2024-06-01,P003,Scalp Soothing Oil,Hair,1,8,28,0.0,Online,London,Sensitive
YUL-16633,2024-07-23,P005,Ceramide Barrier Cream,Skin,2,14,42,0.0,Sephora,Tokyo,Dry
YUL-16634,2025-08-15,P003,Scalp Soothing Oil,Hair,4,8,28,0.25,Flagship Store,London,Dry
YUL-16635,2024-05-21,P004,Mugwort Essence,Skin,3,10,32,0.1,Olive Young,Tokyo,Dry
YUL-16636,2025-05-18,P001,Deep Sea Hair Mask,Hair,2,12,38,0.0,Sephora,NYC,Oily
YUL-16637,2025-02-10,P001,Deep Sea Hair Mask,Hair,2,12,38,0.2,Olive Young,London,Sensitive
YUL-16638,2025-03-29,P002,Fermented Rice Serum,Skin,2,15,45,0.0,Flagship Store,London,Oily
YUL-16639,2024-05-30,P005,Ceramide Barrier Cream,Skin,4,14,42,0.2,Sephora,Seoul,Dry
YUL-16640,2024-09-29,P005,Ceramide Barrier Cream,Skin,1,14,42,0.2,Olive Young,Seoul,Oily
YUL-16641,2024-09-23,P004,Mugwort Essence,Skin,3,10,32,0.0,Sephora,Seoul,Oily
YUL-16642,2025-10-01,P005,Ceramide Barrier Cream,Skin,3,14,42,0.1,Olive Young,Seoul,Oily
YUL-16643,2024-11-12,P002,Fermented Rice Serum,Skin,4,15,45,0.0,Flagship Store,Tokyo,Sensitive
YUL-16644,2024-05-04,P001,Deep Sea Hair Mask,Hair,2,12,38,0.0,Sephora,NYC,Combination
YUL-16645,2025-10-01,P001,Deep Sea Hair Mask,Hair,2,12,38,0.1,Online,Seoul,Combination
YUL-16646,2024-01-29,P002,Fermented Rice Serum,Skin,4,15,45,0.0,Olive Young,NYC,Sensitive
YUL-16647,2024-07-11,P003,Scalp Soothing Oil,Hair,4,8,28,0.2,Olive Young,Tokyo,Combination
YUL-16648,2024-02-21,P004,Mugwort Essence,Skin,1,10,32,0.1,Online,London,Sensitive
YUL-16649,2024-09-09,P004,Mugwort Essence,Skin,2,10,32,0.0,Olive Young,Seoul,Dry
YUL-16650,2024-01-12,P002,Fermented Rice Serum,Skin,1,15,45,0.2,Sephora,Seoul,Oily
YUL-16651,2024-04-04,P004,Mugwort Essence,Skin,2,10,32,0.0,Sephora,Tokyo,Combination
YUL-16652,2024-06-24,P001,Deep Sea Hair Mask,Hair,3,12,38,0.2,Online,Seoul,Oily
YUL-16653,2025-01-12,P001,Deep Sea Hair Mask,Hair,2,12,38,0.0,Olive Young,NYC,Dry
YUL-16654,2025-08-26,P001,Deep Sea Hair Mask,Hair,1,12,38,0.2,Sephora,London,Combination
YUL-16655,2024-12-17,P003,Scalp Soothing Oil,Hair,2,8,28,0.0,Olive Young,Seoul,Combination
YUL-16656,2024-01-22,P003,Scalp Soothing Oil,Hair,3,8,28,0.0,Online,London,Dry
YUL-16657,2024-11-17,P003,Scalp Soothing Oil,Hair,3,8,28,0.1,Online,Tokyo,Dry
YUL-16658,2024-11-19,P005,Ceramide Barrier Cream,Skin,4,14,42,0.0,Olive Young,London,Combination
YUL-16659,2025-09-06,P005,Ceramide Barrier Cream,Skin,2,14,42,0.0,Online,NYC,Oily
YUL-16660,2025-10-05,P003,Scalp Soothing Oil,Hair,1,8,28,0.0,Olive Young,Seoul,Sensitive
YUL-16661,2025-02-19,P005,Ceramide Barrier Cream,Skin,4,14,42,0.0,Olive Young,Tokyo,Sensitive
YUL-16662,2024-01-30,P005,Ceramide Barrier Cream,Skin,2,14,42,0.0,Sephora,NYC,Dry
YUL-16663,2024-03-01,P005,Ceramide Barrier Cream,Skin,3,14,42,0.0,Online,NYC,Combination
YUL-16664,2025-07-17,P003,Scalp Soothing Oil,Hair,4,8,28,0.1,Online,London,Combination
YUL-16665,2025-01-11,P002,Fermented Rice Serum,Skin,2,15,45,0.0,Sephora,Tokyo,Dry
YUL-16666,2024-08-18,P002,Fermented Rice Serum,Skin,4,15,45,0.0,Flagship Store,London,Sensitive
YUL-16667,2024-07-21,P002,Fermented Rice Serum,Skin,1,15,45,0.2,Sephora,Tokyo,Combination
YUL-16668,2024-05-30,P005,Ceramide Barrier Cream,Skin,3,14,42,0.25,Online,Seoul,Combination
YUL-16669,2024-11-25,P005,Ceramide Barrier Cream,Skin,1,14,42,0.0,Sephora,Tokyo,Dry
YUL-16670,2024-10-01,P002,Fermented Rice Serum,Skin,2,15,45,0.1,Sephora,Tokyo,Combination
YUL-16671,2025-02-19,P002,Fermented Rice Serum,Skin,4,15,45,0.25,Flagship Store,NYC,Combination
YUL-16672,2025-05-07,P005,Ceramide Barrier Cream,Skin,1,14,42,0.2,Olive Young,NYC,Combination
YUL-16673,2024-10-28,P002,Fermented Rice Serum,Skin,4,15,45,0.0,Olive Young,Seoul,Dry
YUL-16674,2024-01-09,P005,Ceramide Barrier Cream,Skin,4,14,42,0.1,Online,London,Dry
YUL-16675,2025-02-10,P002,Fermented Rice Serum,Skin,1,15,45,0.2,Flagship Store,London,Sensitive
YUL-16676,2025-09-25,P001,Deep Sea Hair Mask,Hair,1,12,38,0.1,Online,London,Combination
YUL-16677,2025-01-08,P002,Fermented Rice Serum,Skin,2,15,45,0.1,Online,NYC,Combination
YUL-16678,2025-03-02,P001,Deep Sea Hair Mask,Hair,2,12,38,0.25,Olive Young,London,Dry
YUL-16679,2024-05-21,P001,Deep Sea Hair Mask,Hair,4,12,38,0.25,Flagship Store,Seoul,Combination
YUL-16680,2025-01-28,P001,Deep Sea Hair Mask,Hair,4,12,38,0.2,Online,Seoul,Dry
YUL-16681,2024-06-28,P004,Mugwort Essence,Skin,1,10,32,0.2,Flagship Store,London,Oily
YUL-16682,2024-06-11,P004,Mugwort Essence,Skin,3,10,32,0.25,Online,London,Oily
YUL-16683,2024-04-13,P002,Fermented Rice Serum,Skin,2,15,45,0.0,Flagship Store,NYC,Dry
YUL-16684,2025-08-17,P003,Scalp Soothing Oil,Hair,2,8,28,0.2,Olive Young,NYC,Sensitive
YUL-16685,2025-09-19,P005,Ceramide Barrier Cream,Skin,1,14,42,0.0,Olive Young,Tokyo,Dry
YUL-16686,2024-09-18,P003,Scalp Soothing Oil,Hair,4,8,28,0.2,Sephora,London,Combination
YUL-16687,2024-08-14,P004,Mugwort Essence,Skin,2,10,32,0.0,Sephora,Tokyo,Sensitive
YUL-16688,2025-03-20,P004,Mugwort Essence,Skin,4,10,32,0.1,Flagship Store,Seoul,Oily
YUL-16689,2024-09-02,P003,Scalp Soothing Oil,Hair,2,8,28,0.2,Sephora,Tokyo,Dry
YUL-16690,2024-05-09,P004,Mugwort Essence,Skin,1,10,32,0.0,Olive Young,Tokyo,Sensitive
YUL-16691,2025-01-05,P004,Mugwort Essence,Skin,4,10,32,0.1,Sephora,London,Sensitive
YUL-16692,2024-06-11,P001,Deep Sea Hair Mask,Hair,3,12,38,0.0,Olive Young,Tokyo,Sensitive
YUL-16693,2024-10-09,P004,Mugwort Essence,Skin,3,10,32,0.0,Olive Young,Seoul,Dry
YUL-16694,2025-03-03,P005,Ceramide Barrier Cream,Skin,2,14,42,0.0,Flagship Store,London,Dry
YUL-16695,2025-01-29,P004,Mugwort Essence,Skin,1,10,32,0.1,Olive Young,Tokyo,Sensitive
YUL-16696,2025-03-16,P005,Ceramide Barrier Cream,Skin,4,14,42,0.0,Sephora,Seoul,Oily
YUL-16697,2024-05-20,P001,Deep Sea Hair Mask,Hair,1,12,38,0.0,Sephora,NYC,Sensitive
YUL-16698,2025-12-14,P005,Ceramide Barrier Cream,Skin,2,14,42,0.0,Flagship Store,Seoul,Combination
YUL-16699,2024-03-16,P005,Ceramide Barrier Cream,Skin,1,14,42,0.1,Sephora,London,Combination
YUL-16700,2024-01-01,P001,Deep Sea Hair Mask,Hair,4,12,38,0.0,Flagship Store,NYC,Dry
YUL-16701,2024-12-11,P003,Scalp Soothing Oil,Hair,2,8,28,0.0,Online,Seoul,Oily
YUL-16702,2024-04-17,P005,Ceramide Barrier Cream,Skin,2,14,42,0.25,Online,Tokyo,Dry
YUL-16703,2024-01-11,P003,Scalp Soothing Oil,Hair,2,8,28,0.0,Online,Tokyo,Sensitive
YUL-16704,2025-02-15,P005,Ceramide Barrier Cream,Skin,2,14,42,0.0,Flagship Store,London,Combination
YUL-16705,2025-04-07,P004,Mugwort Essence,Skin,3,10,32,0.0,Flagship Store,London,Dry
YUL-16706,2025-09-26,P004,Mugwort Essence,Skin,1,10,32,0.0,Sephora,London,Dry
YUL-16707,2024-07-06,P005,Ceramide Barrier Cream,Skin,2,14,42,0.0,Flagship Store,Seoul,Oily
YUL-16708,2024-11-25,P002,Fermented Rice Serum,Skin,1,15,45,0.0,Olive Young,London,Dry
YUL-16709,2024-04-18,P005,Ceramide Barrier Cream,Skin,1,14,42,0.2,Olive Young,Seoul,Dry
YUL-16710,2025-01-02,P001,Deep Sea Hair Mask,Hair,1,12,38,0.0,Olive Young,Seoul,Sensitive
YUL-16711,2024-03-11,P002,Fermented Rice Serum,Skin,1,15,45,0.2,Flagship Store,Tokyo,Oily
YUL-16712,2025-09-10,P003,Scalp Soothing Oil,Hair,1,8,28,0.0,Olive Young,NYC,Dry
YUL-16713,2024-09-27,P003,Scalp Soothing Oil,Hair,3,8,28,0.0,Olive Young,Seoul,Sensitive
YUL-16714,2025-05-03,P003,Scalp Soothing Oil,Hair,3,8,28,0.0,Online,Tokyo,Sensitive
YUL-16715,2024-04-25,P003,Scalp Soothing Oil,Hair,2,8,28,0.0,Sephora,London,Dry
YUL-16716,2024-11-09,P004,Mugwort Essence,Skin,4,10,32,0.0,Olive Young,Seoul,Sensitive
YUL-16717,2025-05-19,P001,Deep Sea Hair Mask,Hair,2,12,38,0.25,Olive Young,Seoul,Dry
YUL-16718,2025-03-14,P005,Ceramide Barrier Cream,Skin,2,14,42,0.0,Olive Young,Seoul,Oily
YUL-16719,2024-12-08,P004,Mugwort Essence,Skin,3,10,32,0.25,Olive Young,London,Dry
YUL-16720,2024-09-19,P005,Ceramide Barrier Cream,Skin,2,14,42,0.25,Flagship Store,London,Combination
YUL-16721,2024-08-18,P001,Deep Sea Hair Mask,Hair,4,12,38,0.0,Online,Tokyo,Oily
YUL-16722,2024-03-07,P004,Mugwort Essence,Skin,4,10,32,0.0,Olive Young,Tokyo,Sensitive
YUL-16723,2025-11-05,P004,Mugwort Essence,Skin,3,10,32,0.1,Online,London,Sensitive
YUL-16724,2024-02-25,P001,Deep Sea Hair Mask,Hair,2,12,38,0.0,Sephora,London,Dry
YUL-16725,2024-06-29,P003,Scalp Soothing Oil,Hair,4,8,28,0.1,Olive Young,Tokyo,Oily
YUL-16726,2025-11-09,P002,Fermented Rice Serum,Skin,3,15,45,0.0,Online,Tokyo,Sensitive
YUL-16727,2025-05-25,P002,Fermented Rice Serum,Skin,2,15,45,0.0,Flagship Store,London,Sensitive
YUL-16728,2024-02-15,P003,Scalp Soothing Oil,Hair,4,8,28,0.1,Flagship Store,Tokyo,Dry
YUL-16729,2024-02-07,P002,Fermented Rice Serum,Skin,2,15,45,0.0,Flagship Store,Tokyo,Dry
YUL-16730,2024-07-18,P005,Ceramide Barrier Cream,Skin,4,14,42,0.1,Sephora,NYC,Combination
YUL-16731,2024-08-17,P003,Scalp Soothing Oil,Hair,3,8,28,0.1,Online,London,Dry
YUL-16732,2025-07-30,P001,Deep Sea Hair Mask,Hair,3,12,38,0.0,Sephora,London,Combination
YUL-16733,2025-04-18,P002,Fermented Rice Serum,Skin,3,15,45,0.25,Olive Young,Tokyo,Oily
YUL-16734,2024-12-08,P001,Deep Sea Hair Mask,Hair,1,12,38,0.0,Sephora,Seoul,Dry
YUL-16735,2025-02-16,P003,Scalp Soothing Oil,Hair,4,8,28,0.1,Olive Young,NYC,Dry
YUL-16736,2025-05-05,P001,Deep Sea Hair Mask,Hair,4,12,38,0.0,Flagship Store,Tokyo,Sensitive
YUL-16737,2024-08-18,P004,Mugwort Essence,Skin,1,10,32,0.0,Olive Young,NYC,Sensitive
YUL-16738,2025-03-20,P002,Fermented Rice Serum,Skin,3,15,45,0.0,Flagship Store,NYC,Combination
YUL-16739,2024-06-12,P003,Scalp Soothing Oil,Hair,2,8,28,0.0,Flagship Store,Seoul,Combination
YUL-16740,2024-02-14,P003,Scalp Soothing Oil,Hair,2,8,28,0.1,Flagship Store,NYC,Combination
YUL-16741,2025-01-16,P001,Deep Sea Hair Mask,Hair,4,12,38,0.1,Sephora,London,Sensitive
YUL-16742,2024-02-22,P003,Scalp Soothing Oil,Hair,3,8,28,0.0,Online,Seoul,Oily
YUL-16743,2025-03-05,P004,Mugwort Essence,Skin,2,10,32,0.0,Online,Seoul,Sensitive
YUL-16744,2024-08-21,P004,Mugwort Essence,Skin,2,10,32,0.0,Flagship Store,NYC,Combination
YUL-16745,2025-11-04,P001,Deep Sea Hair Mask,Hair,1,12,38,0.1,Olive Young,Seoul,Dry
YUL-16746,2024-03-18,P005,Ceramide Barrier Cream,Skin,2,14,42,0.0,Flagship Store,Tokyo,Dry
YUL-16747,2025-11-10,P004,Mugwort Essence,Skin,3,10,32,0.0,Flagship Store,NYC,Sensitive
YUL-16748,2025-03-14,P001,Deep Sea Hair Mask,Hair,2,12,38,0.2,Olive Young,NYC,Dry
YUL-16749,2024-02-29,P003,Scalp Soothing Oil,Hair,3,8,28,0.1,Sephora,London,Combination
YUL-16750,2024-09-26,P001,Deep Sea Hair Mask,Hair,2,12,38,0.25,Olive Young,NYC,Sensitive
YUL-16751,2024-02-20,P002,Fermented Rice Serum,Skin,1,15,45,0.2,Flagship Store,London,Oily
YUL-16752,2025-09-23,P002,Fermented Rice Serum,Skin,1,15,45,0.0,Flagship Store,Seoul,Oily
YUL-16753,2025-11-20,P001,Deep Sea Hair Mask,Hair,3,12,38,0.2,Flagship Store,London,Combination
YUL-16754,2025-05-24,P005,Ceramide Barrier Cream,Skin,4,14,42,0.1,Online,NYC,Oily
YUL-16755,2025-11-05,P005,Ceramide Barrier Cream,Skin,3,14,42,0.0,Sephora,Tokyo,Sensitive
YUL-16756,2024-10-10,P004,Mugwort Essence,Skin,4,10,32,0.2,Online,NYC,Dry
YUL-16757,2025-12-05,P001,Deep Sea Hair Mask,Hair,1,12,38,0.0,Sephora,Seoul,Dry
YUL-16758,2025-01-19,P005,Ceramide Barrier Cream,Skin,1,14,42,0.0,Online,Tokyo,Combination
YUL-16759,2024-06-18,P001,Deep Sea Hair Mask,Hair,3,12,38,0.1,Sephora,London,Sensitive
YUL-16760,2025-09-21,P005,Ceramide Barrier Cream,Skin,2,14,42,0.0,Online,Seoul,Combination
YUL-16761,2024-12-30,P005,Ceramide Barrier Cream,Skin,3,14,42,0.2,Online,Seoul,Dry
YUL-16762,2025-05-24,P005,Ceramide Barrier Cream,Skin,2,14,42,0.0,Flagship Store,Seoul,Dry
YUL-16763,2024-12-19,P004,Mugwort Essence,Skin,1,10,32,0.2,Sephora,Tokyo,Dry
YUL-16764,2024-08-03,P005,Ceramide Barrier Cream,Skin,4,14,42,0.2,Sephora,Tokyo,Oily
YUL-16765,2024-03-02,P003,Scalp Soothing Oil,Hair,4,8,28,0.0,Flagship Store,London,Dry
YUL-16766,2025-02-24,P005,Ceramide Barrier Cream,Skin,1,14,42,0.0,Flagship Store,Tokyo,Dry
YUL-16767,2024-07-07,P001,Deep Sea Hair Mask,Hair,4,12,38,0.1,Online,NYC,Oily
YUL-16768,2024-04-14,P003,Scalp Soothing Oil,Hair,4,8,28,0.25,Sephora,London,Combination
YUL-16769,2024-03-22,P003,Scalp Soothing Oil,Hair,4,8,28,0.0,Flagship Store,NYC,Oily
YUL-16770,2024-08-08,P005,Ceramide Barrier Cream,Skin,1,14,42,0.0,Sephora,London,Dry
YUL-16771,2025-08-14,P002,Fermented Rice Serum,Skin,1,15,45,0.2,Olive Young,Seoul,Combination
YUL-16772,2025-05-27,P002,Fermented Rice Serum,Skin,1,15,45,0.1,Sephora,Tokyo,Sensitive
YUL-16773,2025-04-02,P004,Mugwort Essence,Skin,2,10,32,0.2,Flagship Store,London,Sensitive
YUL-16774,2024-03-06,P002,Fermented Rice Serum,Skin,4,15,45,0.2,Olive Young,Seoul,Combination
YUL-16775,2024-05-02,P005,Ceramide Barrier Cream,Skin,2,14,42,0.2,Online,NYC,Sensitive
YUL-16776,2024-12-31,P002,Fermented Rice Serum,Skin,4,15,45,0.0,Olive Young,Tokyo,Sensitive
YUL-16777,2024-05-11,P002,Fermented Rice Serum,Skin,4,15,45,0.0,Olive Young,London,Oily
YUL-16778,2024-03-17,P001,Deep Sea Hair Mask,Hair,4,12,38,0.0,Flagship Store,Seoul,Sensitive
YUL-16779,2025-05-13,P001,Deep Sea Hair Mask,Hair,3,12,38,0.0,Online,Tokyo,Dry
YUL-16780,2025-06-12,P004,Mugwort Essence,Skin,4,10,32,0.25,Flagship Store,Tokyo,Sensitive
YUL-16781,2025-05-18,P004,Mugwort Essence,Skin,4,10,32,0.0,Flagship Store,Seoul,Oily
YUL-16782,2024-01-29,P004,Mugwort Essence,Skin,1,10,32,0.2,Olive Young,Tokyo,Dry
YUL-16783,2025-09-21,P003,Scalp Soothing Oil,Hair,3,8,28,0.25,Flagship Store,NYC,Oily
YUL-16784,2025-10-01,P002,Fermented Rice Serum,Skin,2,15,45,0.2,Flagship Store,NYC,Sensitive
YUL-16785,2025-03-14,P003,Scalp Soothing Oil,Hair,4,8,28,0.2,Olive Young,London,Oily
YUL-16786,2025-01-03,P002,Fermented Rice Serum,Skin,2,15,45,0.1,Online,Seoul,Dry
YUL-16787,2024-07-11,P004,Mugwort Essence,Skin,1,10,32,0.2,Olive Young,Tokyo,Oily
YUL-16788,2025-02-09,P004,Mugwort Essence,Skin,2,10,32,0.0,Sephora,London,Oily
YUL-16789,2024-01-16,P005,Ceramide Barrier Cream,Skin,3,14,42,0.2,Sephora,NYC,Combination
YUL-16790,2025-09-12,P003,Scalp Soothing Oil,Hair,2,8,28,0.0,Sephora,Tokyo,Oily
YUL-16791,2024-06-09,P004,Mugwort Essence,Skin,2,10,32,0.0,Sephora,Seoul,Oily
YUL-16792,2024-04-08,P004,Mugwort Essence,Skin,1,10,32,0.0,Online,NYC,Combination
YUL-16793,2025-08-15,P001,Deep Sea Hair Mask,Hair,4,12,38,0.0,Sephora,London,Oily
YUL-16794,2025-09-07,P001,Deep Sea Hair Mask,Hair,3,12,38,0.0,Flagship Store,NYC,Oily
YUL-16795,2024-02-06,P001,Deep Sea Hair Mask,Hair,3,12,38,0.25,Online,London,Combination
YUL-16796,2025-12-14,P001,Deep Sea Hair Mask,Hair,2,12,38,0.2,Olive Young,Tokyo,Combination
YUL-16797,2024-07-14,P002,Fermented Rice Serum,Skin,4,15,45,0.25,Olive Young,London,Oily
YUL-16798,2024-08-29,P003,Scalp Soothing Oil,Hair,1,8,28,0.0,Online,NYC,Combination
YUL-16799,2025-10-25,P003,Scalp Soothing Oil,Hair,1,8,28,0.1,Sephora,Tokyo,Combination
YUL-16800,2025-09-21,P005,Ceramide Barrier Cream,Skin,4,14,42,0.25,Online,Tokyo,Combination
YUL-16801,2025-04-21,P005,Ceramide Barrier Cream,Skin,4,14,42,0.25,Online,Tokyo,Sensitive
YUL-16802,2024-09-15,P005,Ceramide Barrier Cream,Skin,1,14,42,0.25,Online,London,Oily
YUL-16803,2025-10-24,P005,Ceramide Barrier Cream,Skin,3,14,42,0.0,Sephora,Seoul,Dry
YUL-16804,2024-09-08,P001,Deep Sea Hair Mask,Hair,3,12,38,0.0,Sephora,London,Sensitive
YUL-16805,2025-08-04,P005,Ceramide Barrier Cream,Skin,4,14,42,0.25,Olive Young,London,Sensitive
YUL-16806,2025-01-08,P004,Mugwort Essence,Skin,3,10,32,0.25,Olive Young,London,Sensitive
YUL-16807,2024-11-16,P003,Scalp Soothing Oil,Hair,3,8,28,0.1,Sephora,London,Combination
YUL-16808,2025-07-22,P002,Fermented Rice Serum,Skin,2,15,45,0.0,Online,Tokyo,Dry
YUL-16809,2024-10-27,P005,Ceramide Barrier Cream,Skin,3,14,42,0.0,Olive Young,Seoul,Oily
YUL-16810,2024-03-20,P005,Ceramide Barrier Cream,Skin,2,14,42,0.0,Olive Young,Tokyo,Sensitive
YUL-16811,2025-10-05,P001,Deep Sea Hair Mask,Hair,2,12,38,0.25,Sephora,London,Sensitive
YUL-16812,2025-06-29,P003,Scalp Soothing Oil,Hair,2,8,28,0.25,Flagship Store,Tokyo,Sensitive
YUL-16813,2025-04-12,P002,Fermented Rice Serum,Skin,3,15,45,0.0,Sephora,London,Dry
YUL-16814,2025-10-14,P002,Fermented Rice Serum,Skin,3,15,45,0.2,Online,London,Dry
YUL-16815,2025-05-11,P001,Deep Sea Hair Mask,Hair,1,12,38,0.1,Sephora,London,Dry
YUL-16816,2024-05-10,P004,Mugwort Essence,Skin,2,10,32,0.0,Online,London,Combination
YUL-16817,2024-01-17,P003,Scalp Soothing Oil,Hair,4,8,28,0.2,Flagship Store,Tokyo,Dry
YUL-16818,2024-01-06,P002,Fermented Rice Serum,Skin,3,15,45,0.0,Sephora,NYC,Dry
YUL-16819,2025-05-31,P005,Ceramide Barrier Cream,Skin,3,14,42,0.0,Online,Tokyo,Sensitive
YUL-16820,2025-07-23,P005,Ceramide Barrier Cream,Skin,4,14,42,0.2,Flagship Store,London,Oily
YUL-16821,2024-06-24,P004,Mugwort Essence,Skin,3,10,32,0.2,Sephora,London,Oily
YUL-16822,2024-12-04,P001,Deep Sea Hair Mask,Hair,2,12,38,0.0,Online,NYC,Dry
YUL-16823,2024-07-15,P004,Mugwort Essence,Skin,1,10,32,0.25,Online,Seoul,Dry
YUL-16824,2025-05-16,P003,Scalp Soothing Oil,Hair,2,8,28,0.0,Olive Young,Tokyo,Dry
YUL-16825,2024-01-24,P005,Ceramide Barrier Cream,Skin,3,14,42,0.0,Olive Young,NYC,Oily
YUL-16826,2024-10-19,P002,Fermented Rice Serum,Skin,2,15,45,0.0,Flagship Store,Seoul,Oily
YUL-16827,2025-07-22,P002,Fermented Rice Serum,Skin,1,15,45,0.0,Sephora,Seoul,Dry
YUL-16828,2025-08-24,P005,Ceramide Barrier Cream,Skin,4,14,42,0.0,Flagship Store,Tokyo,Combination
YUL-16829,2025-10-15,P004,Mugwort Essence,Skin,3,10,32,0.2,Flagship Store,NYC,Combination
YUL-16830,2024-08-20,P003,Scalp Soothing Oil,Hair,4,8,28,0.0,Flagship Store,London,Dry
YUL-16831,2025-03-08,P002,Fermented Rice Serum,Skin,4,15,45,0.1,Online,London,Sensitive
YUL-16832,2024-09-06,P004,Mugwort Essence,Skin,1,10,32,0.0,Sephora,London,Sensitive
YUL-16833,2025-11-20,P001,Deep Sea Hair Mask,Hair,4,12,38,0.25,Flagship Store,Tokyo,Oily
YUL-16834,2025-08-24,P003,Scalp Soothing Oil,Hair,1,8,28,0.0,Online,Tokyo,Combination
YUL-16835,2025-01-10,P002,Fermented Rice Serum,Skin,4,15,45,0.0,Sephora,Tokyo,Oily
YUL-16836,2024-05-23,P001,Deep Sea Hair Mask,Hair,2,12,38,0.0,Olive Young,Tokyo,Combination
YUL-16837,2024-04-05,P004,Mugwort Essence,Skin,4,10,32,0.1,Flagship Store,Tokyo,Oily
YUL-16838,2025-10-30,P001,Deep Sea Hair Mask,Hair,4,12,38,0.2,Sephora,Seoul,Combination
YUL-16839,2024-08-26,P001,Deep Sea Hair Mask,Hair,3,12,38,0.25,Olive Young,Seoul,Oily
YUL-16840,2024-11-01,P003,Scalp Soothing Oil,Hair,3,8,28,0.0,Flagship Store,Seoul,Combination
YUL-16841,2025-09-26,P003,Scalp Soothing Oil,Hair,2,8,28,0.0,Sephora,Seoul,Combination
YUL-16842,2024-08-09,P005,Ceramide Barrier Cream,Skin,3,14,42,0.1,Online,London,Sensitive
YUL-16843,2025-09-04,P002,Fermented Rice Serum,Skin,3,15,45,0.1,Flagship Store,Tokyo,Oily
YUL-16844,2025-01-20,P001,Deep Sea Hair Mask,Hair,4,12,38,0.0,Online,London,Sensitive
YUL-16845,2025-03-31,P003,Scalp Soothing Oil,Hair,4,8,28,0.2,Olive Young,NYC,Combination
YUL-16846,2024-03-01,P005,Ceramide Barrier Cream,Skin,2,14,42,0.2,Flagship Store,NYC,Sensitive
YUL-16847,2024-12-12,P002,Fermented Rice Serum,Skin,4,15,45,0.1,Online,NYC,Dry
YUL-16848,2024-11-03,P002,Fermented Rice Serum,Skin,1,15,45,0.0,Online,Seoul,Oily
YUL-16849,2024-05-02,P005,Ceramide Barrier Cream,Skin,4,14,42,0.0,Sephora,Tokyo,Oily
YUL-16850,2024-01-09,P003,Scalp Soothing Oil,Hair,3,8,28,0.2,Online,NYC,Combination
YUL-16851,2025-06-09,P005,Ceramide Barrier Cream,Skin,3,14,42,0.25,Olive Young,Seoul,Dry
YUL-16852,2025-01-29,P001,Deep Sea Hair Mask,Hair,2,12,38,0.1,Online,Tokyo,Sensitive
YUL-16853,2024-03-27,P005,Ceramide Barrier Cream,Skin,3,14,42,0.1,Online,NYC,Sensitive
YUL-16854,2025-05-09,P005,Ceramide Barrier Cream,Skin,2,14,42,0.0,Olive Young,Tokyo,Dry
YUL-16855,2024-02-26,P004,Mugwort Essence,Skin,1,10,32,0.0,Olive Young,Tokyo,Dry
YUL-16856,2025-08-18,P005,Ceramide Barrier Cream,Skin,1,14,42,0.2,Sephora,Tokyo,Sensitive
YUL-16857,2024-02-09,P004,Mugwort Essence,Skin,2,10,32,0.25,Flagship Store,Tokyo,Oily
YUL-16858,2025-01-15,P002,Fermented Rice Serum,Skin,4,15,45,0.2,Sephora,Seoul,Dry
YUL-16859,2024-01-09,P002,Fermented Rice Serum,Skin,1,15,45,0.1,Online,London,Sensitive
YUL-16860,2025-10-14,P001,Deep Sea Hair Mask,Hair,3,12,38,0.0,Flagship Store,NYC,Oily
YUL-16861,2024-07-12,P002,Fermented Rice Serum,Skin,4,15,45,0.0,Sephora,NYC,Dry
YUL-16862,2024-04-08,P003,Scalp Soothing Oil,Hair,2,8,28,0.0,Flagship Store,London,Combination
YUL-16863,2025-05-26,P001,Deep Sea Hair Mask,Hair,2,12,38,0.0,Sephora,NYC,Sensitive
YUL-16864,2024-09-29,P002,Fermented Rice Serum,Skin,3,15,45,0.0,Sephora,Tokyo,Dry
YUL-16865,2025-05-05,P003,Scalp Soothing Oil,Hair,4,8,28,0.25,Sephora,Tokyo,Dry
YUL-16866,2025-02-19,P003,Scalp Soothing Oil,Hair,3,8,28,0.0,Olive Young,Tokyo,Combination
YUL-16867,2025-07-04,P003,Scalp Soothing Oil,Hair,1,8,28,0.0,Sephora,NYC,Sensitive
YUL-16868,2025-04-26,P003,Scalp Soothing Oil,Hair,3,8,28,0.0,Sephora,Seoul,Dry
YUL-16869,2025-04-30,P005,Ceramide Barrier Cream,Skin,1,14,42,0.25,Online,London,Dry
YUL-16870,2024-12-18,P004,Mugwort Essence,Skin,3,10,32,0.2,Online,NYC,Sensitive
YUL-16871,2025-11-29,P002,Fermented Rice Serum,Skin,2,15,45,0.0,Flagship Store,Tokyo,Sensitive
YUL-16872,2024-01-07,P005,Ceramide Barrier Cream,Skin,4,14,42,0.0,Online,Seoul,Sensitive
YUL-16873,2025-08-10,P001,Deep Sea Hair Mask,Hair,1,12,38,0.2,Olive Young,Tokyo,Sensitive
YUL-16874,2024-01-04,P003,Scalp Soothing Oil,Hair,4,8,28,0.2,Online,Seoul,Combination
YUL-16875,2024-06-11,P005,Ceramide Barrier Cream,Skin,4,14,42,0.25,Olive Young,London,Oily
YUL-16876,2024-01-24,P004,Mugwort Essence,Skin,1,10,32,0.0,Sephora,NYC,Sensitive
YUL-16877,2024-12-17,P003,Scalp Soothing Oil,Hair,3,8,28,0.0,Online,London,Sensitive
YUL-16878,2024-12-17,P003,Scalp Soothing Oil,Hair,2,8,28,0.25,Olive Young,Tokyo,Combination
YUL-16879,2025-03-21,P002,Fermented Rice Serum,Skin,4,15,45,0.0,Flagship Store,London,Dry
YUL-16880,2025-05-19,P002,Fermented Rice Serum,Skin,1,15,45,0.1,Flagship Store,London,Sensitive
YUL-16881,2025-04-15,P003,Scalp Soothing Oil,Hair,2,8,28,0.25,Sephora,Tokyo,Oily
YUL-16882,2025-09-06,P004,Mugwort Essence,Skin,3,10,32,0.0,Online,NYC,Combination
YUL-16883,2025-05-21,P004,Mugwort Essence,Skin,1,10,32,0.0,Flagship Store,London,Combination
YUL-16884,2024-03-07,P002,Fermented Rice Serum,Skin,2,15,45,0.2,Online,London,Oily
YUL-16885,2024-03-16,P004,Mugwort Essence,Skin,3,10,32,0.2,Olive Young,NYC,Combination
YUL-16886,2025-06-11,P005,Ceramide Barrier Cream,Skin,3,14,42,0.0,Online,Seoul,Sensitive
YUL-16887,2025-07-08,P004,Mugwort Essence,Skin,4,10,32,0.0,Flagship Store,Tokyo,Dry
YUL-16888,2025-02-26,P002,Fermented Rice Serum,Skin,2,15,45,0.25,Olive Young,London,Combination
YUL-16889,2024-06-23,P001,Deep Sea Hair Mask,Hair,3,12,38,0.1,Sephora,NYC,Sensitive
YUL-16890,2025-07-02,P001,Deep Sea Hair Mask,Hair,4,12,38,0.0,Flagship Store,Seoul,Oily
YUL-16891,2024-11-29,P001,Deep Sea Hair Mask,Hair,3,12,38,0.25,Online,London,Oily
YUL-16892,2024-08-19,P005,Ceramide Barrier Cream,Skin,4,14,42,0.2,Olive Young,Seoul,Oily
YUL-16893,2025-03-09,P005,Ceramide Barrier Cream,Skin,4,14,42,0.0,Flagship Store,NYC,Dry
YUL-16894,2024-08-28,P005,Ceramide Barrier Cream,Skin,2,14,42,0.1,Flagship Store,London,Oily
YUL-16895,2024-01-30,P003,Scalp Soothing Oil,Hair,4,8,28,0.0,Sephora,London,Dry
YUL-16896,2024-10-14,P003,Scalp Soothing Oil,Hair,1,8,28,0.0,Sephora,Tokyo,Sensitive
YUL-16897,2024-01-16,P005,Ceramide Barrier Cream,Skin,4,14,42,0.0,Olive Young,London,Dry
YUL-16898,2024-07-04,P002,Fermented Rice Serum,Skin,1,15,45,0.0,Sephora,NYC,Sensitive
YUL-16899,2025-04-01,P003,Scalp Soothing Oil,Hair,2,8,28,0.0,Flagship Store,NYC,Oily
YUL-16900,2024-03-20,P001,Deep Sea Hair Mask,Hair,3,12,38,0.1,Sephora,NYC,Oily
YUL-16901,2025-05-23,P002,Fermented Rice Serum,Skin,1,15,45,0.1,Sephora,Tokyo,Oily
YUL-16902,2025-12-08,P002,Fermented Rice Serum,Skin,3,15,45,0.1,Sephora,NYC,Combination
YUL-16903,2025-09-01,P005,Ceramide Barrier Cream,Skin,2,14,42,0.0,Online,London,Dry
YUL-16904,2025-08-06,P003,Scalp Soothing Oil,Hair,4,8,28,0.0,Flagship Store,London,Oily
YUL-16905,2024-06-11,P005,Ceramide Barrier Cream,Skin,2,14,42,0.2,Flagship Store,Tokyo,Dry
YUL-16906,2025-11-16,P002,Fermented Rice Serum,Skin,3,15,45,0.2,Flagship Store,London,Oily
YUL-16907,2024-01-25,P003,Scalp Soothing Oil,Hair,2,8,28,0.0,Online,NYC,Oily
YUL-16908,2024-01-26,P001,Deep Sea Hair Mask,Hair,2,12,38,0.0,Online,Seoul,Dry
YUL-16909,2025-06-11,P001,Deep Sea Hair Mask,Hair,4,12,38,0.2,Sephora,London,Sensitive
YUL-16910,2025-06-28,P004,Mugwort Essence,Skin,2,10,32,0.0,Online,Tokyo,Sensitive
YUL-16911,2025-01-18,P005,Ceramide Barrier Cream,Skin,3,14,42,0.25,Online,Seoul,Oily
YUL-16912,2025-09-19,P002,Fermented Rice Serum,Skin,3,15,45,0.1,Flagship Store,Tokyo,Dry
YUL-16913,2025-12-19,P005,Ceramide Barrier Cream,Skin,2,14,42,0.2,Flagship Store,London,Oily
YUL-16914,2025-03-28,P002,Fermented Rice Serum,Skin,2,15,45,0.25,Flagship Store,NYC,Combination
YUL-16915,2025-07-17,P002,Fermented Rice Serum,Skin,1,15,45,0.1,Olive Young,NYC,Dry
YUL-16916,2024-05-29,P004,Mugwort Essence,Skin,4,10,32,0.0,Olive Young,Tokyo,Sensitive
YUL-16917,2024-05-04,P002,Fermented Rice Serum,Skin,2,15,45,0.0,Olive Young,NYC,Oily
YUL-16918,2024-09-22,P001,Deep Sea Hair Mask,Hair,3,12,38,0.0,Olive Young,NYC,Combination
YUL-16919,2024-07-13,P001,Deep Sea Hair Mask,Hair,4,12,38,0.0,Sephora,Seoul,Combination
YUL-16920,2025-02-26,P005,Ceramide Barrier Cream,Skin,4,14,42,0.25,Online,NYC,Combination
YUL-16921,2024-11-17,P002,Fermented Rice Serum,Skin,3,15,45,0.0,Online,Seoul,Sensitive
YUL-16922,2025-06-29,P003,Scalp Soothing Oil,Hair,4,8,28,0.0,Sephora,Tokyo,Dry
YUL-16923,2024-12-07,P002,Fermented Rice Serum,Skin,4,15,45,0.25,Sephora,London,Dry
YUL-16924,2024-07-01,P001,Deep Sea Hair Mask,Hair,3,12,38,0.25,Sephora,Tokyo,Sensitive
YUL-16925,2024-09-07,P005,Ceramide Barrier Cream,Skin,3,14,42,0.0,Sephora,Seoul,Oily
YUL-16926,2025-12-14,P003,Scalp Soothing Oil,Hair,4,8,28,0.0,Sephora,Tokyo,Oily
YUL-16927,2025-11-17,P005,Ceramide Barrier Cream,Skin,4,14,42,0.1,Sephora,Tokyo,Combination
YUL-16928,2024-03-16,P002,Fermented Rice Serum,Skin,3,15,45,0.25,Online,London,Oily
YUL-16929,2024-04-19,P001,Deep Sea Hair Mask,Hair,4,12,38,0.0,Sephora,London,Combination
YUL-16930,2025-05-17,P002,Fermented Rice Serum,Skin,1,15,45,0.25,Flagship Store,NYC,Oily
YUL-16931,2024-05-19,P003,Scalp Soothing Oil,Hair,3,8,28,0.1,Olive Young,London,Sensitive
YUL-16932,2024-12-19,P003,Scalp Soothing Oil,Hair,2,8,28,0.0,Flagship Store,NYC,Oily
YUL-16933,2024-08-22,P001,Deep Sea Hair Mask,Hair,1,12,38,0.0,Flagship Store,London,Oily
YUL-16934,2024-09-10,P004,Mugwort Essence,Skin,2,10,32,0.25,Online,Tokyo,Sensitive
YUL-16935,2025-08-28,P005,Ceramide Barrier Cream,Skin,2,14,42,0.2,Online,NYC,Oily
YUL-16936,2025-04-28,P005,Ceramide Barrier Cream,Skin,2,14,42,0.0,Flagship Store,Tokyo,Combination
YUL-16937,2025-07-06,P004,Mugwort Essence,Skin,4,10,32,0.0,Flagship Store,NYC,Dry
YUL-16938,2025-11-10,P002,Fermented Rice Serum,Skin,3,15,45,0.25,Sephora,London,Oily
YUL-16939,2024-03-16,P003,Scalp Soothing Oil,Hair,2,8,28,0.0,Flagship Store,Seoul,Sensitive
YUL-16940,2024-12-09,P005,Ceramide Barrier Cream,Skin,2,14,42,0.25,Olive Young,Tokyo,Sensitive
YUL-16941,2024-05-11,P004,Mugwort Essence,Skin,3,10,32,0.0,Sephora,London,Oily
YUL-16942,2025-04-14,P005,Ceramide Barrier Cream,Skin,1,14,42,0.1,Olive Young,London,Oily
YUL-16943,2025-10-25,P002,Fermented Rice Serum,Skin,3,15,45,0.0,Sephora,NYC,Combination
YUL-16944,2025-03-06,P005,Ceramide Barrier Cream,Skin,1,14,42,0.0,Online,Seoul,Dry
YUL-16945,2024-09-07,P001,Deep Sea Hair Mask,Hair,4,12,38,0.0,Olive Young,Tokyo,Oily
YUL-16946,2025-11-09,P002,Fermented Rice Serum,Skin,1,15,45,0.0,Sephora,Tokyo,Oily
YUL-16947,2024-01-13,P001,Deep Sea Hair Mask,Hair,4,12,38,0.0,Olive Young,London,Combination
YUL-16948,2024-01-11,P001,Deep Sea Hair Mask,Hair,3,12,38,0.0,Flagship Store,London,Dry
YUL-16949,2024-03-30,P005,Ceramide Barrier Cream,Skin,4,14,42,0.0,Sephora,NYC,Sensitive
YUL-16950,2025-02-07,P001,Deep Sea Hair Mask,Hair,2,12,38,0.0,Online,Seoul,Combination
YUL-16951,2024-11-27,P002,Fermented Rice Serum,Skin,1,15,45,0.0,Olive Young,London,Combination
YUL-16952,2025-12-25,P001,Deep Sea Hair Mask,Hair,3,12,38,0.1,Flagship Store,Seoul,Sensitive
YUL-16953,2025-12-20,P003,Scalp Soothing Oil,Hair,1,8,28,0.1,Online,Tokyo,Combination
YUL-16954,2025-10-21,P001,Deep Sea Hair Mask,Hair,1,12,38,0.25,Olive Young,Seoul,Combination
YUL-16955,2025-09-08,P002,Fermented Rice Serum,Skin,4,15,45,0.0,Sephora,London,Combination
YUL-16956,2024-10-03,P002,Fermented Rice Serum,Skin,1,15,45,0.25,Online,NYC,Oily
YUL-16957,2025-10-14,P004,Mugwort Essence,Skin,4,10,32,0.2,Online,NYC,Dry
YUL-16958,2024-04-12,P004,Mugwort Essence,Skin,4,10,32,0.1,Online,London,Oily
YUL-16959,2025-09-25,P003,Scalp Soothing Oil,Hair,1,8,28,0.0,Online,Tokyo,Oily
YUL-16960,2025-06-20,P004,Mugwort Essence,Skin,1,10,32,0.0,Flagship Store,NYC,Dry
YUL-16961,2024-12-06,P005,Ceramide Barrier Cream,Skin,4,14,42,0.2,Olive Young,Tokyo,Dry
YUL-16962,2025-06-14,P005,Ceramide Barrier Cream,Skin,2,14,42,0.0,Sephora,NYC,Oily
YUL-16963,2025-01-09,P002,Fermented Rice Serum,Skin,3,15,45,0.1,Flagship Store,NYC,Oily
YUL-16964,2024-05-21,P001,Deep Sea Hair Mask,Hair,3,12,38,0.1,Sephora,Seoul,Combination
YUL-16965,2024-03-22,P004,Mugwort Essence,Skin,1,10,32,0.0,Online,Seoul,Sensitive
YUL-16966,2024-04-13,P005,Ceramide Barrier Cream,Skin,4,14,42,0.0,Flagship Store,Seoul,Dry
YUL-16967,2024-09-15,P003,Scalp Soothing Oil,Hair,1,8,28,0.0,Olive Young,Seoul,Sensitive
YUL-16968,2024-12-02,P001,Deep Sea Hair Mask,Hair,3,12,38,0.25,Online,NYC,Sensitive
YUL-16969,2025-07-17,P004,Mugwort Essence,Skin,3,10,32,0.0,Olive Young,Tokyo,Sensitive
YUL-16970,2025-08-05,P001,Deep Sea Hair Mask,Hair,1,12,38,0.2,Olive Young,Seoul,Sensitive
YUL-16971,2025-02-14,P005,Ceramide Barrier Cream,Skin,2,14,42,0.0,Flagship Store,London,Oily
YUL-16972,2024-12-27,P004,Mugwort Essence,Skin,4,10,32,0.0,Sephora,London,Oily
YUL-16973,2024-01-19,P001,Deep Sea Hair Mask,Hair,1,12,38,0.2,Flagship Store,Tokyo,Dry
YUL-16974,2024-11-12,P002,Fermented Rice Serum,Skin,3,15,45,0.2,Sephora,NYC,Dry
YUL-16975,2025-11-25,P003,Scalp Soothing Oil,Hair,2,8,28,0.1,Flagship Store,Seoul,Combination
YUL-16976,2025-05-29,P002,Fermented Rice Serum,Skin,2,15,45,0.0,Olive Young,NYC,Oily
YUL-16977,2024-07-22,P002,Fermented Rice Serum,Skin,1,15,45,0.0,Flagship Store,London,Combination
YUL-16978,2025-11-24,P002,Fermented Rice Serum,Skin,3,15,45,0.2,Sephora,London,Oily
YUL-16979,2025-12-16,P003,Scalp Soothing Oil,Hair,1,8,28,0.0,Olive Young,Seoul,Sensitive
YUL-16980,2025-05-27,P005,Ceramide Barrier Cream,Skin,3,14,42,0.2,Olive Young,Seoul,Dry
YUL-16981,2025-04-23,P005,Ceramide Barrier Cream,Skin,1,14,42,0.2,Online,NYC,Sensitive
YUL-16982,2025-12-29,P005,Ceramide Barrier Cream,Skin,4,14,42,0.0,Olive Young,Seoul,Combination
YUL-16983,2025-09-16,P003,Scalp Soothing Oil,Hair,3,8,28,0.0,Flagship Store,Tokyo,Oily
YUL-16984,2025-04-29,P005,Ceramide Barrier Cream,Skin,4,14,42,0.2,Flagship Store,Seoul,Sensitive
YUL-16985,2024-05-10,P004,Mugwort Essence,Skin,2,10,32,0.0,Sephora,London,Oily
YUL-16986,2025-04-16,P004,Mugwort Essence,Skin,4,10,32,0.0,Sephora,Seoul,Oily
YUL-16987,2024-05-20,P005,Ceramide Barrier Cream,Skin,4,14,42,0.1,Olive Young,Tokyo,Sensitive
YUL-16988,2025-04-05,P003,Scalp Soothing Oil,Hair,1,8,28,0.2,Flagship Store,Tokyo,Combination
YUL-16989,2024-10-11,P003,Scalp Soothing Oil,Hair,1,8,28,0.25,Online,London,Dry
YUL-16990,2025-11-13,P002,Fermented Rice Serum,Skin,4,15,45,0.25,Flagship Store,Tokyo,Combination
YUL-16991,2024-11-03,P004,Mugwort Essence,Skin,2,10,32,0.0,Flagship Store,Tokyo,Sensitive
YUL-16992,2024-12-20,P001,Deep Sea Hair Mask,Hair,2,12,38,0.1,Online,Seoul,Oily
YUL-16993,2024-02-02,P003,Scalp Soothing Oil,Hair,2,8,28,0.0,Online,Seoul,Combination
YUL-16994,2025-09-27,P005,Ceramide Barrier Cream,Skin,3,14,42,0.2,Online,London,Sensitive
YUL-16995,2025-11-08,P005,Ceramide Barrier Cream,Skin,3,14,42,0.0,Flagship Store,Seoul,Dry
YUL-16996,2025-03-18,P002,Fermented Rice Serum,Skin,1,15,45,0.1,Olive Young,NYC,Oily
YUL-16997,2024-02-08,P004,Mugwort Essence,Skin,1,10,32,0.2,Online,London,Oily
YUL-16998,2025-02-05,P001,Deep Sea Hair Mask,Hair,4,12,38,0.2,Online,London,Oily
YUL-16999,2024-09-04,P002,Fermented Rice Serum,Skin,2,15,45,0.0,Online,NYC,Combination
YUL-17000,2024-04-10,P003,Scalp Soothing Oil,Hair,2,8,28,0.2,Flagship Store,NYC,Dry
YUL-17001,2024-12-06,P003,Scalp Soothing Oil,Hair,2,8,28,0.0,Online,London,Oily
YUL-17002,2025-05-16,P005,Ceramide Barrier Cream,Skin,4,14,42,0.2,Flagship Store,Tokyo,Oily
YUL-17003,2024-05-03,P002,Fermented Rice Serum,Skin,4,15,45,0.0,Sephora,Seoul,Sensitive
YUL-17004,2025-12-31,P002,Fermented Rice Serum,Skin,2,15,45,0.0,Online,Tokyo,Combination
YUL-17005,2024-02-07,P003,Scalp Soothing Oil,Hair,2,8,28,0.1,Sephora,Tokyo,Sensitive
YUL-17006,2024-05-17,P005,Ceramide Barrier Cream,Skin,2,14,42,0.2,Online,NYC,Sensitive
YUL-17007,2024-05-23,P003,Scalp Soothing Oil,Hair,4,8,28,0.0,Flagship Store,Seoul,Dry
YUL-17008,2024-02-07,P001,Deep Sea Hair Mask,Hair,4,12,38,0.0,Flagship Store,Tokyo,Sensitive
YUL-17009,2025-12-13,P003,Scalp Soothing Oil,Hair,1,8,28,0.0,Online,Tokyo,Oily
YUL-17010,2024-03-06,P005,Ceramide Barrier Cream,Skin,3,14,42,0.0,Flagship Store,London,Combination
YUL-17011,2024-05-29,P001,Deep Sea Hair Mask,Hair,2,12,38,0.0,Flagship Store,Tokyo,Oily
YUL-17012,2024-12-04,P003,Scalp Soothing Oil,Hair,4,8,28,0.0,Olive Young,Tokyo,Dry
YUL-17013,2024-03-08,P003,Scalp Soothing Oil,Hair,2,8,28,0.25,Online,NYC,Combination
YUL-17014,2025-06-15,P002,Fermented Rice Serum,Skin,1,15,45,0.2,Sephora,NYC,Oily
YUL-17015,2024-06-07,P002,Fermented Rice Serum,Skin,1,15,45,0.0,Sephora,Tokyo,Oily
YUL-17016,2025-11-21,P003,Scalp Soothing Oil,Hair,4,8,28,0.0,Online,Seoul,Combination
YUL-17017,2025-05-19,P004,Mugwort Essence,Skin,1,10,32,0.0,Sephora,Tokyo,Dry
YUL-17018,2024-07-01,P001,Deep Sea Hair Mask,Hair,2,12,38,0.2,Sephora,Seoul,Dry
YUL-17019,2024-04-02,P001,Deep Sea Hair Mask,Hair,1,12,38,0.0,Olive Young,Tokyo,Oily
YUL-17020,2024-04-11,P001,Deep Sea Hair Mask,Hair,4,12,38,0.2,Olive Young,London,Combination
YUL-17021,2024-02-08,P003,Scalp Soothing Oil,Hair,3,8,28,0.1,Sephora,NYC,Combination
YUL-17022,2025-12-29,P005,Ceramide Barrier Cream,Skin,1,14,42,0.2,Olive Young,Tokyo,Combination
YUL-17023,2024-11-02,P004,Mugwort Essence,Skin,4,10,32,0.25,Sephora,Tokyo,Sensitive
YUL-17024,2025-10-10,P003,Scalp Soothing Oil,Hair,3,8,28,0.0,Olive Young,London,Sensitive
YUL-17025,2025-07-22,P002,Fermented Rice Serum,Skin,2,15,45,0.0,Sephora,London,Sensitive
YUL-17026,2024-05-21,P003,Scalp Soothing Oil,Hair,4,8,28,0.0,Flagship Store,London,Combination
YUL-17027,2024-03-27,P001,Deep Sea Hair Mask,Hair,3,12,38,0.2,Online,NYC,Combination
YUL-17028,2025-11-06,P003,Scalp Soothing Oil,Hair,3,8,28,0.0,Sephora,London,Dry
YUL-17029,2024-10-05,P001,Deep Sea Hair Mask,Hair,1,12,38,0.25,Sephora,Seoul,Combination
YUL-17030,2024-10-14,P004,Mugwort Essence,Skin,4,10,32,0.0,Online,Seoul,Combination
YUL-17031,2024-05-14,P002,Fermented Rice Serum,Skin,2,15,45,0.1,Sephora,London,Sensitive
YUL-17032,2025-06-18,P005,Ceramide Barrier Cream,Skin,3,14,42,0.2,Flagship Store,Tokyo,Dry
YUL-17033,2024-01-11,P005,Ceramide Barrier Cream,Skin,3,14,42,0.2,Online,Seoul,Combination
YUL-17034,2024-12-26,P003,Scalp Soothing Oil,Hair,1,8,28,0.0,Flagship Store,Seoul,Oily
YUL-17035,2025-05-25,P004,Mugwort Essence,Skin,1,10,32,0.0,Sephora,Seoul,Combination
YUL-17036,2024-10-31,P001,Deep Sea Hair Mask,Hair,2,12,38,0.0,Flagship Store,NYC,Dry
YUL-17037,2024-11-26,P004,Mugwort Essence,Skin,2,10,32,0.2,Olive Young,London,Sensitive
YUL-17038,2025-04-02,P001,Deep Sea Hair Mask,Hair,2,12,38,0.0,Online,NYC,Sensitive
YUL-17039,2024-12-15,P005,Ceramide Barrier Cream,Skin,4,14,42,0.0,Olive Young,Tokyo,Combination
YUL-17040,2025-11-15,P004,Mugwort Essence,Skin,4,10,32,0.1,Sephora,London,Combination
YUL-17041,2025-09-25,P001,Deep Sea Hair Mask,Hair,2,12,38,0.0,Online,Tokyo,Sensitive
YUL-17042,2025-03-02,P005,Ceramide Barrier Cream,Skin,1,14,42,0.0,Flagship Store,Seoul,Combination
YUL-17043,2024-10-29,P002,Fermented Rice Serum,Skin,1,15,45,0.0,Olive Young,London,Sensitive
YUL-17044,2025-04-14,P002,Fermented Rice Serum,Skin,3,15,45,0.1,Olive Young,Tokyo,Combination
YUL-17045,2025-11-04,P005,Ceramide Barrier Cream,Skin,2,14,42,0.2,Sephora,NYC,Dry
YUL-17046,2024-12-12,P001,Deep Sea Hair Mask,Hair,2,12,38,0.0,Online,London,Combination
YUL-17047,2024-08-17,P003,Scalp Soothing Oil,Hair,2,8,28,0.0,Olive Young,Tokyo,Sensitive
YUL-17048,2024-11-24,P004,Mugwort Essence,Skin,3,10,32,0.0,Flagship Store,NYC,Sensitive
YUL-17049,2025-05-14,P002,Fermented Rice Serum,Skin,4,15,45,0.0,Online,Tokyo,Dry
YUL-17050,2025-07-14,P001,Deep Sea Hair Mask,Hair,1,12,38,0.2,Olive Young,London,Sensitive
YUL-17051,2024-06-11,P004,Mugwort Essence,Skin,1,10,32,0.2,Sephora,London,Dry
YUL-17052,2024-01-02,P005,Ceramide Barrier Cream,Skin,1,14,42,0.0,Online,Tokyo,Combination
YUL-17053,2025-03-28,P002,Fermented Rice Serum,Skin,3,15,45,0.0,Sephora,NYC,Combination
YUL-17054,2025-12-23,P002,Fermented Rice Serum,Skin,3,15,45,0.1,Flagship Store,London,Combination
YUL-17055,2025-12-18,P005,Ceramide Barrier Cream,Skin,3,14,42,0.0,Online,London,Sensitive
YUL-17056,2024-06-25,P001,Deep Sea Hair Mask,Hair,1,12,38,0.0,Online,Tokyo,Combination
YUL-17057,2025-12-08,P003,Scalp Soothing Oil,Hair,3,8,28,0.1,Online,London,Sensitive
YUL-17058,2025-07-02,P002,Fermented Rice Serum,Skin,1,15,45,0.1,Olive Young,Seoul,Combination
YUL-17059,2024-01-23,P004,Mugwort Essence,Skin,3,10,32,0.25,Flagship Store,Seoul,Combination
YUL-17060,2025-11-10,P001,Deep Sea Hair Mask,Hair,1,12,38,0.0,Sephora,London,Sensitive
YUL-17061,2024-02-25,P005,Ceramide Barrier Cream,Skin,1,14,42,0.0,Sephora,London,Combination
YUL-17062,2024-07-03,P002,Fermented Rice Serum,Skin,4,15,45,0.1,Olive Young,Tokyo,Dry
YUL-17063,2025-02-23,P003,Scalp Soothing Oil,Hair,3,8,28,0.1,Online,London,Sensitive
YUL-17064,2025-08-10,P003,Scalp Soothing Oil,Hair,4,8,28,0.25,Online,London,Combination
YUL-17065,2024-05-29,P003,Scalp Soothing Oil,Hair,1,8,28,0.0,Flagship Store,Seoul,Oily
YUL-17066,2024-02-10,P001,Deep Sea Hair Mask,Hair,4,12,38,0.25,Sephora,Tokyo,Oily
YUL-17067,2025-12-29,P002,Fermented Rice Serum,Skin,3,15,45,0.1,Flagship Store,Seoul,Sensitive
YUL-17068,2025-04-17,P004,Mugwort Essence,Skin,3,10,32,0.2,Flagship Store,London,Combination
YUL-17069,2025-09-12,P005,Ceramide Barrier Cream,Skin,1,14,42,0.25,Sephora,London,Dry
YUL-17070,2025-09-06,P004,Mugwort Essence,Skin,1,10,32,0.0,Olive Young,Seoul,Combination
YUL-17071,2024-07-14,P004,Mugwort Essence,Skin,3,10,32,0.0,Online,Tokyo,Oily
YUL-17072,2025-08-24,P001,Deep Sea Hair Mask,Hair,1,12,38,0.0,Flagship Store,NYC,Dry
YUL-17073,2025-07-17,P002,Fermented Rice Serum,Skin,3,15,45,0.2,Sephora,NYC,Sensitive
YUL-17074,2025-11-06,P004,Mugwort Essence,Skin,4,10,32,0.0,Olive Young,NYC,Sensitive
YUL-17075,2024-11-08,P004,Mugwort Essence,Skin,4,10,32,0.2,Olive Young,Tokyo,Combination
YUL-17076,2024-11-08,P005,Ceramide Barrier Cream,Skin,4,14,42,0.0,Online,Seoul,Dry
YUL-17077,2025-09-01,P004,Mugwort Essence,Skin,4,10,32,0.1,Online,London,Dry
YUL-17078,2025-05-30,P005,Ceramide Barrier Cream,Skin,3,14,42,0.0,Olive Young,Tokyo,Dry
YUL-17079,2025-12-18,P001,Deep Sea Hair Mask,Hair,2,12,38,0.0,Sephora,Seoul,Oily
YUL-17080,2024-11-10,P003,Scalp Soothing Oil,Hair,1,8,28,0.25,Online,London,Sensitive
YUL-17081,2025-07-26,P003,Scalp Soothing Oil,Hair,3,8,28,0.0,Flagship Store,Tokyo,Combination
YUL-17082,2024-01-13,P002,Fermented Rice Serum,Skin,2,15,45,0.0,Sephora,Seoul,Dry
YUL-17083,2024-04-22,P002,Fermented Rice Serum,Skin,4,15,45,0.25,Sephora,NYC,Dry
YUL-17084,2024-06-03,P005,Ceramide Barrier Cream,Skin,4,14,42,0.2,Olive Young,Tokyo,Combination
YUL-17085,2024-09-24,P002,Fermented Rice Serum,Skin,3,15,45,0.1,Sephora,Tokyo,Sensitive
YUL-17086,2024-03-11,P003,Scalp Soothing Oil,Hair,4,8,28,0.2,Flagship Store,Tokyo,Sensitive
YUL-17087,2025-12-20,P002,Fermented Rice Serum,Skin,4,15,45,0.0,Olive Young,Tokyo,Oily
YUL-17088,2025-03-07,P003,Scalp Soothing Oil,Hair,2,8,28,0.0,Sephora,NYC,Sensitive
YUL-17089,2025-08-28,P002,Fermented Rice Serum,Skin,1,15,45,0.0,Sephora,Tokyo,Dry
YUL-17090,2025-12-11,P004,Mugwort Essence,Skin,3,10,32,0.25,Online,NYC,Oily
YUL-17091,2024-11-06,P004,Mugwort Essence,Skin,4,10,32,0.0,Online,NYC,Sensitive
YUL-17092,2024-10-05,P002,Fermented Rice Serum,Skin,4,15,45,0.25,Olive Young,Tokyo,Dry
YUL-17093,2025-10-15,P001,Deep Sea Hair Mask,Hair,2,12,38,0.1,Online,London,Oily
YUL-17094,2024-02-01,P003,Scalp Soothing Oil,Hair,4,8,28,0.0,Sephora,NYC,Sensitive
YUL-17095,2025-02-02,P005,Ceramide Barrier Cream,Skin,4,14,42,0.0,Olive Young,Seoul,Combination
YUL-17096,2024-10-03,P001,Deep Sea Hair Mask,Hair,1,12,38,0.25,Online,NYC,Sensitive
YUL-17097,2024-06-05,P002,Fermented Rice Serum,Skin,2,15,45,0.0,Sephora,NYC,Dry
YUL-17098,2024-01-12,P003,Scalp Soothing Oil,Hair,4,8,28,0.0,Olive Young,NYC,Combination
YUL-17099,2024-11-23,P002,Fermented Rice Serum,Skin,3,15,45,0.0,Sephora,Tokyo,Sensitive
YUL-17100,2025-04-19,P002,Fermented Rice Serum,Skin,3,15,45,0.0,Online,London,Sensitive
YUL-17101,2024-07-16,P002,Fermented Rice Serum,Skin,4,15,45,0.0,Flagship Store,Tokyo,Dry
YUL-17102,2025-04-22,P004,Mugwort Essence,Skin,1,10,32,0.2,Sephora,London,Combination
YUL-17103,2025-02-22,P003,Scalp Soothing Oil,Hair,1,8,28,0.1,Olive Young,Tokyo,Sensitive
YUL-17104,2025-03-06,P003,Scalp Soothing Oil,Hair,4,8,28,0.0,Online,Tokyo,Combination
YUL-17105,2024-02-15,P005,Ceramide Barrier Cream,Skin,3,14,42,0.0,Online,Seoul,Sensitive
YUL-17106,2025-01-21,P001,Deep Sea Hair Mask,Hair,4,12,38,0.1,Online,NYC,Dry
YUL-17107,2024-08-05,P003,Scalp Soothing Oil,Hair,4,8,28,0.25,Online,Tokyo,Sensitive
YUL-17108,2025-06-04,P001,Deep Sea Hair Mask,Hair,2,12,38,0.1,Sephora,NYC,Dry
YUL-17109,2025-04-18,P001,Deep Sea Hair Mask,Hair,4,12,38,0.0,Flagship Store,London,Sensitive
YUL-17110,2024-11-13,P005,Ceramide Barrier Cream,Skin,2,14,42,0.25,Olive Young,Tokyo,Oily
YUL-17111,2024-05-20,P001,Deep Sea Hair Mask,Hair,3,12,38,0.0,Online,Tokyo,Oily
YUL-17112,2024-02-21,P005,Ceramide Barrier Cream,Skin,3,14,42,0.25,Online,NYC,Sensitive
YUL-17113,2024-11-07,P003,Scalp Soothing Oil,Hair,1,8,28,0.0,Olive Young,Tokyo,Combination
YUL-17114,2025-09-03,P005,Ceramide Barrier Cream,Skin,1,14,42,0.1,Online,Tokyo,Combination
YUL-17115,2024-07-31,P002,Fermented Rice Serum,Skin,4,15,45,0.0,Sephora,Seoul,Combination
YUL-17116,2024-12-13,P004,Mugwort Essence,Skin,3,10,32,0.0,Online,NYC,Sensitive
YUL-17117,2025-11-08,P001,Deep Sea Hair Mask,Hair,3,12,38,0.25,Online,NYC,Sensitive
YUL-17118,2025-07-26,P001,Deep Sea Hair Mask,Hair,3,12,38,0.2,Flagship Store,London,Dry
YUL-17119,2024-01-30,P005,Ceramide Barrier Cream,Skin,2,14,42,0.0,Sephora,NYC,Dry
YUL-17120,2025-09-16,P003,Scalp Soothing Oil,Hair,3,8,28,0.0,Sephora,Seoul,Sensitive
YUL-17121,2025-04-10,P003,Scalp Soothing Oil,Hair,2,8,28,0.0,Flagship Store,Seoul,Oily
YUL-17122,2024-04-01,P004,Mugwort Essence,Skin,1,10,32,0.2,Flagship Store,London,Dry
YUL-17123,2024-06-28,P004,Mugwort Essence,Skin,2,10,32,0.0,Sephora,NYC,Sensitive
YUL-17124,2025-01-05,P002,Fermented Rice Serum,Skin,4,15,45,0.1,Olive Young,Tokyo,Dry
YUL-17125,2025-03-03,P004,Mugwort Essence,Skin,1,10,32,0.25,Online,Seoul,Oily
YUL-17126,2024-03-21,P005,Ceramide Barrier Cream,Skin,1,14,42,0.0,Flagship Store,London,Sensitive
YUL-17127,2025-02-25,P002,Fermented Rice Serum,Skin,2,15,45,0.0,Olive Young,Tokyo,Oily
YUL-17128,2024-10-11,P002,Fermented Rice Serum,Skin,1,15,45,0.1,Sephora,NYC,Sensitive
YUL-17129,2025-08-25,P003,Scalp Soothing Oil,Hair,2,8,28,0.0,Sephora,Tokyo,Combination
YUL-17130,2024-03-21,P005,Ceramide Barrier Cream,Skin,2,14,42,0.2,Flagship Store,London,Combination
YUL-17131,2024-09-11,P005,Ceramide Barrier Cream,Skin,3,14,42,0.0,Flagship Store,London,Combination
YUL-17132,2024-08-20,P005,Ceramide Barrier Cream,Skin,2,14,42,0.0,Online,NYC,Oily
YUL-17133,2024-03-07,P001,Deep Sea Hair Mask,Hair,2,12,38,0.1,Flagship Store,NYC,Dry
YUL-17134,2025-02-17,P004,Mugwort Essence,Skin,1,10,32,0.2,Olive Young,London,Sensitive
YUL-17135,2024-09-18,P001,Deep Sea Hair Mask,Hair,2,12,38,0.0,Online,Seoul,Combination
YUL-17136,2025-07-16,P005,Ceramide Barrier Cream,Skin,4,14,42,0.0,Sephora,Tokyo,Sensitive
YUL-17137,2024-05-21,P004,Mugwort Essence,Skin,2,10,32,0.0,Sephora,London,Combination
YUL-17138,2024-06-13,P004,Mugwort Essence,Skin,4,10,32,0.25,Online,NYC,Combination
YUL-17139,2025-07-22,P004,Mugwort Essence,Skin,4,10,32,0.1,Olive Young,London,Oily
YUL-17140,2024-08-26,P002,Fermented Rice Serum,Skin,1,15,45,0.2,Sephora,Tokyo,Combination
YUL-17141,2025-02-16,P004,Mugwort Essence,Skin,3,10,32,0.1,Sephora,London,Sensitive
YUL-17142,2024-12-27,P004,Mugwort Essence,Skin,3,10,32,0.2,Olive Young,NYC,Sensitive
YUL-17143,2024-12-07,P001,Deep Sea Hair Mask,Hair,4,12,38,0.25,Olive Young,London,Dry
YUL-17144,2025-01-25,P005,Ceramide Barrier Cream,Skin,4,14,42,0.25,Olive Young,London,Sensitive
YUL-17145,2025-02-11,P001,Deep Sea Hair Mask,Hair,4,12,38,0.0,Flagship Store,Tokyo,Combination
YUL-17146,2025-10-29,P004,Mugwort Essence,Skin,4,10,32,0.0,Flagship Store,NYC,Dry
YUL-17147,2025-09-18,P005,Ceramide Barrier Cream,Skin,1,14,42,0.25,Flagship Store,London,Sensitive
YUL-17148,2024-08-04,P004,Mugwort Essence,Skin,2,10,32,0.2,Olive Young,Tokyo,Combination
YUL-17149,2025-10-18,P005,Ceramide Barrier Cream,Skin,3,14,42,0.1,Flagship Store,Tokyo,Dry
YUL-17150,2024-02-24,P001,Deep Sea Hair Mask,Hair,4,12,38,0.0,Olive Young,NYC,Combination
YUL-17151,2024-10-04,P005,Ceramide Barrier Cream,Skin,4,14,42,0.2,Flagship Store,London,Sensitive
YUL-17152,2025-10-21,P005,Ceramide Barrier Cream,Skin,4,14,42,0.1,Flagship Store,London,Oily
YUL-17153,2025-11-01,P005,Ceramide Barrier Cream,Skin,4,14,42,0.0,Flagship Store,Seoul,Dry
YUL-17154,2025-06-11,P003,Scalp Soothing Oil,Hair,2,8,28,0.0,Online,Seoul,Sensitive
YUL-17155,2025-03-24,P002,Fermented Rice Serum,Skin,3,15,45,0.25,Flagship Store,Tokyo,Sensitive
YUL-17156,2025-05-18,P003,Scalp Soothing Oil,Hair,4,8,28,0.0,Online,London,Dry
YUL-17157,2024-02-25,P001,Deep Sea Hair Mask,Hair,4,12,38,0.0,Online,London,Dry
YUL-17158,2024-06-12,P003,Scalp Soothing Oil,Hair,3,8,28,0.1,Olive Young,London,Oily
YUL-17159,2025-06-17,P003,Scalp Soothing Oil,Hair,1,8,28,0.0,Olive Young,Tokyo,Dry
YUL-17160,2024-12-08,P004,Mugwort Essence,Skin,2,10,32,0.2,Flagship Store,Tokyo,Sensitive
YUL-17161,2024-02-14,P004,Mugwort Essence,Skin,3,10,32,0.0,Flagship Store,London,Dry
YUL-17162,2025-02-08,P001,Deep Sea Hair Mask,Hair,3,12,38,0.0,Online,London,Combination
YUL-17163,2025-03-30,P001,Deep Sea Hair Mask,Hair,2,12,38,0.1,Online,London,Dry
YUL-17164,2024-05-20,P005,Ceramide Barrier Cream,Skin,3,14,42,0.25,Sephora,NYC,Sensitive
YUL-17165,2024-08-26,P002,Fermented Rice Serum,Skin,4,15,45,0.2,Olive Young,London,Dry
YUL-17166,2025-01-08,P004,Mugwort Essence,Skin,1,10,32,0.2,Sephora,NYC,Oily
YUL-17167,2024-06-30,P004,Mugwort Essence,Skin,2,10,32,0.0,Olive Young,Seoul,Dry
YUL-17168,2024-07-05,P002,Fermented Rice Serum,Skin,3,15,45,0.0,Sephora,Tokyo,Combination
YUL-17169,2025-04-08,P004,Mugwort Essence,Skin,3,10,32,0.25,Flagship Store,Seoul,Dry
YUL-17170,2024-04-25,P001,Deep Sea Hair Mask,Hair,4,12,38,0.25,Sephora,Seoul,Dry
YUL-17171,2025-06-20,P003,Scalp Soothing Oil,Hair,3,8,28,0.25,Online,London,Combination
YUL-17172,2025-06-25,P002,Fermented Rice Serum,Skin,1,15,45,0.0,Flagship Store,London,Combination
YUL-17173,2024-02-09,P002,Fermented Rice Serum,Skin,1,15,45,0.1,Flagship Store,Tokyo,Sensitive
YUL-17174,2025-01-20,P005,Ceramide Barrier Cream,Skin,2,14,42,0.0,Olive Young,Seoul,Dry
YUL-17175,2025-01-20,P004,Mugwort Essence,Skin,3,10,32,0.0,Online,NYC,Sensitive
YUL-17176,2024-04-18,P005,Ceramide Barrier Cream,Skin,4,14,42,0.1,Flagship Store,NYC,Dry
YUL-17177,2024-09-02,P005,Ceramide Barrier Cream,Skin,3,14,42,0.1,Online,London,Combination
YUL-17178,2024-04-25,P001,Deep Sea Hair Mask,Hair,4,12,38,0.0,Olive Young,NYC,Combination
YUL-17179,2024-07-11,P001,Deep Sea Hair Mask,Hair,1,12,38,0.0,Sephora,NYC,Dry
YUL-17180,2024-12-24,P002,Fermented Rice Serum,Skin,3,15,45,0.1,Flagship Store,NYC,Dry
YUL-17181,2024-04-27,P003,Scalp Soothing Oil,Hair,1,8,28,0.2,Flagship Store,Seoul,Dry
YUL-17182,2024-05-23,P001,Deep Sea Hair Mask,Hair,4,12,38,0.2,Olive Young,Seoul,Combination
YUL-17183,2024-10-29,P001,Deep Sea Hair Mask,Hair,1,12,38,0.25,Olive Young,London,Oily
YUL-17184,2025-02-10,P005,Ceramide Barrier Cream,Skin,2,14,42,0.25,Online,London,Dry
YUL-17185,2025-01-14,P005,Ceramide Barrier Cream,Skin,4,14,42,0.0,Online,Seoul,Dry
YUL-17186,2024-08-21,P004,Mugwort Essence,Skin,3,10,32,0.0,Sephora,Tokyo,Sensitive
YUL-17187,2025-10-24,P002,Fermented Rice Serum,Skin,3,15,45,0.2,Sephora,NYC,Dry
YUL-17188,2024-01-02,P005,Ceramide Barrier Cream,Skin,2,14,42,0.2,Online,Seoul,Sensitive
YUL-17189,2024-02-24,P003,Scalp Soothing Oil,Hair,3,8,28,0.25,Online,Seoul,Dry
YUL-17190,2024-06-09,P001,Deep Sea Hair Mask,Hair,3,12,38,0.0,Olive Young,Tokyo,Dry
YUL-17191,2025-02-08,P004,Mugwort Essence,Skin,2,10,32,0.0,Flagship Store,London,Sensitive
YUL-17192,2025-04-27,P002,Fermented Rice Serum,Skin,3,15,45,0.0,Online,London,Dry
YUL-17193,2024-06-27,P002,Fermented Rice Serum,Skin,3,15,45,0.0,Sephora,NYC,Sensitive
YUL-17194,2024-06-28,P003,Scalp Soothing Oil,Hair,2,8,28,0.0,Online,Tokyo,Sensitive
YUL-17195,2025-06-03,P003,Scalp Soothing Oil,Hair,2,8,28,0.0,Sephora,London,Oily
YUL-17196,2025-05-09,P001,Deep Sea Hair Mask,Hair,1,12,38,0.0,Flagship Store,Tokyo,Dry
YUL-17197,2025-02-25,P003,Scalp Soothing Oil,Hair,2,8,28,0.0,Flagship Store,NYC,Sensitive
YUL-17198,2025-10-04,P003,Scalp Soothing Oil,Hair,2,8,28,0.0,Flagship Store,Seoul,Combination
YUL-17199,2024-11-20,P004,Mugwort Essence,Skin,4,10,32,0.0,Flagship Store,London,Dry
YUL-17200,2025-02-07,P001,Deep Sea Hair Mask,Hair,4,12,38,0.0,Flagship Store,London,Sensitive
YUL-17201,2025-11-23,P001,Deep Sea Hair Mask,Hair,1,12,38,0.2,Online,Seoul,Oily
YUL-17202,2024-09-03,P003,Scalp Soothing Oil,Hair,2,8,28,0.0,Online,NYC,Dry
YUL-17203,2025-04-18,P005,Ceramide Barrier Cream,Skin,4,14,42,0.0,Olive Young,NYC,Oily
YUL-17204,2025-12-03,P001,Deep Sea Hair Mask,Hair,2,12,38,0.0,Olive Young,Tokyo,Combination
YUL-17205,2025-03-23,P002,Fermented Rice Serum,Skin,1,15,45,0.2,Online,Seoul,Combination
YUL-17206,2025-09-27,P002,Fermented Rice Serum,Skin,1,15,45,0.0,Flagship Store,Tokyo,Dry
YUL-17207,2024-01-25,P004,Mugwort Essence,Skin,2,10,32,0.0,Sephora,London,Combination
YUL-17208,2025-05-15,P003,Scalp Soothing Oil,Hair,2,8,28,0.25,Sephora,London,Sensitive
YUL-17209,2025-10-18,P001,Deep Sea Hair Mask,Hair,3,12,38,0.2,Olive Young,Tokyo,Dry
YUL-17210,2024-08-07,P004,Mugwort Essence,Skin,1,10,32,0.2,Online,London,Sensitive
YUL-17211,2025-02-27,P001,Deep Sea Hair Mask,Hair,4,12,38,0.25,Olive Young,NYC,Combination
YUL-17212,2024-04-16,P004,Mugwort Essence,Skin,3,10,32,0.2,Online,Tokyo,Combination
YUL-17213,2025-09-01,P005,Ceramide Barrier Cream,Skin,1,14,42,0.2,Olive Young,Tokyo,Oily
YUL-17214,2025-06-14,P005,Ceramide Barrier Cream,Skin,2,14,42,0.25,Olive Young,London,Combination
YUL-17215,2024-05-10,P003,Scalp Soothing Oil,Hair,2,8,28,0.25,Sephora,London,Oily
YUL-17216,2024-12-28,P001,Deep Sea Hair Mask,Hair,2,12,38,0.25,Sephora,London,Sensitive
YUL-17217,2025-05-08,P005,Ceramide Barrier Cream,Skin,2,14,42,0.25,Flagship Store,Tokyo,Oily
YUL-17218,2025-05-29,P001,Deep Sea Hair Mask,Hair,3,12,38,0.0,Olive Young,NYC,Combination
YUL-17219,2025-12-04,P002,Fermented Rice Serum,Skin,4,15,45,0.0,Flagship Store,Seoul,Dry
YUL-17220,2025-05-14,P005,Ceramide Barrier Cream,Skin,1,14,42,0.1,Sephora,Seoul,Dry
YUL-17221,2025-01-03,P004,Mugwort Essence,Skin,4,10,32,0.25,Flagship Store,NYC,Dry
YUL-17222,2024-11-28,P004,Mugwort Essence,Skin,4,10,32,0.2,Olive Young,NYC,Dry
YUL-17223,2025-10-03,P003,Scalp Soothing Oil,Hair,4,8,28,0.1,Olive Young,London,Combination
YUL-17224,2024-10-16,P001,Deep Sea Hair Mask,Hair,1,12,38,0.0,Online,NYC,Oily
YUL-17225,2024-04-21,P002,Fermented Rice Serum,Skin,3,15,45,0.2,Flagship Store,London,Oily
YUL-17226,2024-11-07,P001,Deep Sea Hair Mask,Hair,4,12,38,0.1,Sephora,Seoul,Combination
YUL-17227,2025-05-17,P001,Deep Sea Hair Mask,Hair,4,12,38,0.0,Flagship Store,Tokyo,Sensitive
YUL-17228,2025-11-18,P002,Fermented Rice Serum,Skin,3,15,45,0.25,Online,Seoul,Sensitive
YUL-17229,2024-08-03,P005,Ceramide Barrier Cream,Skin,1,14,42,0.0,Sephora,NYC,Sensitive
YUL-17230,2024-03-06,P004,Mugwort Essence,Skin,1,10,32,0.25,Olive Young,Tokyo,Oily
YUL-17231,2024-05-28,P002,Fermented Rice Serum,Skin,3,15,45,0.0,Sephora,Seoul,Sensitive
YUL-17232,2024-09-19,P004,Mugwort Essence,Skin,3,10,32,0.1,Olive Young,Tokyo,Oily
YUL-17233,2025-03-06,P002,Fermented Rice Serum,Skin,2,15,45,0.2,Sephora,Tokyo,Sensitive
YUL-17234,2024-09-04,P002,Fermented Rice Serum,Skin,2,15,45,0.25,Flagship Store,London,Oily
YUL-17235,2024-02-06,P002,Fermented Rice Serum,Skin,1,15,45,0.2,Olive Young,NYC,Dry
YUL-17236,2024-05-23,P001,Deep Sea Hair Mask,Hair,1,12,38,0.2,Olive Young,Seoul,Dry
YUL-17237,2024-07-13,P001,Deep Sea Hair Mask,Hair,2,12,38,0.1,Online,Tokyo,Dry
YUL-17238,2025-09-30,P005,Ceramide Barrier Cream,Skin,1,14,42,0.2,Online,London,Oily
YUL-17239,2024-09-04,P004,Mugwort Essence,Skin,2,10,32,0.0,Online,NYC,Oily
YUL-17240,2025-10-06,P002,Fermented Rice Serum,Skin,2,15,45,0.1,Flagship Store,Seoul,Dry
YUL-17241,2025-11-17,P001,Deep Sea Hair Mask,Hair,4,12,38,0.0,Sephora,NYC,Combination
YUL-17242,2025-12-16,P004,Mugwort Essence,Skin,3,10,32,0.25,Sephora,London,Sensitive
YUL-17243,2024-01-16,P003,Scalp Soothing Oil,Hair,1,8,28,0.0,Flagship Store,NYC,Combination
YUL-17244,2024-05-27,P001,Deep Sea Hair Mask,Hair,2,12,38,0.0,Sephora,NYC,Dry
YUL-17245,2024-08-29,P005,Ceramide Barrier Cream,Skin,3,14,42,0.25,Flagship Store,Seoul,Oily
YUL-17246,2024-12-20,P001,Deep Sea Hair Mask,Hair,3,12,38,0.25,Olive Young,London,Oily
YUL-17247,2024-10-17,P002,Fermented Rice Serum,Skin,3,15,45,0.0,Sephora,London,Dry
YUL-17248,2025-10-07,P005,Ceramide Barrier Cream,Skin,4,14,42,0.0,Flagship Store,Seoul,Oily
YUL-17249,2025-07-31,P001,Deep Sea Hair Mask,Hair,3,12,38,0.2,Olive Young,Seoul,Combination
YUL-17250,2024-07-04,P003,Scalp Soothing Oil,Hair,3,8,28,0.1,Olive Young,Tokyo,Oily
YUL-17251,2024-04-24,P002,Fermented Rice Serum,Skin,4,15,45,0.2,Online,London,Sensitive
YUL-17252,2024-01-01,P005,Ceramide Barrier Cream,Skin,3,14,42,0.0,Olive Young,Seoul,Dry
YUL-17253,2024-02-02,P005,Ceramide Barrier Cream,Skin,2,14,42,0.0,Olive Young,Seoul,Oily
YUL-17254,2025-06-14,P004,Mugwort Essence,Skin,1,10,32,0.0,Sephora,Tokyo,Sensitive
YUL-17255,2025-08-28,P002,Fermented Rice Serum,Skin,1,15,45,0.0,Flagship Store,Seoul,Sensitive
YUL-17256,2024-11-13,P002,Fermented Rice Serum,Skin,3,15,45,0.0,Online,NYC,Oily
YUL-17257,2024-02-29,P004,Mugwort Essence,Skin,2,10,32,0.2,Flagship Store,NYC,Dry
YUL-17258,2025-01-28,P001,Deep Sea Hair Mask,Hair,4,12,38,0.2,Olive Young,London,Oily
YUL-17259,2024-05-12,P002,Fermented Rice Serum,Skin,3,15,45,0.25,Online,Seoul,Oily
YUL-17260,2024-06-18,P001,Deep Sea Hair Mask,Hair,3,12,38,0.0,Flagship Store,NYC,Combination
YUL-17261,2024-08-11,P005,Ceramide Barrier Cream,Skin,2,14,42,0.25,Flagship Store,NYC,Dry
YUL-17262,2024-05-11,P001,Deep Sea Hair Mask,Hair,2,12,38,0.0,Online,London,Combination
YUL-17263,2024-09-14,P002,Fermented Rice Serum,Skin,3,15,45,0.1,Flagship Store,NYC,Combination
YUL-17264,2025-03-19,P004,Mugwort Essence,Skin,1,10,32,0.0,Flagship Store,London,Oily
YUL-17265,2024-07-12,P004,Mugwort Essence,Skin,3,10,32,0.0,Sephora,NYC,Combination
YUL-17266,2025-10-21,P001,Deep Sea Hair Mask,Hair,2,12,38,0.1,Flagship Store,London,Dry
YUL-17267,2025-05-13,P001,Deep Sea Hair Mask,Hair,4,12,38,0.0,Online,Tokyo,Combination
YUL-17268,2024-12-31,P005,Ceramide Barrier Cream,Skin,2,14,42,0.0,Olive Young,NYC,Sensitive
YUL-17269,2025-10-18,P002,Fermented Rice Serum,Skin,2,15,45,0.0,Online,London,Combination
YUL-17270,2025-04-01,P004,Mugwort Essence,Skin,3,10,32,0.2,Sephora,Tokyo,Oily
YUL-17271,2024-02-08,P002,Fermented Rice Serum,Skin,3,15,45,0.25,Online,NYC,Oily
YUL-17272,2024-07-22,P001,Deep Sea Hair Mask,Hair,1,12,38,0.0,Flagship Store,NYC,Combination
YUL-17273,2025-05-16,P004,Mugwort Essence,Skin,1,10,32,0.25,Olive Young,Seoul,Combination
YUL-17274,2024-03-07,P001,Deep Sea Hair Mask,Hair,3,12,38,0.25,Flagship Store,NYC,Sensitive
YUL-17275,2025-10-15,P005,Ceramide Barrier Cream,Skin,4,14,42,0.25,Online,Seoul,Oily
YUL-17276,2024-08-10,P001,Deep Sea Hair Mask,Hair,3,12,38,0.0,Sephora,London,Sensitive
YUL-17277,2024-09-06,P003,Scalp Soothing Oil,Hair,3,8,28,0.0,Flagship Store,London,Combination
YUL-17278,2024-04-10,P001,Deep Sea Hair Mask,Hair,1,12,38,0.0,Sephora,London,Sensitive
YUL-17279,2025-04-16,P005,Ceramide Barrier Cream,Skin,3,14,42,0.1,Online,Seoul,Oily
YUL-17280,2024-08-10,P004,Mugwort Essence,Skin,4,10,32,0.0,Flagship Store,Tokyo,Dry
YUL-17281,2024-06-10,P002,Fermented Rice Serum,Skin,4,15,45,0.0,Flagship Store,London,Dry
YUL-17282,2025-09-14,P004,Mugwort Essence,Skin,3,10,32,0.1,Olive Young,London,Oily
YUL-17283,2024-02-22,P003,Scalp Soothing Oil,Hair,4,8,28,0.0,Flagship Store,Tokyo,Oily
YUL-17284,2024-07-01,P005,Ceramide Barrier Cream,Skin,2,14,42,0.0,Sephora,NYC,Dry
YUL-17285,2025-07-27,P003,Scalp Soothing Oil,Hair,3,8,28,0.0,Flagship Store,London,Oily
YUL-17286,2025-11-23,P002,Fermented Rice Serum,Skin,4,15,45,0.1,Flagship Store,Tokyo,Sensitive
YUL-17287,2024-02-01,P005,Ceramide Barrier Cream,Skin,2,14,42,0.0,Olive Young,NYC,Combination
YUL-17288,2024-09-05,P005,Ceramide Barrier Cream,Skin,3,14,42,0.0,Online,Seoul,Combination
YUL-17289,2024-11-20,P003,Scalp Soothing Oil,Hair,4,8,28,0.0,Flagship Store,NYC,Dry
YUL-17290,2024-09-14,P001,Deep Sea Hair Mask,Hair,2,12,38,0.0,Olive Young,Tokyo,Dry
YUL-17291,2025-11-02,P005,Ceramide Barrier Cream,Skin,1,14,42,0.25,Online,NYC,Dry
YUL-17292,2024-02-28,P004,Mugwort Essence,Skin,3,10,32,0.1,Sephora,Tokyo,Combination
YUL-17293,2025-08-17,P001,Deep Sea Hair Mask,Hair,1,12,38,0.0,Flagship Store,Seoul,Combination
YUL-17294,2024-02-07,P003,Scalp Soothing Oil,Hair,3,8,28,0.25,Online,London,Sensitive
YUL-17295,2024-11-16,P001,Deep Sea Hair Mask,Hair,3,12,38,0.2,Olive Young,Tokyo,Combination
YUL-17296,2024-02-24,P005,Ceramide Barrier Cream,Skin,3,14,42,0.2,Olive Young,London,Combination
YUL-17297,2025-07-30,P001,Deep Sea Hair Mask,Hair,1,12,38,0.1,Flagship Store,NYC,Oily
YUL-17298,2024-05-05,P004,Mugwort Essence,Skin,1,10,32,0.2,Olive Young,London,Dry
YUL-17299,2024-03-30,P001,Deep Sea Hair Mask,Hair,3,12,38,0.0,Sephora,NYC,Oily
YUL-17300,2025-07-30,P002,Fermented Rice Serum,Skin,3,15,45,0.25,Sephora,NYC,Dry
YUL-17301,2024-08-19,P005,Ceramide Barrier Cream,Skin,3,14,42,0.0,Olive Young,London,Oily
YUL-17302,2025-08-15,P005,Ceramide Barrier Cream,Skin,2,14,42,0.2,Flagship Store,NYC,Dry
YUL-17303,2024-04-09,P003,Scalp Soothing Oil,Hair,2,8,28,0.0,Sephora,Seoul,Sensitive
YUL-17304,2025-07-30,P002,Fermented Rice Serum,Skin,4,15,45,0.0,Olive Young,Seoul,Sensitive
YUL-17305,2025-05-25,P004,Mugwort Essence,Skin,4,10,32,0.2,Online,Tokyo,Sensitive
YUL-17306,2024-11-21,P001,Deep Sea Hair Mask,Hair,4,12,38,0.0,Online,NYC,Combination
YUL-17307,2025-07-02,P003,Scalp Soothing Oil,Hair,4,8,28,0.25,Olive Young,London,Dry
YUL-17308,2025-07-07,P004,Mugwort Essence,Skin,3,10,32,0.2,Sephora,London,Oily
YUL-17309,2025-10-08,P005,Ceramide Barrier Cream,Skin,2,14,42,0.0,Olive Young,London,Oily
YUL-17310,2024-12-19,P001,Deep Sea Hair Mask,Hair,2,12,38,0.0,Flagship Store,London,Combination
YUL-17311,2024-09-16,P005,Ceramide Barrier Cream,Skin,2,14,42,0.1,Sephora,London,Dry
YUL-17312,2024-11-13,P004,Mugwort Essence,Skin,2,10,32,0.0,Flagship Store,London,Sensitive
YUL-17313,2025-12-08,P003,Scalp Soothing Oil,Hair,4,8,28,0.0,Sephora,London,Sensitive
YUL-17314,2025-08-07,P005,Ceramide Barrier Cream,Skin,2,14,42,0.0,Online,London,Oily
YUL-17315,2025-12-11,P001,Deep Sea Hair Mask,Hair,3,12,38,0.0,Flagship Store,Seoul,Combination
YUL-17316,2024-07-11,P003,Scalp Soothing Oil,Hair,3,8,28,0.1,Olive Young,London,Sensitive
YUL-17317,2025-02-11,P002,Fermented Rice Serum,Skin,1,15,45,0.1,Sephora,NYC,Combination
YUL-17318,2025-07-28,P005,Ceramide Barrier Cream,Skin,3,14,42,0.1,Sephora,Seoul,Sensitive
YUL-17319,2024-02-22,P003,Scalp Soothing Oil,Hair,3,8,28,0.0,Online,Tokyo,Dry
YUL-17320,2024-08-22,P004,Mugwort Essence,Skin,1,10,32,0.0,Sephora,Seoul,Oily
YUL-17321,2025-06-08,P004,Mugwort Essence,Skin,1,10,32,0.0,Online,Seoul,Combination
YUL-17322,2025-11-09,P005,Ceramide Barrier Cream,Skin,2,14,42,0.0,Sephora,Tokyo,Oily
YUL-17323,2025-12-19,P003,Scalp Soothing Oil,Hair,2,8,28,0.0,Olive Young,Tokyo,Oily
YUL-17324,2024-09-26,P004,Mugwort Essence,Skin,2,10,32,0.1,Online,London,Sensitive
YUL-17325,2024-08-09,P003,Scalp Soothing Oil,Hair,3,8,28,0.0,Online,Seoul,Combination
YUL-17326,2024-09-17,P001,Deep Sea Hair Mask,Hair,3,12,38,0.0,Sephora,Seoul,Sensitive
YUL-17327,2025-12-11,P003,Scalp Soothing Oil,Hair,1,8,28,0.0,Flagship Store,NYC,Combination
YUL-17328,2025-06-06,P003,Scalp Soothing Oil,Hair,4,8,28,0.1,Olive Young,Tokyo,Sensitive
YUL-17329,2024-03-01,P001,Deep Sea Hair Mask,Hair,4,12,38,0.25,Flagship Store,London,Dry
YUL-17330,2024-04-09,P003,Scalp Soothing Oil,Hair,4,8,28,0.0,Online,Seoul,Dry
YUL-17331,2025-07-28,P004,Mugwort Essence,Skin,4,10,32,0.0,Flagship Store,Seoul,Dry
YUL-17332,2025-06-07,P002,Fermented Rice Serum,Skin,2,15,45,0.1,Sephora,Tokyo,Combination
YUL-17333,2024-08-01,P003,Scalp Soothing Oil,Hair,3,8,28,0.0,Sephora,Seoul,Dry
YUL-17334,2024-09-16,P004,Mugwort Essence,Skin,1,10,32,0.0,Olive Young,Tokyo,Sensitive
YUL-17335,2024-10-22,P002,Fermented Rice Serum,Skin,1,15,45,0.1,Flagship Store,Tokyo,Combination
YUL-17336,2024-02-24,P004,Mugwort Essence,Skin,4,10,32,0.0,Sephora,NYC,Oily
YUL-17337,2025-09-23,P002,Fermented Rice Serum,Skin,3,15,45,0.0,Sephora,London,Sensitive
YUL-17338,2024-04-13,P002,Fermented Rice Serum,Skin,2,15,45,0.0,Flagship Store,Seoul,Oily
YUL-17339,2024-02-07,P003,Scalp Soothing Oil,Hair,2,8,28,0.25,Flagship Store,NYC,Sensitive
YUL-17340,2025-01-10,P001,Deep Sea Hair Mask,Hair,4,12,38,0.0,Sephora,Seoul,Dry
YUL-17341,2025-08-12,P001,Deep Sea Hair Mask,Hair,2,12,38,0.1,Olive Young,London,Dry
YUL-17342,2025-04-11,P001,Deep Sea Hair Mask,Hair,3,12,38,0.0,Flagship Store,Tokyo,Oily
YUL-17343,2025-05-12,P003,Scalp Soothing Oil,Hair,4,8,28,0.1,Flagship Store,Tokyo,Dry
YUL-17344,2025-07-11,P004,Mugwort Essence,Skin,2,10,32,0.2,Sephora,Seoul,Combination
YUL-17345,2025-02-26,P005,Ceramide Barrier Cream,Skin,2,14,42,0.0,Flagship Store,Seoul,Sensitive
YUL-17346,2025-03-01,P001,Deep Sea Hair Mask,Hair,2,12,38,0.1,Sephora,Tokyo,Sensitive
YUL-17347,2024-08-22,P003,Scalp Soothing Oil,Hair,3,8,28,0.0,Online,Tokyo,Combination
YUL-17348,2025-11-07,P001,Deep Sea Hair Mask,Hair,4,12,38,0.0,Online,NYC,Dry
YUL-17349,2025-10-21,P001,Deep Sea Hair Mask,Hair,3,12,38,0.1,Olive Young,NYC,Oily
YUL-17350,2024-12-24,P003,Scalp Soothing Oil,Hair,1,8,28,0.0,Sephora,NYC,Dry
YUL-17351,2025-06-03,P003,Scalp Soothing Oil,Hair,3,8,28,0.25,Olive Young,Seoul,Oily
YUL-17352,2024-04-25,P004,Mugwort Essence,Skin,2,10,32,0.0,Sephora,Seoul,Combination
YUL-17353,2024-11-30,P004,Mugwort Essence,Skin,2,10,32,0.0,Sephora,NYC,Sensitive
YUL-17354,2024-07-24,P002,Fermented Rice Serum,Skin,2,15,45,0.0,Online,Seoul,Sensitive
YUL-17355,2024-11-23,P004,Mugwort Essence,Skin,4,10,32,0.2,Online,London,Combination
YUL-17356,2024-03-28,P003,Scalp Soothing Oil,Hair,4,8,28,0.0,Sephora,London,Sensitive
YUL-17357,2025-12-11,P003,Scalp Soothing Oil,Hair,2,8,28,0.0,Online,NYC,Combination
YUL-17358,2025-11-26,P003,Scalp Soothing Oil,Hair,3,8,28,0.2,Online,Tokyo,Sensitive
YUL-17359,2025-07-30,P001,Deep Sea Hair Mask,Hair,2,12,38,0.0,Flagship Store,Tokyo,Combination
YUL-17360,2025-07-06,P004,Mugwort Essence,Skin,2,10,32,0.0,Online,NYC,Oily
YUL-17361,2024-07-19,P004,Mugwort Essence,Skin,1,10,32,0.2,Flagship Store,Tokyo,Combination
YUL-17362,2025-07-10,P003,Scalp Soothing Oil,Hair,1,8,28,0.0,Online,London,Dry
YUL-17363,2025-12-28,P004,Mugwort Essence,Skin,2,10,32,0.25,Online,Seoul,Sensitive
YUL-17364,2024-08-24,P005,Ceramide Barrier Cream,Skin,3,14,42,0.2,Sephora,London,Dry
YUL-17365,2024-02-10,P002,Fermented Rice Serum,Skin,4,15,45,0.25,Flagship Store,Seoul,Dry
YUL-17366,2024-07-12,P004,Mugwort Essence,Skin,3,10,32,0.0,Online,Seoul,Sensitive
YUL-17367,2025-02-25,P005,Ceramide Barrier Cream,Skin,4,14,42,0.0,Online,London,Sensitive
YUL-17368,2024-10-15,P003,Scalp Soothing Oil,Hair,2,8,28,0.25,Flagship Store,London,Sensitive
YUL-17369,2024-03-15,P004,Mugwort Essence,Skin,4,10,32,0.0,Online,Seoul,Oily
YUL-17370,2024-02-21,P001,Deep Sea Hair Mask,Hair,3,12,38,0.1,Flagship Store,Tokyo,Dry
YUL-17371,2025-06-22,P004,Mugwort Essence,Skin,1,10,32,0.0,Online,London,Dry
YUL-17372,2024-03-27,P005,Ceramide Barrier Cream,Skin,3,14,42,0.0,Olive Young,London,Combination
YUL-17373,2025-10-02,P002,Fermented Rice Serum,Skin,3,15,45,0.1,Flagship Store,London,Combination
YUL-17374,2024-09-16,P003,Scalp Soothing Oil,Hair,4,8,28,0.25,Sephora,NYC,Oily
YUL-17375,2025-06-13,P004,Mugwort Essence,Skin,3,10,32,0.0,Sephora,Seoul,Combination
YUL-17376,2024-05-01,P001,Deep Sea Hair Mask,Hair,1,12,38,0.25,Olive Young,NYC,Oily
YUL-17377,2025-12-30,P001,Deep Sea Hair Mask,Hair,2,12,38,0.0,Olive Young,Tokyo,Combination
YUL-17378,2025-08-09,P002,Fermented Rice Serum,Skin,1,15,45,0.1,Sephora,Seoul,Oily
YUL-17379,2024-12-20,P002,Fermented Rice Serum,Skin,2,15,45,0.1,Sephora,Seoul,Dry
YUL-17380,2025-09-25,P001,Deep Sea Hair Mask,Hair,1,12,38,0.2,Online,London,Combination
YUL-17381,2024-12-14,P002,Fermented Rice Serum,Skin,3,15,45,0.1,Flagship Store,Seoul,Dry
YUL-17382,2024-07-30,P002,Fermented Rice Serum,Skin,4,15,45,0.0,Online,London,Dry
YUL-17383,2025-07-06,P004,Mugwort Essence,Skin,1,10,32,0.25,Flagship Store,Tokyo,Oily
YUL-17384,2024-05-14,P004,Mugwort Essence,Skin,2,10,32,0.0,Olive Young,NYC,Dry
YUL-17385,2024-02-03,P004,Mugwort Essence,Skin,3,10,32,0.25,Sephora,Seoul,Sensitive
YUL-17386,2024-03-10,P002,Fermented Rice Serum,Skin,1,15,45,0.0,Online,London,Dry
YUL-17387,2025-04-01,P003,Scalp Soothing Oil,Hair,3,8,28,0.0,Online,Tokyo,Oily
YUL-17388,2024-02-21,P005,Ceramide Barrier Cream,Skin,1,14,42,0.0,Sephora,London,Sensitive
YUL-17389,2025-05-29,P004,Mugwort Essence,Skin,1,10,32,0.0,Olive Young,Tokyo,Combination
YUL-17390,2024-09-11,P001,Deep Sea Hair Mask,Hair,4,12,38,0.0,Online,NYC,Combination
YUL-17391,2024-04-07,P003,Scalp Soothing Oil,Hair,4,8,28,0.0,Olive Young,Seoul,Combination
YUL-17392,2025-08-25,P005,Ceramide Barrier Cream,Skin,1,14,42,0.0,Online,Tokyo,Combination
YUL-17393,2025-03-09,P005,Ceramide Barrier Cream,Skin,1,14,42,0.0,Flagship Store,London,Combination
YUL-17394,2024-10-23,P003,Scalp Soothing Oil,Hair,1,8,28,0.0,Olive Young,London,Oily
YUL-17395,2024-02-12,P001,Deep Sea Hair Mask,Hair,3,12,38,0.0,Flagship Store,London,Dry
YUL-17396,2024-05-22,P003,Scalp Soothing Oil,Hair,2,8,28,0.0,Sephora,NYC,Combination
YUL-17397,2025-12-28,P005,Ceramide Barrier Cream,Skin,3,14,42,0.2,Sephora,London,Combination
YUL-17398,2024-12-27,P002,Fermented Rice Serum,Skin,4,15,45,0.2,Olive Young,NYC,Sensitive
YUL-17399,2024-10-02,P004,Mugwort Essence,Skin,4,10,32,0.1,Olive Young,London,Dry
YUL-17400,2024-09-13,P004,Mugwort Essence,Skin,3,10,32,0.0,Sephora,Tokyo,Combination
YUL-17401,2024-07-30,P004,Mugwort Essence,Skin,4,10,32,0.0,Olive Young,NYC,Sensitive
YUL-17402,2025-07-27,P005,Ceramide Barrier Cream,Skin,1,14,42,0.1,Flagship Store,Tokyo,Oily
YUL-17403,2024-01-09,P001,Deep Sea Hair Mask,Hair,1,12,38,0.0,Sephora,Tokyo,Sensitive
YUL-17404,2025-01-11,P003,Scalp Soothing Oil,Hair,2,8,28,0.1,Sephora,Seoul,Combination
YUL-17405,2025-09-14,P004,Mugwort Essence,Skin,1,10,32,0.2,Online,NYC,Combination
YUL-17406,2024-07-25,P003,Scalp Soothing Oil,Hair,3,8,28,0.25,Online,Seoul,Combination
YUL-17407,2024-06-04,P001,Deep Sea Hair Mask,Hair,3,12,38,0.0,Flagship Store,London,Sensitive
YUL-17408,2024-01-11,P001,Deep Sea Hair Mask,Hair,4,12,38,0.0,Flagship Store,Tokyo,Sensitive
YUL-17409,2024-10-06,P004,Mugwort Essence,Skin,1,10,32,0.25,Sephora,NYC,Oily
YUL-17410,2024-06-29,P005,Ceramide Barrier Cream,Skin,2,14,42,0.0,Flagship Store,Tokyo,Sensitive
YUL-17411,2025-06-08,P003,Scalp Soothing Oil,Hair,2,8,28,0.2,Sephora,NYC,Combination
YUL-17412,2024-06-04,P003,Scalp Soothing Oil,Hair,4,8,28,0.25,Flagship Store,Tokyo,Combination
YUL-17413,2025-10-26,P005,Ceramide Barrier Cream,Skin,3,14,42,0.0,Online,NYC,Combination
YUL-17414,2025-08-24,P002,Fermented Rice Serum,Skin,3,15,45,0.25,Online,Seoul,Combination
YUL-17415,2025-01-09,P003,Scalp Soothing Oil,Hair,4,8,28,0.0,Online,London,Combination
YUL-17416,2025-07-11,P002,Fermented Rice Serum,Skin,4,15,45,0.2,Online,Seoul,Dry
YUL-17417,2024-01-24,P002,Fermented Rice Serum,Skin,1,15,45,0.2,Online,NYC,Sensitive
YUL-17418,2024-03-06,P002,Fermented Rice Serum,Skin,1,15,45,0.25,Flagship Store,Tokyo,Combination
YUL-17419,2024-10-08,P002,Fermented Rice Serum,Skin,2,15,45,0.1,Flagship Store,Seoul,Sensitive
YUL-17420,2024-05-24,P003,Scalp Soothing Oil,Hair,2,8,28,0.25,Online,NYC,Dry
YUL-17421,2025-05-31,P004,Mugwort Essence,Skin,1,10,32,0.1,Olive Young,Seoul,Sensitive
YUL-17422,2025-07-23,P004,Mugwort Essence,Skin,3,10,32,0.2,Flagship Store,London,Combination
YUL-17423,2025-03-09,P003,Scalp Soothing Oil,Hair,2,8,28,0.0,Flagship Store,Seoul,Combination
YUL-17424,2025-05-08,P003,Scalp Soothing Oil,Hair,3,8,28,0.2,Sephora,Seoul,Dry
YUL-17425,2024-09-14,P002,Fermented Rice Serum,Skin,2,15,45,0.0,Online,Seoul,Combination
YUL-17426,2024-07-08,P003,Scalp Soothing Oil,Hair,2,8,28,0.0,Online,Tokyo,Combination
YUL-17427,2025-11-26,P001,Deep Sea Hair Mask,Hair,1,12,38,0.25,Online,NYC,Oily
YUL-17428,2024-07-02,P001,Deep Sea Hair Mask,Hair,3,12,38,0.2,Sephora,NYC,Combination
YUL-17429,2024-06-09,P005,Ceramide Barrier Cream,Skin,2,14,42,0.2,Flagship Store,London,Sensitive
YUL-17430,2024-02-25,P001,Deep Sea Hair Mask,Hair,2,12,38,0.25,Online,Tokyo,Sensitive
YUL-17431,2024-06-25,P002,Fermented Rice Serum,Skin,1,15,45,0.2,Online,Tokyo,Dry
YUL-17432,2024-09-10,P005,Ceramide Barrier Cream,Skin,2,14,42,0.1,Sephora,Seoul,Combination
YUL-17433,2025-06-03,P004,Mugwort Essence,Skin,3,10,32,0.1,Flagship Store,NYC,Combination
YUL-17434,2025-10-14,P004,Mugwort Essence,Skin,3,10,32,0.0,Flagship Store,NYC,Sensitive
YUL-17435,2024-12-31,P002,Fermented Rice Serum,Skin,3,15,45,0.0,Online,NYC,Dry
YUL-17436,2025-04-12,P004,Mugwort Essence,Skin,2,10,32,0.0,Flagship Store,NYC,Dry
YUL-17437,2024-05-17,P005,Ceramide Barrier Cream,Skin,2,14,42,0.0,Flagship Store,Tokyo,Combination
YUL-17438,2025-11-08,P005,Ceramide Barrier Cream,Skin,2,14,42,0.2,Sephora,Tokyo,Oily
YUL-17439,2024-01-26,P004,Mugwort Essence,Skin,3,10,32,0.0,Sephora,London,Oily
YUL-17440,2025-08-03,P003,Scalp Soothing Oil,Hair,1,8,28,0.2,Olive Young,London,Oily
YUL-17441,2024-01-12,P001,Deep Sea Hair Mask,Hair,4,12,38,0.0,Sephora,Tokyo,Combination
YUL-17442,2024-10-27,P002,Fermented Rice Serum,Skin,1,15,45,0.0,Flagship Store,Seoul,Sensitive
YUL-17443,2025-09-10,P001,Deep Sea Hair Mask,Hair,4,12,38,0.25,Online,Tokyo,Combination
YUL-17444,2024-11-04,P002,Fermented Rice Serum,Skin,1,15,45,0.0,Olive Young,Seoul,Combination
YUL-17445,2024-12-17,P001,Deep Sea Hair Mask,Hair,4,12,38,0.0,Online,London,Sensitive
YUL-17446,2025-05-10,P005,Ceramide Barrier Cream,Skin,2,14,42,0.0,Online,London,Dry
YUL-17447,2024-07-22,P004,Mugwort Essence,Skin,1,10,32,0.0,Olive Young,Seoul,Combination
YUL-17448,2024-11-11,P004,Mugwort Essence,Skin,1,10,32,0.0,Sephora,London,Oily
YUL-17449,2024-11-25,P002,Fermented Rice Serum,Skin,3,15,45,0.1,Sephora,Tokyo,Dry
YUL-17450,2024-01-18,P002,Fermented Rice Serum,Skin,4,15,45,0.0,Online,Tokyo,Dry
YUL-17451,2025-12-02,P004,Mugwort Essence,Skin,4,10,32,0.0,Flagship Store,Seoul,Dry
YUL-17452,2025-10-24,P004,Mugwort Essence,Skin,3,10,32,0.0,Olive Young,London,Dry
YUL-17453,2025-02-13,P005,Ceramide Barrier Cream,Skin,1,14,42,0.2,Flagship Store,NYC,Combination
YUL-17454,2024-05-06,P005,Ceramide Barrier Cream,Skin,3,14,42,0.25,Olive Young,NYC,Dry
YUL-17455,2025-08-17,P005,Ceramide Barrier Cream,Skin,3,14,42,0.0,Olive Young,Seoul,Sensitive
YUL-17456,2025-09-15,P001,Deep Sea Hair Mask,Hair,2,12,38,0.0,Online,Tokyo,Oily
YUL-17457,2024-07-20,P005,Ceramide Barrier Cream,Skin,2,14,42,0.0,Flagship Store,Tokyo,Combination
YUL-17458,2025-01-08,P005,Ceramide Barrier Cream,Skin,1,14,42,0.25,Online,NYC,Combination
YUL-17459,2024-12-18,P005,Ceramide Barrier Cream,Skin,2,14,42,0.25,Sephora,NYC,Oily
YUL-17460,2024-12-05,P003,Scalp Soothing Oil,Hair,1,8,28,0.2,Olive Young,London,Combination
YUL-17461,2025-09-27,P001,Deep Sea Hair Mask,Hair,4,12,38,0.0,Olive Young,Tokyo,Sensitive
YUL-17462,2025-09-24,P005,Ceramide Barrier Cream,Skin,3,14,42,0.2,Olive Young,NYC,Sensitive
YUL-17463,2025-10-17,P002,Fermented Rice Serum,Skin,4,15,45,0.0,Online,Tokyo,Sensitive
YUL-17464,2025-03-12,P002,Fermented Rice Serum,Skin,3,15,45,0.1,Flagship Store,Tokyo,Dry
YUL-17465,2025-10-10,P005,Ceramide Barrier Cream,Skin,4,14,42,0.0,Flagship Store,NYC,Sensitive
YUL-17466,2024-10-25,P004,Mugwort Essence,Skin,1,10,32,0.25,Sephora,Seoul,Sensitive
YUL-17467,2025-06-29,P001,Deep Sea Hair Mask,Hair,2,12,38,0.1,Online,Seoul,Oily
YUL-17468,2024-06-01,P001,Deep Sea Hair Mask,Hair,2,12,38,0.0,Flagship Store,Tokyo,Oily
YUL-17469,2024-01-02,P002,Fermented Rice Serum,Skin,4,15,45,0.0,Online,NYC,Oily
YUL-17470,2025-10-26,P001,Deep Sea Hair Mask,Hair,1,12,38,0.25,Sephora,Seoul,Combination
YUL-17471,2024-06-13,P003,Scalp Soothing Oil,Hair,4,8,28,0.25,Sephora,Seoul,Oily
YUL-17472,2025-08-13,P004,Mugwort Essence,Skin,3,10,32,0.1,Online,Tokyo,Oily
YUL-17473,2024-03-26,P005,Ceramide Barrier Cream,Skin,4,14,42,0.0,Olive Young,NYC,Sensitive
YUL-17474,2025-10-26,P005,Ceramide Barrier Cream,Skin,1,14,42,0.0,Flagship Store,NYC,Dry
YUL-17475,2025-08-20,P005,Ceramide Barrier Cream,Skin,1,14,42,0.0,Olive Young,Seoul,Combination
YUL-17476,2025-01-22,P002,Fermented Rice Serum,Skin,1,15,45,0.0,Flagship Store,London,Combination
YUL-17477,2024-03-22,P005,Ceramide Barrier Cream,Skin,3,14,42,0.0,Online,Tokyo,Dry
YUL-17478,2024-02-29,P005,Ceramide Barrier Cream,Skin,3,14,42,0.0,Online,Seoul,Combination
YUL-17479,2024-07-27,P004,Mugwort Essence,Skin,3,10,32,0.0,Olive Young,Tokyo,Combination
YUL-17480,2024-12-29,P004,Mugwort Essence,Skin,1,10,32,0.0,Online,Tokyo,Sensitive
YUL-17481,2025-11-21,P004,Mugwort Essence,Skin,2,10,32,0.1,Sephora,NYC,Oily
YUL-17482,2024-08-09,P002,Fermented Rice Serum,Skin,1,15,45,0.2,Flagship Store,London,Dry
YUL-17483,2025-11-01,P003,Scalp Soothing Oil,Hair,1,8,28,0.0,Olive Young,Tokyo,Sensitive
YUL-17484,2025-07-20,P004,Mugwort Essence,Skin,3,10,32,0.0,Sephora,London,Oily
YUL-17485,2025-09-16,P002,Fermented Rice Serum,Skin,2,15,45,0.0,Olive Young,NYC,Dry
YUL-17486,2024-06-21,P004,Mugwort Essence,Skin,3,10,32,0.0,Olive Young,NYC,Oily
YUL-17487,2025-04-23,P005,Ceramide Barrier Cream,Skin,4,14,42,0.0,Flagship Store,London,Dry
YUL-17488,2025-05-06,P001,Deep Sea Hair Mask,Hair,2,12,38,0.1,Online,NYC,Oily
YUL-17489,2025-05-21,P003,Scalp Soothing Oil,Hair,4,8,28,0.0,Flagship Store,Tokyo,Dry
YUL-17490,2025-06-16,P004,Mugwort Essence,Skin,3,10,32,0.0,Online,Tokyo,Dry
YUL-17491,2024-09-07,P001,Deep Sea Hair Mask,Hair,2,12,38,0.25,Flagship Store,Tokyo,Dry
YUL-17492,2024-11-22,P002,Fermented Rice Serum,Skin,3,15,45,0.0,Flagship Store,London,Oily
YUL-17493,2024-04-10,P002,Fermented Rice Serum,Skin,2,15,45,0.1,Sephora,Seoul,Sensitive
YUL-17494,2025-01-04,P004,Mugwort Essence,Skin,2,10,32,0.0,Online,Seoul,Oily
YUL-17495,2024-03-23,P001,Deep Sea Hair Mask,Hair,2,12,38,0.0,Sephora,Tokyo,Sensitive
YUL-17496,2025-02-03,P004,Mugwort Essence,Skin,4,10,32,0.25,Sephora,London,Dry
YUL-17497,2024-02-16,P004,Mugwort Essence,Skin,2,10,32,0.0,Sephora,NYC,Combination
YUL-17498,2025-07-04,P002,Fermented Rice Serum,Skin,2,15,45,0.0,Olive Young,London,Combination
YUL-17499,2024-10-24,P004,Mugwort Essence,Skin,3,10,32,0.0,Olive Young,NYC,Oily
YUL-17500,2025-04-10,P002,Fermented Rice Serum,Skin,4,15,45,0.25,Sephora,London,Dry
YUL-17501,2025-08-05,P002,Fermented Rice Serum,Skin,3,15,45,0.0,Olive Young,NYC,Combination
YUL-17502,2024-12-20,P004,Mugwort Essence,Skin,4,10,32,0.0,Online,London,Oily
YUL-17503,2024-11-17,P004,Mugwort Essence,Skin,2,10,32,0.0,Online,Tokyo,Dry
YUL-17504,2025-01-05,P005,Ceramide Barrier Cream,Skin,3,14,42,0.1,Sephora,London,Dry
YUL-17505,2025-05-26,P004,Mugwort Essence,Skin,2,10,32,0.0,Flagship Store,NYC,Sensitive
YUL-17506,2024-01-25,P001,Deep Sea Hair Mask,Hair,2,12,38,0.0,Online,London,Sensitive
YUL-17507,2025-04-10,P005,Ceramide Barrier Cream,Skin,2,14,42,0.0,Sephora,London,Sensitive
YUL-17508,2025-06-18,P001,Deep Sea Hair Mask,Hair,3,12,38,0.0,Flagship Store,NYC,Combination
YUL-17509,2024-08-11,P003,Scalp Soothing Oil,Hair,3,8,28,0.25,Olive Young,Seoul,Dry
YUL-17510,2024-11-16,P005,Ceramide Barrier Cream,Skin,2,14,42,0.0,Online,Tokyo,Sensitive
YUL-17511,2025-04-01,P002,Fermented Rice Serum,Skin,3,15,45,0.0,Sephora,Tokyo,Combination
YUL-17512,2025-12-04,P004,Mugwort Essence,Skin,2,10,32,0.0,Olive Young,Tokyo,Combination
YUL-17513,2024-07-24,P004,Mugwort Essence,Skin,3,10,32,0.0,Sephora,NYC,Oily
YUL-17514,2024-04-30,P002,Fermented Rice Serum,Skin,1,15,45,0.0,Olive Young,Seoul,Oily
YUL-17515,2024-02-12,P003,Scalp Soothing Oil,Hair,4,8,28,0.0,Sephora,Tokyo,Oily
YUL-17516,2025-03-29,P003,Scalp Soothing Oil,Hair,4,8,28,0.0,Sephora,NYC,Dry
YUL-17517,2025-08-31,P004,Mugwort Essence,Skin,4,10,32,0.1,Olive Young,London,Oily
YUL-17518,2025-12-26,P002,Fermented Rice Serum,Skin,4,15,45,0.0,Online,London,Dry
YUL-17519,2025-09-12,P005,Ceramide Barrier Cream,Skin,4,14,42,0.2,Olive Young,NYC,Oily
YUL-17520,2025-02-10,P004,Mugwort Essence,Skin,3,10,32,0.2,Sephora,NYC,Sensitive
YUL-17521,2024-12-23,P003,Scalp Soothing Oil,Hair,2,8,28,0.0,Olive Young,Tokyo,Combination
YUL-17522,2024-03-06,P001,Deep Sea Hair Mask,Hair,1,12,38,0.0,Online,Seoul,Combination
YUL-17523,2025-01-25,P004,Mugwort Essence,Skin,1,10,32,0.0,Online,Tokyo,Combination
YUL-17524,2025-06-12,P002,Fermented Rice Serum,Skin,3,15,45,0.2,Olive Young,Tokyo,Sensitive
YUL-17525,2024-05-11,P004,Mugwort Essence,Skin,2,10,32,0.0,Olive Young,Seoul,Oily
YUL-17526,2025-02-07,P002,Fermented Rice Serum,Skin,4,15,45,0.0,Olive Young,London,Dry
YUL-17527,2024-01-29,P005,Ceramide Barrier Cream,Skin,3,14,42,0.0,Olive Young,Tokyo,Combination
YUL-17528,2025-08-15,P004,Mugwort Essence,Skin,2,10,32,0.0,Flagship Store,Seoul,Oily
YUL-17529,2025-05-16,P003,Scalp Soothing Oil,Hair,3,8,28,0.0,Olive Young,London,Dry
YUL-17530,2025-01-08,P002,Fermented Rice Serum,Skin,1,15,45,0.0,Flagship Store,NYC,Dry
YUL-17531,2024-02-05,P002,Fermented Rice Serum,Skin,4,15,45,0.25,Sephora,Tokyo,Dry
YUL-17532,2024-07-10,P003,Scalp Soothing Oil,Hair,1,8,28,0.25,Olive Young,London,Combination
YUL-17533,2025-06-09,P005,Ceramide Barrier Cream,Skin,4,14,42,0.25,Online,London,Dry
YUL-17534,2025-04-23,P005,Ceramide Barrier Cream,Skin,4,14,42,0.1,Online,London,Oily
YUL-17535,2025-04-15,P004,Mugwort Essence,Skin,1,10,32,0.25,Sephora,Seoul,Dry
YUL-17536,2025-04-30,P002,Fermented Rice Serum,Skin,1,15,45,0.0,Online,Tokyo,Oily
YUL-17537,2024-09-28,P001,Deep Sea Hair Mask,Hair,4,12,38,0.1,Olive Young,Tokyo,Dry
YUL-17538,2025-04-23,P004,Mugwort Essence,Skin,2,10,32,0.0,Olive Young,Tokyo,Oily
YUL-17539,2025-01-07,P003,Scalp Soothing Oil,Hair,1,8,28,0.0,Online,London,Oily
YUL-17540,2024-06-05,P001,Deep Sea Hair Mask,Hair,4,12,38,0.0,Flagship Store,London,Combination
YUL-17541,2025-04-13,P002,Fermented Rice Serum,Skin,4,15,45,0.0,Online,London,Combination
YUL-17542,2025-03-19,P004,Mugwort Essence,Skin,1,10,32,0.0,Olive Young,London,Combination
YUL-17543,2025-09-28,P002,Fermented Rice Serum,Skin,4,15,45,0.1,Sephora,London,Sensitive
YUL-17544,2025-01-04,P002,Fermented Rice Serum,Skin,3,15,45,0.1,Olive Young,Tokyo,Sensitive
YUL-17545,2024-09-14,P002,Fermented Rice Serum,Skin,2,15,45,0.1,Olive Young,London,Dry
YUL-17546,2025-12-07,P002,Fermented Rice Serum,Skin,2,15,45,0.0,Olive Young,NYC,Combination
YUL-17547,2025-04-03,P005,Ceramide Barrier Cream,Skin,1,14,42,0.0,Online,London,Oily
YUL-17548,2025-10-31,P002,Fermented Rice Serum,Skin,1,15,45,0.0,Sephora,London,Sensitive
YUL-17549,2025-07-24,P004,Mugwort Essence,Skin,2,10,32,0.1,Sephora,London,Combination
YUL-17550,2025-05-11,P001,Deep Sea Hair Mask,Hair,1,12,38,0.2,Flagship Store,Seoul,Combination
YUL-17551,2024-08-24,P005,Ceramide Barrier Cream,Skin,1,14,42,0.0,Flagship Store,NYC,Dry
YUL-17552,2024-12-24,P001,Deep Sea Hair Mask,Hair,3,12,38,0.0,Flagship Store,London,Combination
YUL-17553,2025-07-12,P003,Scalp Soothing Oil,Hair,1,8,28,0.0,Flagship Store,London,Oily
YUL-17554,2024-06-02,P005,Ceramide Barrier Cream,Skin,1,14,42,0.0,Online,Tokyo,Combination
YUL-17555,2025-10-18,P003,Scalp Soothing Oil,Hair,3,8,28,0.0,Flagship Store,London,Dry
YUL-17556,2025-03-12,P002,Fermented Rice Serum,Skin,2,15,45,0.1,Olive Young,NYC,Sensitive
YUL-17557,2025-11-08,P005,Ceramide Barrier Cream,Skin,1,14,42,0.0,Online,Tokyo,Dry
YUL-17558,2024-06-20,P002,Fermented Rice Serum,Skin,1,15,45,0.1,Sephora,London,Oily
YUL-17559,2025-07-05,P001,Deep Sea Hair Mask,Hair,1,12,38,0.1,Olive Young,Seoul,Dry
YUL-17560,2024-04-01,P004,Mugwort Essence,Skin,2,10,32,0.1,Olive Young,NYC,Dry
YUL-17561,2024-08-12,P003,Scalp Soothing Oil,Hair,3,8,28,0.0,Flagship Store,NYC,Dry
YUL-17562,2025-11-22,P002,Fermented Rice Serum,Skin,1,15,45,0.0,Online,London,Combination
YUL-17563,2024-05-11,P001,Deep Sea Hair Mask,Hair,4,12,38,0.0,Olive Young,Tokyo,Dry
YUL-17564,2024-11-28,P004,Mugwort Essence,Skin,2,10,32,0.0,Flagship Store,London,Sensitive
YUL-17565,2024-05-21,P002,Fermented Rice Serum,Skin,2,15,45,0.0,Sephora,Seoul,Dry
YUL-17566,2024-07-29,P004,Mugwort Essence,Skin,4,10,32,0.1,Sephora,London,Combination
YUL-17567,2025-06-10,P002,Fermented Rice Serum,Skin,2,15,45,0.1,Olive Young,London,Dry
YUL-17568,2024-05-05,P002,Fermented Rice Serum,Skin,2,15,45,0.1,Online,Tokyo,Dry
YUL-17569,2024-04-17,P004,Mugwort Essence,Skin,4,10,32,0.0,Sephora,Seoul,Combination
YUL-17570,2025-04-09,P004,Mugwort Essence,Skin,1,10,32,0.0,Sephora,NYC,Dry
YUL-17571,2025-12-19,P001,Deep Sea Hair Mask,Hair,3,12,38,0.25,Sephora,Seoul,Sensitive
YUL-17572,2024-03-27,P004,Mugwort Essence,Skin,1,10,32,0.25,Online,London,Dry
YUL-17573,2024-11-01,P005,Ceramide Barrier Cream,Skin,3,14,42,0.0,Olive Young,Seoul,Sensitive
YUL-17574,2024-04-06,P003,Scalp Soothing Oil,Hair,1,8,28,0.0,Flagship Store,NYC,Oily
YUL-17575,2024-12-09,P004,Mugwort Essence,Skin,2,10,32,0.2,Online,NYC,Dry
YUL-17576,2024-07-26,P002,Fermented Rice Serum,Skin,3,15,45,0.1,Flagship Store,Seoul,Oily
YUL-17577,2024-11-19,P003,Scalp Soothing Oil,Hair,3,8,28,0.0,Flagship Store,London,Oily
YUL-17578,2025-02-07,P001,Deep Sea Hair Mask,Hair,3,12,38,0.1,Flagship Store,Seoul,Sensitive
YUL-17579,2024-09-13,P005,Ceramide Barrier Cream,Skin,4,14,42,0.0,Sephora,NYC,Dry
YUL-17580,2025-03-04,P001,Deep Sea Hair Mask,Hair,3,12,38,0.25,Online,Seoul,Combination
YUL-17581,2025-09-01,P002,Fermented Rice Serum,Skin,1,15,45,0.25,Flagship Store,NYC,Sensitive
YUL-17582,2024-08-21,P001,Deep Sea Hair Mask,Hair,4,12,38,0.0,Online,Seoul,Dry
YUL-17583,2025-05-02,P004,Mugwort Essence,Skin,3,10,32,0.2,Sephora,Seoul,Dry
YUL-17584,2024-05-12,P001,Deep Sea Hair Mask,Hair,3,12,38,0.25,Online,Tokyo,Sensitive
YUL-17585,2024-06-03,P004,Mugwort Essence,Skin,2,10,32,0.2,Sephora,Tokyo,Oily
YUL-17586,2024-10-03,P003,Scalp Soothing Oil,Hair,3,8,28,0.25,Sephora,London,Oily
YUL-17587,2024-09-26,P001,Deep Sea Hair Mask,Hair,3,12,38,0.0,Olive Young,NYC,Combination
YUL-17588,2024-02-05,P005,Ceramide Barrier Cream,Skin,3,14,42,0.0,Olive Young,Seoul,Oily
YUL-17589,2024-12-03,P005,Ceramide Barrier Cream,Skin,1,14,42,0.2,Online,London,Dry
YUL-17590,2025-01-03,P003,Scalp Soothing Oil,Hair,3,8,28,0.1,Sephora,Tokyo,Sensitive
YUL-17591,2025-03-23,P003,Scalp Soothing Oil,Hair,4,8,28,0.0,Online,NYC,Oily
YUL-17592,2025-12-24,P001,Deep Sea Hair Mask,Hair,4,12,38,0.1,Online,London,Dry
YUL-17593,2025-12-18,P001,Deep Sea Hair Mask,Hair,4,12,38,0.25,Sephora,NYC,Sensitive
YUL-17594,2024-07-30,P003,Scalp Soothing Oil,Hair,2,8,28,0.2,Sephora,Seoul,Combination
YUL-17595,2025-03-20,P004,Mugwort Essence,Skin,2,10,32,0.1,Olive Young,Tokyo,Combination
YUL-17596,2025-08-10,P002,Fermented Rice Serum,Skin,2,15,45,0.25,Sephora,Seoul,Sensitive
YUL-17597,2025-12-04,P004,Mugwort Essence,Skin,1,10,32,0.25,Olive Young,Seoul,Oily
YUL-17598,2024-08-20,P005,Ceramide Barrier Cream,Skin,4,14,42,0.2,Online,Tokyo,Dry
YUL-17599,2025-03-17,P003,Scalp Soothing Oil,Hair,2,8,28,0.1,Sephora,Tokyo,Oily
YUL-17600,2024-10-07,P004,Mugwort Essence,Skin,3,10,32,0.0,Online,NYC,Sensitive
YUL-17601,2025-03-09,P002,Fermented Rice Serum,Skin,3,15,45,0.0,Olive Young,Tokyo,Combination
YUL-17602,2025-09-06,P002,Fermented Rice Serum,Skin,3,15,45,0.0,Flagship Store,Seoul,Dry
YUL-17603,2025-03-05,P004,Mugwort Essence,Skin,4,10,32,0.0,Online,London,Sensitive
YUL-17604,2024-04-24,P004,Mugwort Essence,Skin,1,10,32,0.0,Online,Seoul,Dry
YUL-17605,2025-03-25,P004,Mugwort Essence,Skin,4,10,32,0.0,Flagship Store,London,Dry
YUL-17606,2025-11-25,P002,Fermented Rice Serum,Skin,4,15,45,0.2,Sephora,London,Sensitive
YUL-17607,2024-02-29,P004,Mugwort Essence,Skin,1,10,32,0.0,Online,Seoul,Oily
YUL-17608,2024-07-26,P001,Deep Sea Hair Mask,Hair,3,12,38,0.0,Sephora,NYC,Oily
YUL-17609,2025-01-19,P001,Deep Sea Hair Mask,Hair,1,12,38,0.25,Sephora,NYC,Sensitive
YUL-17610,2024-08-20,P003,Scalp Soothing Oil,Hair,4,8,28,0.2,Online,Seoul,Oily
YUL-17611,2024-12-24,P005,Ceramide Barrier Cream,Skin,1,14,42,0.0,Flagship Store,London,Combination
YUL-17612,2025-07-22,P003,Scalp Soothing Oil,Hair,2,8,28,0.25,Online,Tokyo,Oily
YUL-17613,2024-01-19,P005,Ceramide Barrier Cream,Skin,4,14,42,0.0,Online,Seoul,Sensitive
YUL-17614,2024-04-10,P002,Fermented Rice Serum,Skin,1,15,45,0.2,Olive Young,Seoul,Oily
YUL-17615,2024-01-31,P005,Ceramide Barrier Cream,Skin,3,14,42,0.0,Flagship Store,NYC,Sensitive
YUL-17616,2025-07-01,P002,Fermented Rice Serum,Skin,4,15,45,0.0,Flagship Store,London,Dry
YUL-17617,2024-05-21,P005,Ceramide Barrier Cream,Skin,1,14,42,0.0,Sephora,Tokyo,Combination
YUL-17618,2024-10-08,P002,Fermented Rice Serum,Skin,1,15,45,0.25,Flagship Store,Seoul,Dry
YUL-17619,2024-04-26,P004,Mugwort Essence,Skin,1,10,32,0.0,Flagship Store,Tokyo,Oily
YUL-17620,2025-09-28,P004,Mugwort Essence,Skin,1,10,32,0.25,Sephora,London,Sensitive
YUL-17621,2024-08-10,P003,Scalp Soothing Oil,Hair,3,8,28,0.0,Flagship Store,NYC,Oily
YUL-17622,2024-09-07,P002,Fermented Rice Serum,Skin,4,15,45,0.0,Online,Seoul,Sensitive
YUL-17623,2025-11-26,P005,Ceramide Barrier Cream,Skin,4,14,42,0.25,Flagship Store,London,Combination
YUL-17624,2024-03-24,P003,Scalp Soothing Oil,Hair,1,8,28,0.1,Online,Seoul,Combination
YUL-17625,2025-07-26,P005,Ceramide Barrier Cream,Skin,2,14,42,0.0,Flagship Store,NYC,Combination
YUL-17626,2024-01-02,P002,Fermented Rice Serum,Skin,2,15,45,0.0,Olive Young,Seoul,Oily
YUL-17627,2025-02-04,P004,Mugwort Essence,Skin,4,10,32,0.1,Olive Young,Seoul,Combination
YUL-17628,2024-04-28,P004,Mugwort Essence,Skin,1,10,32,0.1,Online,NYC,Dry
YUL-17629,2024-05-31,P005,Ceramide Barrier Cream,Skin,4,14,42,0.25,Flagship Store,NYC,Combination
YUL-17630,2024-07-27,P002,Fermented Rice Serum,Skin,3,15,45,0.0,Sephora,Tokyo,Oily
YUL-17631,2024-04-07,P003,Scalp Soothing Oil,Hair,3,8,28,0.25,Olive Young,London,Dry
YUL-17632,2024-09-11,P004,Mugwort Essence,Skin,3,10,32,0.0,Olive Young,NYC,Sensitive
YUL-17633,2025-08-30,P004,Mugwort Essence,Skin,4,10,32,0.2,Olive Young,NYC,Combination
YUL-17634,2025-06-03,P002,Fermented Rice Serum,Skin,3,15,45,0.0,Sephora,London,Dry
YUL-17635,2024-09-25,P001,Deep Sea Hair Mask,Hair,4,12,38,0.25,Flagship Store,NYC,Combination
YUL-17636,2024-11-27,P003,Scalp Soothing Oil,Hair,3,8,28,0.0,Flagship Store,Seoul,Combination
YUL-17637,2025-04-03,P005,Ceramide Barrier Cream,Skin,4,14,42,0.0,Olive Young,NYC,Sensitive
YUL-17638,2024-11-10,P002,Fermented Rice Serum,Skin,3,15,45,0.0,Flagship Store,Seoul,Sensitive
YUL-17639,2025-04-11,P001,Deep Sea Hair Mask,Hair,4,12,38,0.0,Online,London,Oily
YUL-17640,2025-04-23,P004,Mugwort Essence,Skin,2,10,32,0.0,Flagship Store,London,Dry
YUL-17641,2025-08-09,P003,Scalp Soothing Oil,Hair,1,8,28,0.0,Olive Young,Tokyo,Combination
YUL-17642,2024-03-12,P002,Fermented Rice Serum,Skin,3,15,45,0.0,Flagship Store,Seoul,Dry
YUL-17643,2025-03-13,P002,Fermented Rice Serum,Skin,4,15,45,0.0,Flagship Store,Tokyo,Combination
YUL-17644,2024-04-02,P004,Mugwort Essence,Skin,1,10,32,0.1,Flagship Store,Seoul,Dry
YUL-17645,2024-09-26,P001,Deep Sea Hair Mask,Hair,3,12,38,0.0,Sephora,London,Oily
YUL-17646,2024-05-24,P003,Scalp Soothing Oil,Hair,1,8,28,0.1,Flagship Store,London,Oily
YUL-17647,2024-06-30,P005,Ceramide Barrier Cream,Skin,1,14,42,0.1,Sephora,Tokyo,Dry
YUL-17648,2025-03-30,P005,Ceramide Barrier Cream,Skin,1,14,42,0.2,Sephora,London,Combination
YUL-17649,2024-11-11,P001,Deep Sea Hair Mask,Hair,3,12,38,0.0,Sephora,London,Combination
YUL-17650,2024-10-22,P002,Fermented Rice Serum,Skin,1,15,45,0.0,Olive Young,Seoul,Sensitive
YUL-17651,2024-09-10,P002,Fermented Rice Serum,Skin,1,15,45,0.1,Flagship Store,Tokyo,Combination
YUL-17652,2025-09-12,P003,Scalp Soothing Oil,Hair,2,8,28,0.2,Sephora,London,Oily
YUL-17653,2024-06-10,P002,Fermented Rice Serum,Skin,2,15,45,0.0,Online,Tokyo,Dry
YUL-17654,2025-08-11,P003,Scalp Soothing Oil,Hair,4,8,28,0.1,Olive Young,Tokyo,Oily
YUL-17655,2025-01-04,P003,Scalp Soothing Oil,Hair,1,8,28,0.2,Flagship Store,Tokyo,Oily
YUL-17656,2025-12-29,P002,Fermented Rice Serum,Skin,1,15,45,0.0,Sephora,London,Dry
YUL-17657,2025-10-03,P002,Fermented Rice Serum,Skin,2,15,45,0.0,Flagship Store,London,Dry
YUL-17658,2024-07-17,P002,Fermented Rice Serum,Skin,2,15,45,0.25,Online,Tokyo,Oily
YUL-17659,2025-02-01,P003,Scalp Soothing Oil,Hair,1,8,28,0.2,Olive Young,NYC,Combination
YUL-17660,2024-02-11,P005,Ceramide Barrier Cream,Skin,1,14,42,0.0,Olive Young,Tokyo,Dry
YUL-17661,2025-11-09,P002,Fermented Rice Serum,Skin,3,15,45,0.0,Flagship Store,Seoul,Oily
YUL-17662,2024-06-07,P004,Mugwort Essence,Skin,4,10,32,0.0,Flagship Store,London,Dry
YUL-17663,2025-04-18,P005,Ceramide Barrier Cream,Skin,3,14,42,0.1,Online,NYC,Oily
YUL-17664,2025-01-21,P001,Deep Sea Hair Mask,Hair,1,12,38,0.1,Olive Young,NYC,Sensitive
YUL-17665,2025-05-04,P002,Fermented Rice Serum,Skin,3,15,45,0.2,Sephora,NYC,Dry
YUL-17666,2024-11-08,P002,Fermented Rice Serum,Skin,3,15,45,0.25,Olive Young,NYC,Oily
YUL-17667,2025-03-18,P001,Deep Sea Hair Mask,Hair,1,12,38,0.2,Flagship Store,NYC,Oily
YUL-17668,2025-10-03,P004,Mugwort Essence,Skin,3,10,32,0.25,Flagship Store,NYC,Dry
YUL-17669,2024-08-15,P005,Ceramide Barrier Cream,Skin,3,14,42,0.25,Sephora,Seoul,Combination
YUL-17670,2025-08-03,P001,Deep Sea Hair Mask,Hair,2,12,38,0.0,Online,Seoul,Combination
YUL-17671,2025-11-29,P004,Mugwort Essence,Skin,3,10,32,0.1,Sephora,London,Oily
YUL-17672,2024-09-03,P005,Ceramide Barrier Cream,Skin,2,14,42,0.0,Sephora,Tokyo,Oily
YUL-17673,2024-09-30,P002,Fermented Rice Serum,Skin,4,15,45,0.1,Flagship Store,Seoul,Dry
YUL-17674,2024-01-02,P005,Ceramide Barrier Cream,Skin,1,14,42,0.2,Sephora,London,Oily
YUL-17675,2024-08-28,P001,Deep Sea Hair Mask,Hair,3,12,38,0.1,Olive Young,Seoul,Oily
YUL-17676,2025-06-25,P003,Scalp Soothing Oil,Hair,4,8,28,0.0,Olive Young,Tokyo,Oily
YUL-17677,2024-03-06,P003,Scalp Soothing Oil,Hair,1,8,28,0.1,Olive Young,Seoul,Dry
YUL-17678,2024-01-14,P002,Fermented Rice Serum,Skin,4,15,45,0.25,Flagship Store,Seoul,Sensitive
YUL-17679,2025-05-17,P005,Ceramide Barrier Cream,Skin,4,14,42,0.0,Olive Young,Tokyo,Oily
YUL-17680,2024-10-05,P003,Scalp Soothing Oil,Hair,4,8,28,0.0,Online,NYC,Oily
YUL-17681,2024-04-30,P002,Fermented Rice Serum,Skin,3,15,45,0.1,Olive Young,NYC,Combination
YUL-17682,2025-07-24,P001,Deep Sea Hair Mask,Hair,1,12,38,0.0,Olive Young,Seoul,Sensitive
YUL-17683,2024-06-12,P001,Deep Sea Hair Mask,Hair,4,12,38,0.0,Olive Young,NYC,Dry
YUL-17684,2025-08-06,P003,Scalp Soothing Oil,Hair,4,8,28,0.0,Online,NYC,Sensitive
YUL-17685,2025-08-15,P005,Ceramide Barrier Cream,Skin,2,14,42,0.0,Online,London,Oily
YUL-17686,2025-03-19,P003,Scalp Soothing Oil,Hair,4,8,28,0.0,Olive Young,Seoul,Sensitive
YUL-17687,2024-12-24,P002,Fermented Rice Serum,Skin,3,15,45,0.0,Online,Tokyo,Dry
YUL-17688,2025-11-01,P003,Scalp Soothing Oil,Hair,2,8,28,0.0,Sephora,Tokyo,Sensitive
YUL-17689,2024-12-20,P003,Scalp Soothing Oil,Hair,1,8,28,0.0,Olive Young,London,Sensitive
YUL-17690,2025-01-26,P001,Deep Sea Hair Mask,Hair,2,12,38,0.1,Online,London,Oily
YUL-17691,2025-03-13,P003,Scalp Soothing Oil,Hair,1,8,28,0.25,Online,Tokyo,Sensitive
YUL-17692,2024-05-14,P002,Fermented Rice Serum,Skin,1,15,45,0.2,Sephora,Tokyo,Oily
YUL-17693,2024-04-23,P003,Scalp Soothing Oil,Hair,1,8,28,0.1,Olive Young,Seoul,Oily
YUL-17694,2025-06-08,P004,Mugwort Essence,Skin,1,10,32,0.2,Flagship Store,NYC,Dry
YUL-17695,2024-09-24,P002,Fermented Rice Serum,Skin,3,15,45,0.25,Olive Young,NYC,Oily
YUL-17696,2025-10-29,P002,Fermented Rice Serum,Skin,3,15,45,0.0,Olive Young,London,Combination
YUL-17697,2024-07-31,P003,Scalp Soothing Oil,Hair,1,8,28,0.2,Olive Young,NYC,Oily
YUL-17698,2025-09-24,P002,Fermented Rice Serum,Skin,2,15,45,0.0,Online,Tokyo,Combination
YUL-17699,2025-04-27,P002,Fermented Rice Serum,Skin,2,15,45,0.0,Online,NYC,Oily
YUL-17700,2025-09-28,P005,Ceramide Barrier Cream,Skin,1,14,42,0.0,Sephora,London,Dry
YUL-17701,2024-03-10,P005,Ceramide Barrier Cream,Skin,1,14,42,0.0,Olive Young,NYC,Dry
YUL-17702,2024-07-23,P001,Deep Sea Hair Mask,Hair,4,12,38,0.0,Flagship Store,NYC,Sensitive
YUL-17703,2024-04-06,P003,Scalp Soothing Oil,Hair,3,8,28,0.25,Sephora,Seoul,Dry
YUL-17704,2024-08-03,P001,Deep Sea Hair Mask,Hair,4,12,38,0.25,Sephora,Tokyo,Oily
YUL-17705,2024-07-11,P005,Ceramide Barrier Cream,Skin,2,14,42,0.25,Sephora,NYC,Oily
YUL-17706,2025-05-27,P001,Deep Sea Hair Mask,Hair,4,12,38,0.0,Online,Seoul,Dry
YUL-17707,2024-03-04,P003,Scalp Soothing Oil,Hair,2,8,28,0.25,Sephora,Tokyo,Combination
YUL-17708,2025-06-20,P002,Fermented Rice Serum,Skin,2,15,45,0.25,Sephora,NYC,Sensitive
YUL-17709,2024-04-15,P005,Ceramide Barrier Cream,Skin,4,14,42,0.1,Flagship Store,London,Sensitive
YUL-17710,2024-05-15,P004,Mugwort Essence,Skin,1,10,32,0.0,Sephora,Tokyo,Sensitive
YUL-17711,2025-08-08,P004,Mugwort Essence,Skin,4,10,32,0.25,Sephora,London,Dry
YUL-17712,2025-08-20,P004,Mugwort Essence,Skin,2,10,32,0.2,Olive Young,Tokyo,Dry
YUL-17713,2025-08-18,P005,Ceramide Barrier Cream,Skin,1,14,42,0.0,Olive Young,NYC,Oily
YUL-17714,2025-05-18,P003,Scalp Soothing Oil,Hair,4,8,28,0.2,Olive Young,Seoul,Sensitive
YUL-17715,2024-04-14,P003,Scalp Soothing Oil,Hair,1,8,28,0.1,Flagship Store,NYC,Dry
YUL-17716,2025-12-16,P004,Mugwort Essence,Skin,4,10,32,0.25,Flagship Store,NYC,Oily
YUL-17717,2025-11-02,P003,Scalp Soothing Oil,Hair,2,8,28,0.0,Sephora,NYC,Combination
YUL-17718,2024-12-19,P001,Deep Sea Hair Mask,Hair,4,12,38,0.0,Sephora,Tokyo,Combination
YUL-17719,2024-02-18,P001,Deep Sea Hair Mask,Hair,3,12,38,0.0,Sephora,NYC,Oily
YUL-17720,2024-10-08,P002,Fermented Rice Serum,Skin,4,15,45,0.0,Online,London,Dry
YUL-17721,2024-12-27,P002,Fermented Rice Serum,Skin,2,15,45,0.25,Olive Young,Seoul,Oily
YUL-17722,2024-02-09,P001,Deep Sea Hair Mask,Hair,4,12,38,0.0,Online,NYC,Sensitive
YUL-17723,2024-12-07,P001,Deep Sea Hair Mask,Hair,3,12,38,0.1,Sephora,Tokyo,Combination
YUL-17724,2024-01-15,P005,Ceramide Barrier Cream,Skin,3,14,42,0.0,Flagship Store,NYC,Sensitive
YUL-17725,2025-08-11,P005,Ceramide Barrier Cream,Skin,4,14,42,0.2,Sephora,London,Sensitive
YUL-17726,2025-03-15,P003,Scalp Soothing Oil,Hair,1,8,28,0.25,Olive Young,London,Combination
YUL-17727,2025-03-14,P002,Fermented Rice Serum,Skin,1,15,45,0.25,Flagship Store,Tokyo,Combination
YUL-17728,2024-07-21,P004,Mugwort Essence,Skin,1,10,32,0.0,Online,Seoul,Combination
YUL-17729,2025-12-19,P001,Deep Sea Hair Mask,Hair,4,12,38,0.0,Sephora,London,Oily
YUL-17730,2025-01-04,P002,Fermented Rice Serum,Skin,3,15,45,0.2,Sephora,NYC,Dry
YUL-17731,2024-12-07,P001,Deep Sea Hair Mask,Hair,1,12,38,0.0,Sephora,Tokyo,Sensitive
YUL-17732,2025-05-25,P001,Deep Sea Hair Mask,Hair,3,12,38,0.25,Sephora,London,Oily
YUL-17733,2025-06-07,P005,Ceramide Barrier Cream,Skin,1,14,42,0.0,Online,London,Combination
YUL-17734,2025-01-23,P003,Scalp Soothing Oil,Hair,4,8,28,0.0,Olive Young,London,Oily
YUL-17735,2025-06-18,P003,Scalp Soothing Oil,Hair,1,8,28,0.0,Sephora,Seoul,Oily
YUL-17736,2025-07-19,P005,Ceramide Barrier Cream,Skin,3,14,42,0.25,Sephora,Tokyo,Sensitive
YUL-17737,2025-11-25,P004,Mugwort Essence,Skin,1,10,32,0.0,Olive Young,NYC,Combination
YUL-17738,2024-03-27,P005,Ceramide Barrier Cream,Skin,4,14,42,0.0,Flagship Store,NYC,Combination
YUL-17739,2024-04-13,P002,Fermented Rice Serum,Skin,2,15,45,0.2,Online,NYC,Combination
YUL-17740,2025-07-08,P001,Deep Sea Hair Mask,Hair,1,12,38,0.0,Flagship Store,NYC,Oily
YUL-17741,2025-05-12,P004,Mugwort Essence,Skin,4,10,32,0.1,Flagship Store,London,Dry
YUL-17742,2024-04-15,P005,Ceramide Barrier Cream,Skin,3,14,42,0.1,Olive Young,Seoul,Combination
YUL-17743,2024-09-13,P002,Fermented Rice Serum,Skin,2,15,45,0.25,Flagship Store,London,Combination
YUL-17744,2025-01-21,P005,Ceramide Barrier Cream,Skin,3,14,42,0.0,Sephora,Tokyo,Sensitive
YUL-17745,2024-05-06,P002,Fermented Rice Serum,Skin,1,15,45,0.1,Olive Young,NYC,Dry
YUL-17746,2024-08-04,P004,Mugwort Essence,Skin,4,10,32,0.1,Flagship Store,NYC,Dry
YUL-17747,2024-08-10,P003,Scalp Soothing Oil,Hair,4,8,28,0.0,Flagship Store,Seoul,Sensitive
YUL-17748,2024-11-13,P002,Fermented Rice Serum,Skin,3,15,45,0.0,Olive Young,London,Oily
YUL-17749,2024-11-01,P004,Mugwort Essence,Skin,4,10,32,0.25,Online,Seoul,Oily
YUL-17750,2024-08-14,P004,Mugwort Essence,Skin,4,10,32,0.0,Olive Young,Seoul,Sensitive
YUL-17751,2025-03-19,P005,Ceramide Barrier Cream,Skin,4,14,42,0.25,Olive Young,London,Sensitive
YUL-17752,2024-03-29,P003,Scalp Soothing Oil,Hair,4,8,28,0.25,Online,NYC,Oily
YUL-17753,2024-01-07,P004,Mugwort Essence,Skin,3,10,32,0.25,Olive Young,Seoul,Sensitive
YUL-17754,2024-05-05,P002,Fermented Rice Serum,Skin,3,15,45,0.2,Flagship Store,Tokyo,Dry
YUL-17755,2025-11-30,P001,Deep Sea Hair Mask,Hair,1,12,38,0.1,Olive Young,Tokyo,Sensitive
YUL-17756,2024-04-07,P002,Fermented Rice Serum,Skin,1,15,45,0.0,Sephora,Seoul,Dry
YUL-17757,2024-11-21,P005,Ceramide Barrier Cream,Skin,2,14,42,0.1,Online,Seoul,Combination
YUL-17758,2025-11-26,P005,Ceramide Barrier Cream,Skin,3,14,42,0.25,Olive Young,Seoul,Combination
YUL-17759,2024-10-12,P004,Mugwort Essence,Skin,1,10,32,0.2,Olive Young,Seoul,Sensitive
YUL-17760,2025-11-25,P002,Fermented Rice Serum,Skin,1,15,45,0.0,Online,Seoul,Combination
YUL-17761,2025-11-11,P005,Ceramide Barrier Cream,Skin,1,14,42,0.1,Olive Young,Seoul,Combination
YUL-17762,2024-12-19,P003,Scalp Soothing Oil,Hair,2,8,28,0.1,Olive Young,NYC,Combination
YUL-17763,2024-12-21,P001,Deep Sea Hair Mask,Hair,1,12,38,0.0,Flagship Store,Tokyo,Sensitive
YUL-17764,2025-01-10,P005,Ceramide Barrier Cream,Skin,3,14,42,0.2,Sephora,NYC,Oily
YUL-17765,2025-10-07,P002,Fermented Rice Serum,Skin,4,15,45,0.0,Olive Young,London,Dry
YUL-17766,2024-02-29,P005,Ceramide Barrier Cream,Skin,4,14,42,0.0,Flagship Store,Seoul,Sensitive
YUL-17767,2024-12-18,P005,Ceramide Barrier Cream,Skin,4,14,42,0.0,Olive Young,Seoul,Sensitive
YUL-17768,2025-02-24,P005,Ceramide Barrier Cream,Skin,4,14,42,0.25,Flagship Store,Seoul,Dry
YUL-17769,2024-12-25,P002,Fermented Rice Serum,Skin,1,15,45,0.0,Olive Young,London,Sensitive
YUL-17770,2024-09-25,P001,Deep Sea Hair Mask,Hair,1,12,38,0.0,Flagship Store,Tokyo,Sensitive
YUL-17771,2025-08-14,P004,Mugwort Essence,Skin,3,10,32,0.0,Olive Young,London,Oily
YUL-17772,2025-03-20,P002,Fermented Rice Serum,Skin,1,15,45,0.2,Online,NYC,Combination
YUL-17773,2024-03-17,P002,Fermented Rice Serum,Skin,2,15,45,0.0,Sephora,London,Oily
YUL-17774,2024-11-06,P004,Mugwort Essence,Skin,4,10,32,0.2,Flagship Store,London,Combination
YUL-17775,2024-11-12,P001,Deep Sea Hair Mask,Hair,2,12,38,0.0,Sephora,NYC,Dry
YUL-17776,2025-11-02,P005,Ceramide Barrier Cream,Skin,1,14,42,0.0,Olive Young,NYC,Oily
YUL-17777,2025-07-26,P003,Scalp Soothing Oil,Hair,4,8,28,0.0,Flagship Store,London,Combination
YUL-17778,2024-01-19,P001,Deep Sea Hair Mask,Hair,4,12,38,0.25,Olive Young,NYC,Dry
YUL-17779,2024-11-14,P005,Ceramide Barrier Cream,Skin,3,14,42,0.1,Sephora,Seoul,Sensitive
YUL-17780,2025-01-22,P004,Mugwort Essence,Skin,4,10,32,0.0,Sephora,London,Oily
YUL-17781,2024-04-15,P003,Scalp Soothing Oil,Hair,1,8,28,0.2,Olive Young,Tokyo,Sensitive
YUL-17782,2025-11-15,P001,Deep Sea Hair Mask,Hair,2,12,38,0.2,Sephora,Tokyo,Sensitive
YUL-17783,2025-08-27,P002,Fermented Rice Serum,Skin,4,15,45,0.0,Olive Young,NYC,Oily
YUL-17784,2025-11-28,P004,Mugwort Essence,Skin,3,10,32,0.0,Sephora,NYC,Dry
YUL-17785,2025-03-22,P005,Ceramide Barrier Cream,Skin,2,14,42,0.0,Online,London,Sensitive
YUL-17786,2024-07-21,P002,Fermented Rice Serum,Skin,4,15,45,0.0,Flagship Store,London,Oily
YUL-17787,2024-06-06,P001,Deep Sea Hair Mask,Hair,1,12,38,0.25,Sephora,Seoul,Oily
YUL-17788,2024-03-10,P001,Deep Sea Hair Mask,Hair,4,12,38,0.0,Sephora,Tokyo,Sensitive
YUL-17789,2024-05-01,P003,Scalp Soothing Oil,Hair,2,8,28,0.0,Sephora,Tokyo,Oily
YUL-17790,2025-12-31,P004,Mugwort Essence,Skin,1,10,32,0.25,Online,Seoul,Oily
YUL-17791,2025-07-31,P005,Ceramide Barrier Cream,Skin,4,14,42,0.0,Olive Young,Tokyo,Dry
YUL-17792,2024-06-11,P003,Scalp Soothing Oil,Hair,3,8,28,0.2,Flagship Store,Seoul,Dry
YUL-17793,2025-03-25,P004,Mugwort Essence,Skin,3,10,32,0.0,Sephora,Seoul,Sensitive
YUL-17794,2025-03-29,P003,Scalp Soothing Oil,Hair,4,8,28,0.2,Olive Young,Tokyo,Dry
YUL-17795,2024-06-22,P003,Scalp Soothing Oil,Hair,1,8,28,0.1,Flagship Store,Seoul,Sensitive
YUL-17796,2024-04-07,P002,Fermented Rice Serum,Skin,3,15,45,0.0,Sephora,NYC,Combination
YUL-17797,2025-03-13,P005,Ceramide Barrier Cream,Skin,4,14,42,0.0,Online,NYC,Dry
YUL-17798,2025-05-15,P001,Deep Sea Hair Mask,Hair,4,12,38,0.25,Olive Young,NYC,Oily
YUL-17799,2025-09-17,P001,Deep Sea Hair Mask,Hair,4,12,38,0.1,Sephora,NYC,Dry
YUL-17800,2025-10-08,P005,Ceramide Barrier Cream,Skin,3,14,42,0.25,Online,NYC,Sensitive
YUL-17801,2025-09-18,P005,Ceramide Barrier Cream,Skin,4,14,42,0.25,Flagship Store,London,Dry
YUL-17802,2025-08-21,P005,Ceramide Barrier Cream,Skin,4,14,42,0.0,Online,NYC,Oily
YUL-17803,2025-02-05,P001,Deep Sea Hair Mask,Hair,4,12,38,0.0,Olive Young,London,Combination
YUL-17804,2024-11-03,P003,Scalp Soothing Oil,Hair,3,8,28,0.0,Sephora,Seoul,Dry
YUL-17805,2024-05-11,P003,Scalp Soothing Oil,Hair,4,8,28,0.0,Sephora,London,Dry
YUL-17806,2024-08-29,P004,Mugwort Essence,Skin,1,10,32,0.25,Olive Young,London,Sensitive
YUL-17807,2024-12-22,P002,Fermented Rice Serum,Skin,4,15,45,0.0,Flagship Store,Seoul,Combination
YUL-17808,2024-06-06,P002,Fermented Rice Serum,Skin,3,15,45,0.0,Olive Young,NYC,Dry
YUL-17809,2024-12-19,P001,Deep Sea Hair Mask,Hair,1,12,38,0.1,Online,Seoul,Combination
YUL-17810,2025-08-10,P001,Deep Sea Hair Mask,Hair,1,12,38,0.0,Sephora,Tokyo,Sensitive
YUL-17811,2025-08-13,P001,Deep Sea Hair Mask,Hair,2,12,38,0.1,Online,London,Sensitive
YUL-17812,2025-07-21,P003,Scalp Soothing Oil,Hair,3,8,28,0.0,Sephora,London,Oily
YUL-17813,2024-12-20,P001,Deep Sea Hair Mask,Hair,3,12,38,0.25,Sephora,Seoul,Dry
YUL-17814,2025-07-17,P005,Ceramide Barrier Cream,Skin,2,14,42,0.0,Online,London,Sensitive
YUL-17815,2025-08-21,P005,Ceramide Barrier Cream,Skin,4,14,42,0.1,Flagship Store,Seoul,Combination
YUL-17816,2024-01-21,P005,Ceramide Barrier Cream,Skin,3,14,42,0.1,Sephora,Seoul,Oily
YUL-17817,2025-09-04,P004,Mugwort Essence,Skin,4,10,32,0.2,Olive Young,NYC,Sensitive
YUL-17818,2024-05-06,P005,Ceramide Barrier Cream,Skin,2,14,42,0.2,Flagship Store,Seoul,Dry
YUL-17819,2024-07-14,P001,Deep Sea Hair Mask,Hair,1,12,38,0.1,Olive Young,Seoul,Oily
YUL-17820,2025-04-27,P002,Fermented Rice Serum,Skin,3,15,45,0.0,Online,NYC,Dry
YUL-17821,2024-12-03,P002,Fermented Rice Serum,Skin,3,15,45,0.0,Flagship Store,NYC,Sensitive
YUL-17822,2025-07-19,P004,Mugwort Essence,Skin,4,10,32,0.1,Sephora,Tokyo,Oily
YUL-17823,2025-11-10,P004,Mugwort Essence,Skin,3,10,32,0.0,Sephora,Seoul,Combination
YUL-17824,2024-12-14,P005,Ceramide Barrier Cream,Skin,3,14,42,0.0,Online,London,Dry
YUL-17825,2024-08-12,P003,Scalp Soothing Oil,Hair,1,8,28,0.25,Sephora,Seoul,Oily
YUL-17826,2025-07-30,P004,Mugwort Essence,Skin,4,10,32,0.1,Olive Young,London,Dry
YUL-17827,2024-01-17,P001,Deep Sea Hair Mask,Hair,1,12,38,0.1,Olive Young,Seoul,Oily
YUL-17828,2025-12-27,P005,Ceramide Barrier Cream,Skin,1,14,42,0.25,Online,NYC,Dry
YUL-17829,2025-08-15,P005,Ceramide Barrier Cream,Skin,3,14,42,0.1,Olive Young,Seoul,Combination
YUL-17830,2025-11-07,P002,Fermented Rice Serum,Skin,3,15,45,0.0,Online,London,Combination
YUL-17831,2024-06-27,P004,Mugwort Essence,Skin,3,10,32,0.0,Flagship Store,Seoul,Sensitive
YUL-17832,2025-09-14,P001,Deep Sea Hair Mask,Hair,2,12,38,0.2,Olive Young,London,Dry
YUL-17833,2024-12-29,P003,Scalp Soothing Oil,Hair,4,8,28,0.25,Online,London,Combination
YUL-17834,2025-01-21,P001,Deep Sea Hair Mask,Hair,1,12,38,0.1,Flagship Store,London,Dry
YUL-17835,2024-12-13,P004,Mugwort Essence,Skin,3,10,32,0.25,Olive Young,NYC,Dry
YUL-17836,2025-09-30,P005,Ceramide Barrier Cream,Skin,3,14,42,0.0,Olive Young,London,Combination
YUL-17837,2025-08-19,P001,Deep Sea Hair Mask,Hair,3,12,38,0.1,Flagship Store,NYC,Dry
YUL-17838,2025-03-02,P001,Deep Sea Hair Mask,Hair,2,12,38,0.0,Sephora,NYC,Dry
YUL-17839,2024-10-14,P001,Deep Sea Hair Mask,Hair,3,12,38,0.0,Flagship Store,NYC,Sensitive
YUL-17840,2025-03-07,P003,Scalp Soothing Oil,Hair,1,8,28,0.1,Sephora,Tokyo,Sensitive
YUL-17841,2024-06-20,P004,Mugwort Essence,Skin,4,10,32,0.0,Online,Tokyo,Oily
YUL-17842,2024-07-24,P004,Mugwort Essence,Skin,1,10,32,0.0,Flagship Store,London,Dry
YUL-17843,2025-01-17,P001,Deep Sea Hair Mask,Hair,3,12,38,0.2,Online,London,Sensitive
YUL-17844,2024-05-30,P002,Fermented Rice Serum,Skin,3,15,45,0.0,Olive Young,Tokyo,Oily
YUL-17845,2025-08-08,P004,Mugwort Essence,Skin,4,10,32,0.0,Flagship Store,London,Oily
YUL-17846,2025-10-18,P002,Fermented Rice Serum,Skin,2,15,45,0.1,Flagship Store,Seoul,Dry
YUL-17847,2025-09-27,P005,Ceramide Barrier Cream,Skin,1,14,42,0.0,Flagship Store,Seoul,Oily
YUL-17848,2024-01-31,P004,Mugwort Essence,Skin,2,10,32,0.0,Olive Young,Seoul,Dry
YUL-17849,2024-09-10,P001,Deep Sea Hair Mask,Hair,3,12,38,0.1,Online,London,Dry
YUL-17850,2025-04-20,P005,Ceramide Barrier Cream,Skin,1,14,42,0.0,Sephora,London,Combination
YUL-17851,2024-06-29,P004,Mugwort Essence,Skin,2,10,32,0.0,Sephora,NYC,Sensitive
YUL-17852,2024-05-25,P001,Deep Sea Hair Mask,Hair,3,12,38,0.2,Flagship Store,Seoul,Combination
YUL-17853,2024-05-09,P003,Scalp Soothing Oil,Hair,2,8,28,0.25,Online,Tokyo,Oily
YUL-17854,2024-04-30,P004,Mugwort Essence,Skin,1,10,32,0.0,Flagship Store,NYC,Oily
YUL-17855,2025-12-19,P002,Fermented Rice Serum,Skin,3,15,45,0.2,Flagship Store,Tokyo,Dry
YUL-17856,2024-11-09,P004,Mugwort Essence,Skin,2,10,32,0.0,Olive Young,Tokyo,Combination
YUL-17857,2025-08-25,P001,Deep Sea Hair Mask,Hair,2,12,38,0.25,Sephora,Tokyo,Dry
YUL-17858,2024-05-16,P001,Deep Sea Hair Mask,Hair,2,12,38,0.0,Online,NYC,Combination
YUL-17859,2025-02-22,P003,Scalp Soothing Oil,Hair,3,8,28,0.0,Olive Young,NYC,Oily
YUL-17860,2025-04-30,P005,Ceramide Barrier Cream,Skin,1,14,42,0.0,Online,NYC,Sensitive
YUL-17861,2025-04-26,P005,Ceramide Barrier Cream,Skin,2,14,42,0.25,Sephora,Tokyo,Oily
YUL-17862,2025-03-07,P005,Ceramide Barrier Cream,Skin,3,14,42,0.0,Online,NYC,Combination
YUL-17863,2024-03-24,P005,Ceramide Barrier Cream,Skin,2,14,42,0.1,Flagship Store,Tokyo,Oily
YUL-17864,2025-02-01,P002,Fermented Rice Serum,Skin,2,15,45,0.0,Flagship Store,Tokyo,Combination
YUL-17865,2025-03-15,P005,Ceramide Barrier Cream,Skin,2,14,42,0.1,Sephora,London,Combination
YUL-17866,2025-07-24,P002,Fermented Rice Serum,Skin,4,15,45,0.0,Online,NYC,Oily
YUL-17867,2024-08-22,P002,Fermented Rice Serum,Skin,2,15,45,0.0,Online,NYC,Sensitive
YUL-17868,2025-07-03,P003,Scalp Soothing Oil,Hair,2,8,28,0.0,Flagship Store,Tokyo,Sensitive
YUL-17869,2025-01-10,P003,Scalp Soothing Oil,Hair,2,8,28,0.1,Sephora,Tokyo,Sensitive
YUL-17870,2025-02-06,P001,Deep Sea Hair Mask,Hair,3,12,38,0.0,Olive Young,NYC,Combination
YUL-17871,2025-03-15,P002,Fermented Rice Serum,Skin,2,15,45,0.1,Sephora,Tokyo,Sensitive
YUL-17872,2025-12-30,P004,Mugwort Essence,Skin,4,10,32,0.2,Flagship Store,NYC,Combination
YUL-17873,2024-01-27,P002,Fermented Rice Serum,Skin,4,15,45,0.0,Sephora,NYC,Dry
YUL-17874,2025-12-05,P005,Ceramide Barrier Cream,Skin,3,14,42,0.25,Sephora,NYC,Oily
YUL-17875,2025-04-20,P005,Ceramide Barrier Cream,Skin,1,14,42,0.2,Online,NYC,Dry
YUL-17876,2025-08-20,P002,Fermented Rice Serum,Skin,4,15,45,0.0,Sephora,Seoul,Dry
YUL-17877,2025-06-08,P002,Fermented Rice Serum,Skin,1,15,45,0.0,Online,NYC,Oily
YUL-17878,2025-06-16,P002,Fermented Rice Serum,Skin,4,15,45,0.0,Flagship Store,Seoul,Sensitive
YUL-17879,2024-06-10,P002,Fermented Rice Serum,Skin,3,15,45,0.1,Sephora,London,Dry
YUL-17880,2024-07-16,P001,Deep Sea Hair Mask,Hair,1,12,38,0.2,Online,Tokyo,Sensitive
YUL-17881,2025-10-14,P005,Ceramide Barrier Cream,Skin,4,14,42,0.2,Online,Seoul,Combination
YUL-17882,2025-04-17,P005,Ceramide Barrier Cream,Skin,4,14,42,0.0,Olive Young,NYC,Sensitive
YUL-17883,2024-09-10,P005,Ceramide Barrier Cream,Skin,1,14,42,0.0,Online,Seoul,Dry
YUL-17884,2025-09-14,P003,Scalp Soothing Oil,Hair,1,8,28,0.0,Online,NYC,Dry
YUL-17885,2025-10-18,P001,Deep Sea Hair Mask,Hair,1,12,38,0.1,Olive Young,Tokyo,Combination
YUL-17886,2024-07-18,P003,Scalp Soothing Oil,Hair,4,8,28,0.1,Olive Young,London,Sensitive
YUL-17887,2024-04-27,P003,Scalp Soothing Oil,Hair,3,8,28,0.25,Olive Young,London,Sensitive
YUL-17888,2024-01-19,P002,Fermented Rice Serum,Skin,3,15,45,0.0,Olive Young,NYC,Combination
YUL-17889,2024-11-21,P004,Mugwort Essence,Skin,1,10,32,0.0,Sephora,NYC,Combination
YUL-17890,2024-11-19,P002,Fermented Rice Serum,Skin,3,15,45,0.0,Olive Young,Seoul,Combination
YUL-17891,2025-04-28,P002,Fermented Rice Serum,Skin,1,15,45,0.0,Sephora,Tokyo,Sensitive
YUL-17892,2024-11-27,P002,Fermented Rice Serum,Skin,1,15,45,0.25,Olive Young,NYC,Oily
YUL-17893,2024-06-04,P002,Fermented Rice Serum,Skin,4,15,45,0.0,Flagship Store,Seoul,Dry
YUL-17894,2024-06-14,P001,Deep Sea Hair Mask,Hair,3,12,38,0.0,Flagship Store,Tokyo,Oily
YUL-17895,2024-04-23,P002,Fermented Rice Serum,Skin,4,15,45,0.1,Olive Young,NYC,Sensitive
YUL-17896,2024-07-06,P001,Deep Sea Hair Mask,Hair,4,12,38,0.0,Sephora,London,Sensitive
YUL-17897,2025-07-30,P002,Fermented Rice Serum,Skin,3,15,45,0.2,Online,NYC,Combination
YUL-17898,2024-06-21,P003,Scalp Soothing Oil,Hair,2,8,28,0.1,Sephora,NYC,Oily
YUL-17899,2024-01-19,P004,Mugwort Essence,Skin,1,10,32,0.2,Online,Tokyo,Dry
YUL-17900,2024-08-03,P001,Deep Sea Hair Mask,Hair,3,12,38,0.25,Sephora,NYC,Dry
YUL-17901,2024-09-28,P001,Deep Sea Hair Mask,Hair,3,12,38,0.0,Sephora,Tokyo,Combination
YUL-17902,2024-04-20,P003,Scalp Soothing Oil,Hair,2,8,28,0.2,Sephora,Tokyo,Combination
YUL-17903,2025-05-18,P005,Ceramide Barrier Cream,Skin,1,14,42,0.25,Sephora,Seoul,Combination
YUL-17904,2025-09-11,P002,Fermented Rice Serum,Skin,2,15,45,0.1,Olive Young,London,Dry
YUL-17905,2025-03-01,P002,Fermented Rice Serum,Skin,3,15,45,0.0,Olive Young,London,Sensitive
YUL-17906,2024-07-09,P005,Ceramide Barrier Cream,Skin,3,14,42,0.25,Sephora,London,Combination
YUL-17907,2024-07-04,P005,Ceramide Barrier Cream,Skin,4,14,42,0.0,Online,NYC,Sensitive
YUL-17908,2025-11-17,P003,Scalp Soothing Oil,Hair,2,8,28,0.0,Flagship Store,London,Combination
YUL-17909,2024-10-19,P001,Deep Sea Hair Mask,Hair,1,12,38,0.1,Flagship Store,London,Dry
YUL-17910,2025-01-08,P001,Deep Sea Hair Mask,Hair,3,12,38,0.1,Online,Tokyo,Combination
YUL-17911,2024-02-16,P002,Fermented Rice Serum,Skin,2,15,45,0.1,Olive Young,Seoul,Sensitive
YUL-17912,2025-05-28,P005,Ceramide Barrier Cream,Skin,4,14,42,0.0,Flagship Store,NYC,Oily
YUL-17913,2024-07-20,P003,Scalp Soothing Oil,Hair,1,8,28,0.1,Olive Young,London,Dry
YUL-17914,2024-03-01,P001,Deep Sea Hair Mask,Hair,4,12,38,0.0,Sephora,Tokyo,Sensitive
YUL-17915,2024-11-22,P001,Deep Sea Hair Mask,Hair,4,12,38,0.1,Online,Tokyo,Combination
YUL-17916,2024-12-18,P002,Fermented Rice Serum,Skin,3,15,45,0.0,Sephora,London,Combination
YUL-17917,2024-06-15,P005,Ceramide Barrier Cream,Skin,4,14,42,0.2,Online,NYC,Oily
YUL-17918,2024-06-16,P004,Mugwort Essence,Skin,1,10,32,0.25,Online,Seoul,Oily
YUL-17919,2024-11-18,P003,Scalp Soothing Oil,Hair,1,8,28,0.25,Flagship Store,NYC,Sensitive
YUL-17920,2025-04-29,P004,Mugwort Essence,Skin,2,10,32,0.25,Sephora,Tokyo,Oily
YUL-17921,2024-05-22,P001,Deep Sea Hair Mask,Hair,3,12,38,0.0,Sephora,Seoul,Combination
YUL-17922,2024-06-13,P002,Fermented Rice Serum,Skin,1,15,45,0.0,Online,Tokyo,Oily
YUL-17923,2024-06-26,P002,Fermented Rice Serum,Skin,4,15,45,0.0,Sephora,Seoul,Dry
YUL-17924,2025-02-02,P003,Scalp Soothing Oil,Hair,2,8,28,0.1,Online,Seoul,Dry
YUL-17925,2025-12-16,P001,Deep Sea Hair Mask,Hair,4,12,38,0.2,Olive Young,NYC,Oily
YUL-17926,2025-03-01,P002,Fermented Rice Serum,Skin,4,15,45,0.1,Olive Young,Tokyo,Dry
YUL-17927,2024-07-26,P005,Ceramide Barrier Cream,Skin,3,14,42,0.0,Olive Young,London,Oily
YUL-17928,2025-07-02,P005,Ceramide Barrier Cream,Skin,4,14,42,0.0,Sephora,London,Sensitive
YUL-17929,2025-05-04,P005,Ceramide Barrier Cream,Skin,3,14,42,0.0,Olive Young,Seoul,Sensitive
YUL-17930,2025-12-18,P002,Fermented Rice Serum,Skin,1,15,45,0.0,Olive Young,Seoul,Sensitive
YUL-17931,2024-04-16,P001,Deep Sea Hair Mask,Hair,3,12,38,0.0,Sephora,Tokyo,Oily
YUL-17932,2025-07-12,P003,Scalp Soothing Oil,Hair,4,8,28,0.2,Olive Young,London,Combination
YUL-17933,2024-01-23,P005,Ceramide Barrier Cream,Skin,4,14,42,0.1,Olive Young,NYC,Oily
YUL-17934,2025-06-30,P001,Deep Sea Hair Mask,Hair,3,12,38,0.2,Flagship Store,London,Dry
YUL-17935,2024-11-02,P004,Mugwort Essence,Skin,3,10,32,0.2,Flagship Store,NYC,Sensitive
YUL-17936,2025-04-25,P001,Deep Sea Hair Mask,Hair,3,12,38,0.1,Online,NYC,Sensitive
YUL-17937,2025-04-18,P003,Scalp Soothing Oil,Hair,4,8,28,0.1,Sephora,London,Sensitive
YUL-17938,2025-05-08,P002,Fermented Rice Serum,Skin,2,15,45,0.25,Olive Young,London,Dry
YUL-17939,2024-08-15,P004,Mugwort Essence,Skin,4,10,32,0.1,Sephora,Seoul,Dry
YUL-17940,2025-06-29,P001,Deep Sea Hair Mask,Hair,4,12,38,0.2,Olive Young,Tokyo,Combination
YUL-17941,2025-04-28,P003,Scalp Soothing Oil,Hair,2,8,28,0.0,Sephora,Tokyo,Dry
YUL-17942,2025-09-25,P001,Deep Sea Hair Mask,Hair,3,12,38,0.1,Sephora,Seoul,Dry
YUL-17943,2025-06-23,P005,Ceramide Barrier Cream,Skin,2,14,42,0.1,Online,London,Combination
YUL-17944,2025-05-31,P003,Scalp Soothing Oil,Hair,1,8,28,0.0,Sephora,Seoul,Oily
YUL-17945,2024-07-17,P002,Fermented Rice Serum,Skin,3,15,45,0.0,Online,Tokyo,Combination
YUL-17946,2024-12-09,P005,Ceramide Barrier Cream,Skin,4,14,42,0.1,Flagship Store,Tokyo,Sensitive
YUL-17947,2025-11-10,P003,Scalp Soothing Oil,Hair,2,8,28,0.25,Sephora,Seoul,Combination
YUL-17948,2025-06-10,P005,Ceramide Barrier Cream,Skin,1,14,42,0.0,Online,Tokyo,Combination
YUL-17949,2025-03-24,P002,Fermented Rice Serum,Skin,1,15,45,0.1,Online,London,Combination
YUL-17950,2025-05-19,P001,Deep Sea Hair Mask,Hair,4,12,38,0.1,Sephora,NYC,Dry
YUL-17951,2025-04-04,P005,Ceramide Barrier Cream,Skin,1,14,42,0.0,Online,Tokyo,Oily
YUL-17952,2025-04-20,P002,Fermented Rice Serum,Skin,1,15,45,0.0,Online,London,Oily
YUL-17953,2025-01-01,P003,Scalp Soothing Oil,Hair,2,8,28,0.1,Online,Tokyo,Combination
YUL-17954,2025-08-15,P004,Mugwort Essence,Skin,3,10,32,0.2,Sephora,London,Dry
YUL-17955,2025-02-26,P003,Scalp Soothing Oil,Hair,3,8,28,0.0,Flagship Store,NYC,Sensitive
YUL-17956,2024-01-26,P005,Ceramide Barrier Cream,Skin,1,14,42,0.2,Online,NYC,Oily
YUL-17957,2025-11-30,P004,Mugwort Essence,Skin,2,10,32,0.25,Olive Young,Tokyo,Combination
YUL-17958,2025-01-15,P004,Mugwort Essence,Skin,2,10,32,0.0,Online,Tokyo,Sensitive
YUL-17959,2025-12-18,P005,Ceramide Barrier Cream,Skin,2,14,42,0.25,Flagship Store,Seoul,Oily
YUL-17960,2024-10-29,P003,Scalp Soothing Oil,Hair,1,8,28,0.1,Flagship Store,NYC,Combination
YUL-17961,2025-11-15,P003,Scalp Soothing Oil,Hair,4,8,28,0.0,Olive Young,London,Oily
YUL-17962,2024-11-11,P004,Mugwort Essence,Skin,4,10,32,0.2,Flagship Store,London,Dry
YUL-17963,2024-11-16,P003,Scalp Soothing Oil,Hair,1,8,28,0.2,Online,Tokyo,Dry
YUL-17964,2024-09-24,P001,Deep Sea Hair Mask,Hair,2,12,38,0.0,Flagship Store,London,Oily
YUL-17965,2024-01-14,P003,Scalp Soothing Oil,Hair,4,8,28,0.1,Flagship Store,NYC,Oily
YUL-17966,2025-09-20,P003,Scalp Soothing Oil,Hair,3,8,28,0.1,Olive Young,London,Sensitive
YUL-17967,2025-08-24,P004,Mugwort Essence,Skin,1,10,32,0.1,Online,Seoul,Sensitive
YUL-17968,2025-09-19,P004,Mugwort Essence,Skin,1,10,32,0.0,Online,Tokyo,Combination
YUL-17969,2024-11-24,P004,Mugwort Essence,Skin,1,10,32,0.1,Olive Young,Seoul,Sensitive
YUL-17970,2024-10-04,P005,Ceramide Barrier Cream,Skin,2,14,42,0.2,Olive Young,London,Dry
YUL-17971,2024-08-28,P003,Scalp Soothing Oil,Hair,4,8,28,0.0,Sephora,Tokyo,Sensitive
YUL-17972,2025-12-14,P003,Scalp Soothing Oil,Hair,3,8,28,0.2,Sephora,Seoul,Sensitive
YUL-17973,2024-02-16,P005,Ceramide Barrier Cream,Skin,3,14,42,0.25,Online,Seoul,Sensitive
YUL-17974,2025-11-11,P001,Deep Sea Hair Mask,Hair,1,12,38,0.0,Online,NYC,Combination
YUL-17975,2024-03-04,P003,Scalp Soothing Oil,Hair,3,8,28,0.0,Online,London,Sensitive
YUL-17976,2024-06-12,P001,Deep Sea Hair Mask,Hair,1,12,38,0.2,Olive Young,NYC,Sensitive
YUL-17977,2025-01-15,P003,Scalp Soothing Oil,Hair,1,8,28,0.0,Flagship Store,Tokyo,Sensitive
YUL-17978,2024-04-14,P005,Ceramide Barrier Cream,Skin,4,14,42,0.25,Flagship Store,NYC,Sensitive
YUL-17979,2025-05-15,P004,Mugwort Essence,Skin,3,10,32,0.0,Olive Young,Tokyo,Dry
YUL-17980,2025-09-11,P004,Mugwort Essence,Skin,1,10,32,0.25,Sephora,London,Sensitive
YUL-17981,2024-11-05,P005,Ceramide Barrier Cream,Skin,4,14,42,0.0,Olive Young,Tokyo,Combination
YUL-17982,2024-05-07,P003,Scalp Soothing Oil,Hair,3,8,28,0.1,Flagship Store,NYC,Oily
YUL-17983,2025-04-28,P002,Fermented Rice Serum,Skin,3,15,45,0.25,Sephora,Tokyo,Dry
YUL-17984,2025-07-04,P001,Deep Sea Hair Mask,Hair,3,12,38,0.1,Flagship Store,Tokyo,Oily
YUL-17985,2024-02-10,P004,Mugwort Essence,Skin,4,10,32,0.0,Sephora,NYC,Combination
YUL-17986,2024-03-31,P001,Deep Sea Hair Mask,Hair,2,12,38,0.2,Flagship Store,Seoul,Dry
YUL-17987,2025-01-15,P002,Fermented Rice Serum,Skin,3,15,45,0.0,Olive Young,London,Combination
YUL-17988,2024-02-24,P001,Deep Sea Hair Mask,Hair,1,12,38,0.0,Flagship Store,Tokyo,Oily
YUL-17989,2025-11-02,P002,Fermented Rice Serum,Skin,1,15,45,0.0,Olive Young,London,Oily
YUL-17990,2024-09-26,P004,Mugwort Essence,Skin,4,10,32,0.1,Sephora,Seoul,Sensitive
YUL-17991,2025-04-17,P004,Mugwort Essence,Skin,4,10,32,0.2,Online,Tokyo,Combination
YUL-17992,2025-06-14,P003,Scalp Soothing Oil,Hair,1,8,28,0.2,Online,NYC,Dry
YUL-17993,2024-06-10,P003,Scalp Soothing Oil,Hair,4,8,28,0.1,Olive Young,Tokyo,Oily
YUL-17994,2024-10-29,P003,Scalp Soothing Oil,Hair,2,8,28,0.0,Online,London,Sensitive
YUL-17995,2025-12-25,P002,Fermented Rice Serum,Skin,4,15,45,0.0,Online,NYC,Combination
YUL-17996,2024-01-18,P003,Scalp Soothing Oil,Hair,2,8,28,0.25,Sephora,Tokyo,Sensitive
YUL-17997,2024-06-07,P004,Mugwort Essence,Skin,1,10,32,0.0,Flagship Store,Seoul,Oily
YUL-17998,2024-10-06,P001,Deep Sea Hair Mask,Hair,1,12,38,0.0,Olive Young,London,Dry
YUL-17999,2025-06-27,P002,Fermented Rice Serum,Skin,1,15,45,0.0,Sephora,Tokyo,Dry
YUL-18000,2025-10-07,P003,Scalp Soothing Oil,Hair,3,8,28,0.0,Flagship Store,Tokyo,Oily
YUL-18001,2024-02-04,P001,Deep Sea Hair Mask,Hair,1,12,38,0.0,Online,London,Oily
YUL-18002,2025-09-29,P001,Deep Sea Hair Mask,Hair,2,12,38,0.2,Olive Young,NYC,Sensitive
YUL-18003,2024-09-26,P001,Deep Sea Hair Mask,Hair,1,12,38,0.0,Flagship Store,London,Combination
YUL-18004,2024-12-27,P004,Mugwort Essence,Skin,4,10,32,0.0,Sephora,Tokyo,Oily
YUL-18005,2024-04-06,P004,Mugwort Essence,Skin,3,10,32,0.0,Sephora,London,Combination
YUL-18006,2024-05-11,P001,Deep Sea Hair Mask,Hair,1,12,38,0.2,Sephora,Tokyo,Dry
YUL-18007,2025-11-16,P005,Ceramide Barrier Cream,Skin,4,14,42,0.0,Online,Seoul,Oily
YUL-18008,2024-11-22,P001,Deep Sea Hair Mask,Hair,2,12,38,0.1,Online,Seoul,Combination
YUL-18009,2025-03-31,P004,Mugwort Essence,Skin,2,10,32,0.0,Olive Young,Tokyo,Combination
YUL-18010,2024-10-07,P004,Mugwort Essence,Skin,4,10,32,0.2,Olive Young,NYC,Oily
YUL-18011,2025-11-30,P005,Ceramide Barrier Cream,Skin,4,14,42,0.2,Flagship Store,NYC,Oily
YUL-18012,2024-09-26,P005,Ceramide Barrier Cream,Skin,1,14,42,0.0,Sephora,London,Dry
YUL-18013,2024-07-27,P005,Ceramide Barrier Cream,Skin,1,14,42,0.2,Flagship Store,Tokyo,Combination
YUL-18014,2024-12-12,P005,Ceramide Barrier Cream,Skin,4,14,42,0.25,Flagship Store,NYC,Sensitive
YUL-18015,2024-10-20,P005,Ceramide Barrier Cream,Skin,2,14,42,0.1,Sephora,Tokyo,Sensitive
YUL-18016,2025-06-19,P001,Deep Sea Hair Mask,Hair,4,12,38,0.25,Olive Young,NYC,Combination
YUL-18017,2025-05-13,P005,Ceramide Barrier Cream,Skin,1,14,42,0.0,Online,Seoul,Oily
YUL-18018,2025-01-10,P003,Scalp Soothing Oil,Hair,4,8,28,0.2,Online,Tokyo,Dry
YUL-18019,2024-07-29,P001,Deep Sea Hair Mask,Hair,3,12,38,0.0,Online,London,Sensitive
YUL-18020,2024-06-20,P001,Deep Sea Hair Mask,Hair,1,12,38,0.0,Online,Seoul,Oily
YUL-18021,2024-01-16,P001,Deep Sea Hair Mask,Hair,1,12,38,0.0,Online,London,Sensitive
YUL-18022,2025-09-07,P005,Ceramide Barrier Cream,Skin,4,14,42,0.25,Online,Seoul,Sensitive
YUL-18023,2025-11-16,P005,Ceramide Barrier Cream,Skin,2,14,42,0.25,Sephora,London,Sensitive
YUL-18024,2025-05-29,P005,Ceramide Barrier Cream,Skin,2,14,42,0.0,Olive Young,Seoul,Oily
YUL-18025,2024-07-06,P004,Mugwort Essence,Skin,4,10,32,0.0,Flagship Store,Seoul,Oily
YUL-18026,2024-04-10,P005,Ceramide Barrier Cream,Skin,3,14,42,0.0,Sephora,London,Sensitive
YUL-18027,2024-08-25,P005,Ceramide Barrier Cream,Skin,1,14,42,0.1,Sephora,Seoul,Dry
YUL-18028,2025-04-27,P001,Deep Sea Hair Mask,Hair,4,12,38,0.0,Sephora,Tokyo,Sensitive
YUL-18029,2025-10-29,P003,Scalp Soothing Oil,Hair,2,8,28,0.1,Sephora,Seoul,Dry
YUL-18030,2024-02-26,P002,Fermented Rice Serum,Skin,2,15,45,0.0,Flagship Store,Tokyo,Combination
YUL-18031,2024-11-27,P002,Fermented Rice Serum,Skin,3,15,45,0.1,Flagship Store,London,Oily
YUL-18032,2025-03-04,P005,Ceramide Barrier Cream,Skin,3,14,42,0.0,Olive Young,NYC,Combination
YUL-18033,2024-09-02,P002,Fermented Rice Serum,Skin,1,15,45,0.0,Sephora,Tokyo,Oily
YUL-18034,2025-09-19,P001,Deep Sea Hair Mask,Hair,1,12,38,0.2,Online,NYC,Oily
YUL-18035,2025-08-22,P001,Deep Sea Hair Mask,Hair,2,12,38,0.0,Olive Young,Seoul,Dry
YUL-18036,2025-03-21,P003,Scalp Soothing Oil,Hair,1,8,28,0.0,Sephora,Seoul,Combination
YUL-18037,2024-06-30,P001,Deep Sea Hair Mask,Hair,3,12,38,0.0,Online,NYC,Combination
YUL-18038,2024-01-27,P003,Scalp Soothing Oil,Hair,4,8,28,0.0,Flagship Store,Seoul,Combination
YUL-18039,2024-06-01,P003,Scalp Soothing Oil,Hair,2,8,28,0.25,Olive Young,London,Oily
YUL-18040,2025-04-04,P002,Fermented Rice Serum,Skin,3,15,45,0.2,Online,Seoul,Sensitive
YUL-18041,2024-04-15,P001,Deep Sea Hair Mask,Hair,4,12,38,0.0,Flagship Store,London,Combination
YUL-18042,2024-06-03,P004,Mugwort Essence,Skin,1,10,32,0.0,Flagship Store,Seoul,Dry
YUL-18043,2024-10-03,P001,Deep Sea Hair Mask,Hair,1,12,38,0.0,Sephora,Seoul,Combination
YUL-18044,2025-06-20,P001,Deep Sea Hair Mask,Hair,1,12,38,0.1,Online,NYC,Dry
YUL-18045,2025-01-17,P001,Deep Sea Hair Mask,Hair,4,12,38,0.2,Flagship Store,NYC,Sensitive
YUL-18046,2025-06-25,P003,Scalp Soothing Oil,Hair,1,8,28,0.0,Flagship Store,NYC,Dry
YUL-18047,2025-05-18,P003,Scalp Soothing Oil,Hair,1,8,28,0.25,Online,London,Sensitive
YUL-18048,2024-08-21,P005,Ceramide Barrier Cream,Skin,3,14,42,0.25,Flagship Store,Seoul,Sensitive
YUL-18049,2024-12-23,P005,Ceramide Barrier Cream,Skin,4,14,42,0.25,Online,London,Sensitive
YUL-18050,2025-04-12,P002,Fermented Rice Serum,Skin,2,15,45,0.0,Olive Young,London,Sensitive
YUL-18051,2025-09-12,P003,Scalp Soothing Oil,Hair,3,8,28,0.25,Online,NYC,Sensitive
YUL-18052,2025-06-26,P005,Ceramide Barrier Cream,Skin,4,14,42,0.0,Flagship Store,Tokyo,Dry
YUL-18053,2025-01-06,P003,Scalp Soothing Oil,Hair,3,8,28,0.25,Sephora,Tokyo,Dry
YUL-18054,2024-11-12,P001,Deep Sea Hair Mask,Hair,1,12,38,0.0,Sephora,Seoul,Combination
YUL-18055,2024-05-31,P003,Scalp Soothing Oil,Hair,2,8,28,0.1,Online,Seoul,Combination
YUL-18056,2024-12-05,P005,Ceramide Barrier Cream,Skin,2,14,42,0.1,Olive Young,NYC,Dry
YUL-18057,2025-08-15,P004,Mugwort Essence,Skin,3,10,32,0.0,Online,London,Oily
YUL-18058,2025-06-29,P004,Mugwort Essence,Skin,4,10,32,0.0,Olive Young,London,Oily
YUL-18059,2024-10-16,P001,Deep Sea Hair Mask,Hair,4,12,38,0.0,Sephora,NYC,Combination
YUL-18060,2025-04-29,P001,Deep Sea Hair Mask,Hair,2,12,38,0.0,Flagship Store,London,Sensitive
YUL-18061,2024-11-24,P002,Fermented Rice Serum,Skin,1,15,45,0.0,Flagship Store,Seoul,Oily
YUL-18062,2024-05-08,P002,Fermented Rice Serum,Skin,1,15,45,0.0,Online,London,Sensitive
YUL-18063,2024-11-07,P004,Mugwort Essence,Skin,1,10,32,0.0,Flagship Store,Seoul,Sensitive
YUL-18064,2024-11-04,P001,Deep Sea Hair Mask,Hair,2,12,38,0.25,Sephora,London,Combination
YUL-18065,2024-06-18,P001,Deep Sea Hair Mask,Hair,3,12,38,0.0,Sephora,Tokyo,Dry
YUL-18066,2024-05-28,P004,Mugwort Essence,Skin,1,10,32,0.0,Sephora,Seoul,Sensitive
YUL-18067,2025-07-19,P004,Mugwort Essence,Skin,4,10,32,0.0,Flagship Store,London,Combination
YUL-18068,2025-05-10,P003,Scalp Soothing Oil,Hair,2,8,28,0.2,Online,Seoul,Sensitive
YUL-18069,2025-09-30,P005,Ceramide Barrier Cream,Skin,2,14,42,0.0,Olive Young,London,Oily
YUL-18070,2024-09-27,P001,Deep Sea Hair Mask,Hair,4,12,38,0.0,Flagship Store,NYC,Combination
YUL-18071,2024-07-25,P005,Ceramide Barrier Cream,Skin,2,14,42,0.1,Olive Young,Tokyo,Combination
YUL-18072,2024-03-06,P004,Mugwort Essence,Skin,4,10,32,0.0,Flagship Store,NYC,Oily
YUL-18073,2025-10-04,P003,Scalp Soothing Oil,Hair,2,8,28,0.0,Sephora,NYC,Dry
YUL-18074,2024-06-02,P005,Ceramide Barrier Cream,Skin,1,14,42,0.0,Olive Young,NYC,Combination
YUL-18075,2024-10-30,P005,Ceramide Barrier Cream,Skin,3,14,42,0.0,Online,London,Combination
YUL-18076,2024-05-23,P004,Mugwort Essence,Skin,2,10,32,0.0,Sephora,NYC,Combination
YUL-18077,2025-10-06,P002,Fermented Rice Serum,Skin,1,15,45,0.1,Online,London,Oily
YUL-18078,2024-04-22,P003,Scalp Soothing Oil,Hair,2,8,28,0.2,Online,London,Dry
YUL-18079,2024-01-28,P003,Scalp Soothing Oil,Hair,4,8,28,0.0,Online,NYC,Oily
YUL-18080,2025-01-03,P005,Ceramide Barrier Cream,Skin,4,14,42,0.2,Olive Young,London,Dry
YUL-18081,2024-06-30,P002,Fermented Rice Serum,Skin,2,15,45,0.0,Sephora,Seoul,Combination
YUL-18082,2024-10-21,P003,Scalp Soothing Oil,Hair,3,8,28,0.25,Olive Young,London,Sensitive
YUL-18083,2024-03-28,P005,Ceramide Barrier Cream,Skin,2,14,42,0.1,Olive Young,Seoul,Sensitive
YUL-18084,2024-02-18,P003,Scalp Soothing Oil,Hair,1,8,28,0.0,Olive Young,NYC,Sensitive
YUL-18085,2024-08-06,P004,Mugwort Essence,Skin,2,10,32,0.0,Sephora,Seoul,Oily
YUL-18086,2024-12-06,P005,Ceramide Barrier Cream,Skin,2,14,42,0.1,Sephora,Tokyo,Dry
YUL-18087,2024-11-06,P004,Mugwort Essence,Skin,2,10,32,0.0,Sephora,Tokyo,Oily
YUL-18088,2025-12-23,P002,Fermented Rice Serum,Skin,3,15,45,0.0,Olive Young,Seoul,Oily
YUL-18089,2024-03-30,P003,Scalp Soothing Oil,Hair,3,8,28,0.2,Flagship Store,Seoul,Dry
YUL-18090,2024-10-14,P005,Ceramide Barrier Cream,Skin,2,14,42,0.0,Online,Seoul,Sensitive
YUL-18091,2024-08-13,P002,Fermented Rice Serum,Skin,4,15,45,0.0,Olive Young,Seoul,Oily
YUL-18092,2024-11-19,P001,Deep Sea Hair Mask,Hair,1,12,38,0.0,Sephora,Tokyo,Sensitive
YUL-18093,2025-08-17,P004,Mugwort Essence,Skin,1,10,32,0.25,Olive Young,Seoul,Dry
YUL-18094,2024-10-04,P002,Fermented Rice Serum,Skin,1,15,45,0.0,Sephora,Seoul,Dry
YUL-18095,2025-10-08,P002,Fermented Rice Serum,Skin,1,15,45,0.0,Online,NYC,Dry
YUL-18096,2024-11-13,P003,Scalp Soothing Oil,Hair,4,8,28,0.2,Flagship Store,London,Dry
YUL-18097,2024-07-26,P004,Mugwort Essence,Skin,1,10,32,0.2,Online,London,Sensitive
YUL-18098,2025-09-19,P004,Mugwort Essence,Skin,2,10,32,0.0,Sephora,Tokyo,Sensitive
YUL-18099,2024-01-05,P005,Ceramide Barrier Cream,Skin,2,14,42,0.0,Sephora,Seoul,Sensitive
YUL-18100,2025-02-07,P005,Ceramide Barrier Cream,Skin,4,14,42,0.1,Olive Young,London,Dry
YUL-18101,2025-10-07,P005,Ceramide Barrier Cream,Skin,1,14,42,0.2,Online,Seoul,Sensitive
YUL-18102,2025-03-01,P004,Mugwort Essence,Skin,4,10,32,0.0,Olive Young,London,Combination
YUL-18103,2025-08-11,P005,Ceramide Barrier Cream,Skin,2,14,42,0.0,Olive Young,London,Combination
YUL-18104,2025-08-11,P003,Scalp Soothing Oil,Hair,3,8,28,0.1,Sephora,Tokyo,Dry
YUL-18105,2025-04-29,P004,Mugwort Essence,Skin,1,10,32,0.0,Olive Young,Seoul,Sensitive
YUL-18106,2024-04-25,P002,Fermented Rice Serum,Skin,1,15,45,0.1,Sephora,Seoul,Combination
YUL-18107,2024-07-07,P005,Ceramide Barrier Cream,Skin,4,14,42,0.0,Sephora,Seoul,Combination
YUL-18108,2024-11-21,P001,Deep Sea Hair Mask,Hair,4,12,38,0.25,Online,Tokyo,Oily
YUL-18109,2024-12-24,P002,Fermented Rice Serum,Skin,4,15,45,0.1,Online,NYC,Oily
YUL-18110,2025-06-26,P004,Mugwort Essence,Skin,2,10,32,0.2,Online,Seoul,Dry
YUL-18111,2025-09-15,P005,Ceramide Barrier Cream,Skin,3,14,42,0.2,Olive Young,Tokyo,Combination
YUL-18112,2025-08-14,P005,Ceramide Barrier Cream,Skin,2,14,42,0.1,Online,London,Oily
YUL-18113,2024-04-24,P002,Fermented Rice Serum,Skin,2,15,45,0.0,Online,NYC,Oily
YUL-18114,2024-01-20,P001,Deep Sea Hair Mask,Hair,1,12,38,0.0,Sephora,London,Combination
YUL-18115,2024-01-24,P005,Ceramide Barrier Cream,Skin,3,14,42,0.2,Online,Seoul,Oily
YUL-18116,2024-10-03,P005,Ceramide Barrier Cream,Skin,2,14,42,0.0,Sephora,London,Dry
YUL-18117,2024-04-11,P002,Fermented Rice Serum,Skin,3,15,45,0.25,Online,Tokyo,Dry
YUL-18118,2025-05-08,P003,Scalp Soothing Oil,Hair,2,8,28,0.0,Online,NYC,Sensitive
YUL-18119,2025-08-13,P001,Deep Sea Hair Mask,Hair,1,12,38,0.0,Flagship Store,Seoul,Dry
YUL-18120,2024-04-04,P001,Deep Sea Hair Mask,Hair,2,12,38,0.25,Online,NYC,Combination
YUL-18121,2024-08-05,P001,Deep Sea Hair Mask,Hair,3,12,38,0.25,Olive Young,Seoul,Oily
YUL-18122,2024-12-15,P001,Deep Sea Hair Mask,Hair,1,12,38,0.25,Online,London,Dry
YUL-18123,2025-12-15,P005,Ceramide Barrier Cream,Skin,1,14,42,0.1,Online,NYC,Oily
YUL-18124,2024-05-14,P001,Deep Sea Hair Mask,Hair,3,12,38,0.0,Flagship Store,Seoul,Dry
YUL-18125,2025-02-28,P001,Deep Sea Hair Mask,Hair,4,12,38,0.0,Online,Tokyo,Dry
YUL-18126,2025-07-26,P004,Mugwort Essence,Skin,1,10,32,0.0,Flagship Store,Seoul,Dry
YUL-18127,2024-02-25,P001,Deep Sea Hair Mask,Hair,3,12,38,0.0,Sephora,Seoul,Dry
YUL-18128,2025-07-31,P003,Scalp Soothing Oil,Hair,2,8,28,0.0,Sephora,NYC,Combination
YUL-18129,2025-02-04,P001,Deep Sea Hair Mask,Hair,1,12,38,0.1,Olive Young,NYC,Dry
YUL-18130,2024-06-12,P003,Scalp Soothing Oil,Hair,2,8,28,0.25,Olive Young,Tokyo,Oily
YUL-18131,2024-03-10,P005,Ceramide Barrier Cream,Skin,3,14,42,0.1,Sephora,Tokyo,Oily
YUL-18132,2024-02-07,P004,Mugwort Essence,Skin,3,10,32,0.2,Online,London,Sensitive
YUL-18133,2025-12-13,P002,Fermented Rice Serum,Skin,3,15,45,0.1,Online,Tokyo,Dry
YUL-18134,2025-11-28,P004,Mugwort Essence,Skin,3,10,32,0.0,Sephora,Tokyo,Sensitive
YUL-18135,2025-05-30,P004,Mugwort Essence,Skin,3,10,32,0.0,Online,Tokyo,Sensitive
YUL-18136,2025-08-09,P004,Mugwort Essence,Skin,2,10,32,0.0,Olive Young,London,Sensitive
YUL-18137,2024-07-20,P005,Ceramide Barrier Cream,Skin,2,14,42,0.0,Flagship Store,Seoul,Oily
YUL-18138,2024-07-07,P002,Fermented Rice Serum,Skin,3,15,45,0.2,Flagship Store,London,Dry
YUL-18139,2025-11-12,P001,Deep Sea Hair Mask,Hair,2,12,38,0.25,Flagship Store,London,Oily
YUL-18140,2025-02-11,P005,Ceramide Barrier Cream,Skin,1,14,42,0.0,Olive Young,Seoul,Dry
YUL-18141,2024-01-25,P001,Deep Sea Hair Mask,Hair,2,12,38,0.25,Flagship Store,Tokyo,Sensitive
YUL-18142,2024-02-13,P004,Mugwort Essence,Skin,1,10,32,0.0,Online,Tokyo,Dry
YUL-18143,2025-07-11,P005,Ceramide Barrier Cream,Skin,4,14,42,0.0,Sephora,Tokyo,Combination
YUL-18144,2025-12-27,P005,Ceramide Barrier Cream,Skin,1,14,42,0.0,Flagship Store,London,Combination
YUL-18145,2025-02-18,P001,Deep Sea Hair Mask,Hair,3,12,38,0.25,Sephora,London,Sensitive
YUL-18146,2024-06-07,P002,Fermented Rice Serum,Skin,4,15,45,0.1,Online,NYC,Combination
YUL-18147,2024-04-29,P004,Mugwort Essence,Skin,4,10,32,0.0,Flagship Store,NYC,Combination
YUL-18148,2025-05-20,P005,Ceramide Barrier Cream,Skin,3,14,42,0.0,Sephora,Seoul,Dry
YUL-18149,2024-02-07,P003,Scalp Soothing Oil,Hair,2,8,28,0.0,Sephora,Tokyo,Sensitive
YUL-18150,2025-05-02,P004,Mugwort Essence,Skin,4,10,32,0.0,Flagship Store,London,Combination
YUL-18151,2024-04-12,P002,Fermented Rice Serum,Skin,1,15,45,0.0,Flagship Store,London,Oily
YUL-18152,2025-03-22,P002,Fermented Rice Serum,Skin,2,15,45,0.0,Sephora,Seoul,Oily
YUL-18153,2024-04-14,P005,Ceramide Barrier Cream,Skin,1,14,42,0.0,Olive Young,Seoul,Sensitive
YUL-18154,2024-01-18,P005,Ceramide Barrier Cream,Skin,2,14,42,0.0,Online,London,Dry
YUL-18155,2024-11-06,P001,Deep Sea Hair Mask,Hair,1,12,38,0.2,Online,Seoul,Oily
YUL-18156,2024-12-29,P002,Fermented Rice Serum,Skin,3,15,45,0.2,Online,London,Dry
YUL-18157,2025-03-22,P004,Mugwort Essence,Skin,3,10,32,0.25,Online,NYC,Sensitive
YUL-18158,2024-07-04,P003,Scalp Soothing Oil,Hair,2,8,28,0.0,Olive Young,Tokyo,Combination
YUL-18159,2025-03-17,P003,Scalp Soothing Oil,Hair,2,8,28,0.0,Flagship Store,Seoul,Combination
YUL-18160,2024-11-14,P002,Fermented Rice Serum,Skin,4,15,45,0.25,Olive Young,Tokyo,Dry
YUL-18161,2024-05-11,P003,Scalp Soothing Oil,Hair,4,8,28,0.25,Flagship Store,Seoul,Sensitive
YUL-18162,2025-02-28,P005,Ceramide Barrier Cream,Skin,1,14,42,0.2,Olive Young,NYC,Oily
YUL-18163,2025-05-24,P004,Mugwort Essence,Skin,4,10,32,0.0,Sephora,Seoul,Dry
YUL-18164,2025-10-18,P002,Fermented Rice Serum,Skin,4,15,45,0.0,Flagship Store,London,Dry
YUL-18165,2025-05-01,P002,Fermented Rice Serum,Skin,1,15,45,0.0,Flagship Store,London,Oily
YUL-18166,2025-02-15,P001,Deep Sea Hair Mask,Hair,3,12,38,0.0,Flagship Store,NYC,Sensitive
YUL-18167,2025-10-11,P004,Mugwort Essence,Skin,1,10,32,0.25,Online,London,Oily
YUL-18168,2025-02-03,P003,Scalp Soothing Oil,Hair,4,8,28,0.0,Online,NYC,Dry
YUL-18169,2025-11-10,P005,Ceramide Barrier Cream,Skin,1,14,42,0.0,Online,London,Oily
YUL-18170,2024-01-04,P002,Fermented Rice Serum,Skin,2,15,45,0.0,Olive Young,Tokyo,Combination
YUL-18171,2025-08-16,P003,Scalp Soothing Oil,Hair,2,8,28,0.0,Olive Young,Tokyo,Sensitive
YUL-18172,2025-01-03,P001,Deep Sea Hair Mask,Hair,1,12,38,0.25,Sephora,Tokyo,Dry
YUL-18173,2025-04-21,P001,Deep Sea Hair Mask,Hair,1,12,38,0.1,Online,Seoul,Sensitive
YUL-18174,2025-01-29,P001,Deep Sea Hair Mask,Hair,4,12,38,0.0,Olive Young,NYC,Dry
YUL-18175,2025-01-14,P005,Ceramide Barrier Cream,Skin,3,14,42,0.0,Sephora,Seoul,Dry
YUL-18176,2025-02-12,P003,Scalp Soothing Oil,Hair,4,8,28,0.25,Sephora,NYC,Combination
YUL-18177,2024-05-04,P002,Fermented Rice Serum,Skin,3,15,45,0.0,Online,London,Dry
YUL-18178,2025-10-10,P002,Fermented Rice Serum,Skin,2,15,45,0.0,Flagship Store,NYC,Dry
YUL-18179,2025-10-10,P004,Mugwort Essence,Skin,3,10,32,0.25,Sephora,Tokyo,Combination
YUL-18180,2024-11-14,P004,Mugwort Essence,Skin,1,10,32,0.0,Sephora,Seoul,Combination
YUL-18181,2024-11-06,P001,Deep Sea Hair Mask,Hair,4,12,38,0.25,Sephora,NYC,Sensitive
YUL-18182,2025-08-01,P002,Fermented Rice Serum,Skin,3,15,45,0.1,Olive Young,Seoul,Oily
YUL-18183,2025-09-15,P005,Ceramide Barrier Cream,Skin,3,14,42,0.0,Sephora,Seoul,Oily
YUL-18184,2024-10-12,P005,Ceramide Barrier Cream,Skin,1,14,42,0.0,Sephora,London,Dry
YUL-18185,2024-12-13,P005,Ceramide Barrier Cream,Skin,4,14,42,0.25,Sephora,NYC,Oily
YUL-18186,2025-01-04,P003,Scalp Soothing Oil,Hair,4,8,28,0.2,Flagship Store,Seoul,Sensitive
YUL-18187,2024-05-11,P003,Scalp Soothing Oil,Hair,3,8,28,0.0,Olive Young,NYC,Dry
YUL-18188,2024-03-09,P005,Ceramide Barrier Cream,Skin,2,14,42,0.25,Olive Young,Tokyo,Sensitive
YUL-18189,2024-06-06,P004,Mugwort Essence,Skin,4,10,32,0.0,Olive Young,Tokyo,Dry
YUL-18190,2024-04-25,P003,Scalp Soothing Oil,Hair,1,8,28,0.2,Olive Young,NYC,Dry
YUL-18191,2025-05-17,P001,Deep Sea Hair Mask,Hair,2,12,38,0.1,Flagship Store,London,Sensitive
YUL-18192,2024-10-09,P003,Scalp Soothing Oil,Hair,4,8,28,0.25,Olive Young,Seoul,Dry
YUL-18193,2025-07-05,P001,Deep Sea Hair Mask,Hair,2,12,38,0.0,Sephora,Tokyo,Sensitive
YUL-18194,2024-03-08,P005,Ceramide Barrier Cream,Skin,1,14,42,0.1,Online,London,Sensitive
YUL-18195,2025-12-05,P004,Mugwort Essence,Skin,1,10,32,0.1,Online,NYC,Oily
YUL-18196,2024-11-14,P004,Mugwort Essence,Skin,2,10,32,0.2,Olive Young,Tokyo,Combination
YUL-18197,2024-04-15,P005,Ceramide Barrier Cream,Skin,4,14,42,0.0,Olive Young,Seoul,Dry
YUL-18198,2024-05-14,P002,Fermented Rice Serum,Skin,2,15,45,0.2,Online,NYC,Oily
YUL-18199,2024-07-18,P004,Mugwort Essence,Skin,2,10,32,0.0,Olive Young,Tokyo,Oily
YUL-18200,2024-04-13,P004,Mugwort Essence,Skin,2,10,32,0.2,Online,London,Oily
YUL-18201,2024-12-08,P003,Scalp Soothing Oil,Hair,2,8,28,0.2,Olive Young,Seoul,Sensitive
YUL-18202,2024-10-19,P003,Scalp Soothing Oil,Hair,1,8,28,0.0,Online,NYC,Oily
YUL-18203,2024-04-09,P003,Scalp Soothing Oil,Hair,3,8,28,0.1,Online,NYC,Dry
YUL-18204,2025-09-05,P005,Ceramide Barrier Cream,Skin,3,14,42,0.2,Olive Young,Tokyo,Sensitive
YUL-18205,2025-11-07,P003,Scalp Soothing Oil,Hair,2,8,28,0.0,Flagship Store,Tokyo,Dry
YUL-18206,2024-07-22,P002,Fermented Rice Serum,Skin,1,15,45,0.0,Sephora,NYC,Sensitive
YUL-18207,2024-11-10,P001,Deep Sea Hair Mask,Hair,3,12,38,0.2,Olive Young,NYC,Dry
YUL-18208,2025-11-27,P001,Deep Sea Hair Mask,Hair,3,12,38,0.1,Sephora,NYC,Combination
YUL-18209,2025-04-09,P005,Ceramide Barrier Cream,Skin,3,14,42,0.2,Flagship Store,NYC,Oily
YUL-18210,2025-10-24,P003,Scalp Soothing Oil,Hair,3,8,28,0.25,Olive Young,NYC,Sensitive
YUL-18211,2025-12-21,P004,Mugwort Essence,Skin,1,10,32,0.0,Online,London,Combination
YUL-18212,2024-10-09,P002,Fermented Rice Serum,Skin,1,15,45,0.2,Flagship Store,Seoul,Oily
YUL-18213,2025-06-02,P005,Ceramide Barrier Cream,Skin,3,14,42,0.1,Online,Seoul,Combination
YUL-18214,2025-02-26,P005,Ceramide Barrier Cream,Skin,2,14,42,0.2,Online,NYC,Sensitive
YUL-18215,2025-02-14,P001,Deep Sea Hair Mask,Hair,3,12,38,0.0,Olive Young,London,Oily
YUL-18216,2024-10-17,P003,Scalp Soothing Oil,Hair,3,8,28,0.0,Sephora,NYC,Dry
YUL-18217,2025-03-12,P002,Fermented Rice Serum,Skin,2,15,45,0.25,Online,Tokyo,Sensitive
YUL-18218,2024-07-25,P002,Fermented Rice Serum,Skin,4,15,45,0.0,Online,London,Dry
YUL-18219,2024-02-18,P003,Scalp Soothing Oil,Hair,3,8,28,0.0,Olive Young,London,Sensitive
YUL-18220,2025-12-11,P004,Mugwort Essence,Skin,3,10,32,0.2,Online,Seoul,Dry
YUL-18221,2024-04-30,P002,Fermented Rice Serum,Skin,4,15,45,0.1,Olive Young,Tokyo,Combination
YUL-18222,2024-02-22,P001,Deep Sea Hair Mask,Hair,4,12,38,0.0,Olive Young,Seoul,Sensitive
YUL-18223,2024-04-15,P005,Ceramide Barrier Cream,Skin,1,14,42,0.0,Online,NYC,Combination
YUL-18224,2024-03-05,P003,Scalp Soothing Oil,Hair,4,8,28,0.0,Olive Young,Tokyo,Combination
YUL-18225,2024-04-16,P005,Ceramide Barrier Cream,Skin,4,14,42,0.0,Olive Young,Tokyo,Oily
YUL-18226,2024-10-10,P003,Scalp Soothing Oil,Hair,3,8,28,0.25,Olive Young,NYC,Dry
YUL-18227,2024-02-09,P005,Ceramide Barrier Cream,Skin,3,14,42,0.0,Flagship Store,London,Combination
YUL-18228,2025-11-04,P003,Scalp Soothing Oil,Hair,3,8,28,0.0,Flagship Store,Tokyo,Oily
YUL-18229,2025-08-04,P005,Ceramide Barrier Cream,Skin,4,14,42,0.2,Sephora,Seoul,Combination
YUL-18230,2024-02-21,P002,Fermented Rice Serum,Skin,2,15,45,0.25,Online,Tokyo,Sensitive
YUL-18231,2025-08-23,P001,Deep Sea Hair Mask,Hair,1,12,38,0.0,Sephora,Tokyo,Oily
YUL-18232,2024-10-14,P003,Scalp Soothing Oil,Hair,1,8,28,0.0,Flagship Store,NYC,Sensitive
YUL-18233,2024-10-05,P003,Scalp Soothing Oil,Hair,4,8,28,0.0,Online,Tokyo,Oily
YUL-18234,2024-05-29,P001,Deep Sea Hair Mask,Hair,4,12,38,0.0,Olive Young,Seoul,Sensitive
YUL-18235,2024-09-17,P003,Scalp Soothing Oil,Hair,2,8,28,0.0,Flagship Store,NYC,Oily
YUL-18236,2024-08-29,P004,Mugwort Essence,Skin,4,10,32,0.0,Online,NYC,Sensitive
YUL-18237,2025-12-28,P001,Deep Sea Hair Mask,Hair,3,12,38,0.0,Olive Young,NYC,Dry
YUL-18238,2025-10-20,P004,Mugwort Essence,Skin,1,10,32,0.0,Sephora,London,Combination
YUL-18239,2024-08-23,P001,Deep Sea Hair Mask,Hair,2,12,38,0.1,Sephora,Tokyo,Dry
YUL-18240,2024-01-06,P001,Deep Sea Hair Mask,Hair,4,12,38,0.0,Sephora,NYC,Oily
YUL-18241,2025-12-07,P004,Mugwort Essence,Skin,4,10,32,0.1,Olive Young,Tokyo,Dry
YUL-18242,2025-04-15,P005,Ceramide Barrier Cream,Skin,3,14,42,0.2,Olive Young,London,Combination
YUL-18243,2024-05-02,P004,Mugwort Essence,Skin,2,10,32,0.0,Olive Young,London,Dry
YUL-18244,2025-03-31,P001,Deep Sea Hair Mask,Hair,3,12,38,0.0,Flagship Store,NYC,Sensitive
YUL-18245,2025-09-09,P002,Fermented Rice Serum,Skin,2,15,45,0.1,Flagship Store,Tokyo,Dry
YUL-18246,2024-12-10,P002,Fermented Rice Serum,Skin,3,15,45,0.25,Sephora,Tokyo,Dry
YUL-18247,2025-07-07,P003,Scalp Soothing Oil,Hair,1,8,28,0.0,Olive Young,London,Combination
YUL-18248,2025-01-16,P003,Scalp Soothing Oil,Hair,2,8,28,0.0,Olive Young,Seoul,Combination
YUL-18249,2024-12-04,P005,Ceramide Barrier Cream,Skin,2,14,42,0.1,Olive Young,London,Sensitive
YUL-18250,2025-04-23,P002,Fermented Rice Serum,Skin,1,15,45,0.0,Olive Young,London,Sensitive
YUL-18251,2025-11-14,P001,Deep Sea Hair Mask,Hair,3,12,38,0.25,Olive Young,Seoul,Sensitive
YUL-18252,2025-08-27,P001,Deep Sea Hair Mask,Hair,3,12,38,0.0,Online,NYC,Dry
YUL-18253,2025-02-11,P001,Deep Sea Hair Mask,Hair,3,12,38,0.25,Olive Young,London,Sensitive
YUL-18254,2024-05-13,P002,Fermented Rice Serum,Skin,1,15,45,0.0,Olive Young,Seoul,Dry
YUL-18255,2024-04-07,P005,Ceramide Barrier Cream,Skin,4,14,42,0.2,Online,Tokyo,Oily
YUL-18256,2024-10-30,P003,Scalp Soothing Oil,Hair,3,8,28,0.2,Olive Young,NYC,Dry
YUL-18257,2025-05-18,P005,Ceramide Barrier Cream,Skin,4,14,42,0.0,Flagship Store,Tokyo,Sensitive
YUL-18258,2024-05-18,P001,Deep Sea Hair Mask,Hair,1,12,38,0.25,Sephora,NYC,Sensitive
YUL-18259,2024-05-19,P003,Scalp Soothing Oil,Hair,3,8,28,0.0,Olive Young,NYC,Sensitive
YUL-18260,2025-10-02,P001,Deep Sea Hair Mask,Hair,2,12,38,0.0,Sephora,Tokyo,Sensitive
YUL-18261,2024-09-26,P002,Fermented Rice Serum,Skin,1,15,45,0.1,Sephora,Tokyo,Combination
YUL-18262,2025-12-29,P003,Scalp Soothing Oil,Hair,3,8,28,0.0,Sephora,London,Dry
YUL-18263,2025-06-29,P003,Scalp Soothing Oil,Hair,1,8,28,0.0,Flagship Store,Seoul,Sensitive
YUL-18264,2025-05-19,P002,Fermented Rice Serum,Skin,4,15,45,0.25,Sephora,Tokyo,Dry
YUL-18265,2025-02-22,P005,Ceramide Barrier Cream,Skin,1,14,42,0.1,Flagship Store,NYC,Dry
YUL-18266,2025-03-09,P002,Fermented Rice Serum,Skin,4,15,45,0.25,Sephora,London,Oily
YUL-18267,2025-03-15,P004,Mugwort Essence,Skin,2,10,32,0.0,Online,Tokyo,Dry
YUL-18268,2024-11-19,P005,Ceramide Barrier Cream,Skin,1,14,42,0.2,Sephora,Tokyo,Combination
YUL-18269,2024-02-13,P004,Mugwort Essence,Skin,3,10,32,0.0,Olive Young,London,Dry
YUL-18270,2025-11-07,P001,Deep Sea Hair Mask,Hair,1,12,38,0.0,Sephora,NYC,Combination
YUL-18271,2025-07-20,P004,Mugwort Essence,Skin,2,10,32,0.0,Olive Young,Seoul,Combination
YUL-18272,2024-12-11,P002,Fermented Rice Serum,Skin,3,15,45,0.2,Olive Young,Seoul,Sensitive
YUL-18273,2025-12-09,P001,Deep Sea Hair Mask,Hair,1,12,38,0.0,Flagship Store,NYC,Combination
YUL-18274,2024-09-29,P002,Fermented Rice Serum,Skin,4,15,45,0.1,Online,London,Oily
YUL-18275,2025-07-30,P002,Fermented Rice Serum,Skin,1,15,45,0.0,Flagship Store,Seoul,Oily
YUL-18276,2025-06-06,P001,Deep Sea Hair Mask,Hair,1,12,38,0.25,Sephora,Tokyo,Oily
YUL-18277,2025-01-27,P004,Mugwort Essence,Skin,1,10,32,0.25,Sephora,London,Dry
YUL-18278,2024-01-12,P005,Ceramide Barrier Cream,Skin,4,14,42,0.0,Olive Young,London,Oily
YUL-18279,2025-12-07,P002,Fermented Rice Serum,Skin,2,15,45,0.0,Sephora,Tokyo,Combination
YUL-18280,2025-03-27,P001,Deep Sea Hair Mask,Hair,3,12,38,0.0,Sephora,London,Oily
YUL-18281,2025-07-24,P001,Deep Sea Hair Mask,Hair,3,12,38,0.0,Flagship Store,London,Oily
YUL-18282,2024-01-02,P002,Fermented Rice Serum,Skin,3,15,45,0.0,Online,Tokyo,Sensitive
YUL-18283,2024-11-04,P005,Ceramide Barrier Cream,Skin,1,14,42,0.1,Sephora,London,Sensitive
YUL-18284,2025-02-27,P004,Mugwort Essence,Skin,2,10,32,0.0,Olive Young,Tokyo,Dry
YUL-18285,2024-05-21,P004,Mugwort Essence,Skin,3,10,32,0.0,Online,Seoul,Oily
YUL-18286,2025-01-07,P004,Mugwort Essence,Skin,4,10,32,0.25,Online,NYC,Sensitive
YUL-18287,2025-05-29,P005,Ceramide Barrier Cream,Skin,4,14,42,0.0,Flagship Store,NYC,Sensitive
YUL-18288,2024-04-18,P004,Mugwort Essence,Skin,3,10,32,0.0,Olive Young,Seoul,Dry
YUL-18289,2024-06-13,P001,Deep Sea Hair Mask,Hair,3,12,38,0.0,Online,NYC,Combination
YUL-18290,2025-12-14,P003,Scalp Soothing Oil,Hair,3,8,28,0.0,Olive Young,Tokyo,Combination
YUL-18291,2024-10-27,P001,Deep Sea Hair Mask,Hair,1,12,38,0.25,Flagship Store,Tokyo,Sensitive
YUL-18292,2024-09-18,P005,Ceramide Barrier Cream,Skin,3,14,42,0.25,Flagship Store,NYC,Combination
YUL-18293,2025-10-07,P003,Scalp Soothing Oil,Hair,2,8,28,0.1,Flagship Store,NYC,Sensitive
YUL-18294,2025-01-08,P004,Mugwort Essence,Skin,2,10,32,0.25,Sephora,Tokyo,Oily
YUL-18295,2025-10-16,P004,Mugwort Essence,Skin,2,10,32,0.0,Online,Seoul,Dry
YUL-18296,2024-05-07,P003,Scalp Soothing Oil,Hair,3,8,28,0.0,Flagship Store,Tokyo,Oily
YUL-18297,2024-01-15,P004,Mugwort Essence,Skin,3,10,32,0.2,Sephora,London,Sensitive
YUL-18298,2024-06-17,P001,Deep Sea Hair Mask,Hair,1,12,38,0.2,Olive Young,London,Sensitive
YUL-18299,2025-07-04,P005,Ceramide Barrier Cream,Skin,3,14,42,0.0,Sephora,NYC,Dry
YUL-18300,2024-06-27,P001,Deep Sea Hair Mask,Hair,3,12,38,0.0,Online,Tokyo,Sensitive
YUL-18301,2025-03-10,P001,Deep Sea Hair Mask,Hair,1,12,38,0.2,Olive Young,Tokyo,Dry
YUL-18302,2024-03-10,P002,Fermented Rice Serum,Skin,1,15,45,0.0,Online,Tokyo,Dry
YUL-18303,2025-05-20,P004,Mugwort Essence,Skin,3,10,32,0.0,Olive Young,Tokyo,Oily
YUL-18304,2025-05-22,P004,Mugwort Essence,Skin,1,10,32,0.2,Olive Young,London,Combination
YUL-18305,2025-01-27,P002,Fermented Rice Serum,Skin,4,15,45,0.0,Flagship Store,NYC,Oily
YUL-18306,2024-11-10,P005,Ceramide Barrier Cream,Skin,3,14,42,0.0,Online,London,Dry
YUL-18307,2024-01-10,P003,Scalp Soothing Oil,Hair,4,8,28,0.2,Online,NYC,Oily
YUL-18308,2024-12-22,P003,Scalp Soothing Oil,Hair,2,8,28,0.2,Flagship Store,London,Sensitive
YUL-18309,2025-07-04,P003,Scalp Soothing Oil,Hair,4,8,28,0.2,Sephora,Tokyo,Oily
YUL-18310,2025-07-28,P002,Fermented Rice Serum,Skin,4,15,45,0.0,Sephora,London,Dry
YUL-18311,2025-03-24,P004,Mugwort Essence,Skin,3,10,32,0.0,Olive Young,Tokyo,Oily
YUL-18312,2024-09-13,P005,Ceramide Barrier Cream,Skin,4,14,42,0.25,Online,London,Combination
YUL-18313,2025-08-13,P002,Fermented Rice Serum,Skin,1,15,45,0.1,Olive Young,Tokyo,Dry
YUL-18314,2024-09-06,P003,Scalp Soothing Oil,Hair,4,8,28,0.25,Olive Young,Tokyo,Dry
YUL-18315,2024-02-02,P004,Mugwort Essence,Skin,4,10,32,0.0,Olive Young,NYC,Dry
YUL-18316,2024-11-24,P004,Mugwort Essence,Skin,4,10,32,0.0,Olive Young,London,Dry
YUL-18317,2024-11-26,P001,Deep Sea Hair Mask,Hair,4,12,38,0.2,Olive Young,Tokyo,Sensitive
YUL-18318,2025-01-28,P005,Ceramide Barrier Cream,Skin,4,14,42,0.0,Sephora,Seoul,Sensitive
YUL-18319,2025-11-13,P001,Deep Sea Hair Mask,Hair,2,12,38,0.25,Sephora,London,Dry
YUL-18320,2024-05-28,P001,Deep Sea Hair Mask,Hair,1,12,38,0.0,Flagship Store,London,Oily
YUL-18321,2024-05-10,P004,Mugwort Essence,Skin,3,10,32,0.0,Sephora,Seoul,Sensitive
YUL-18322,2024-12-17,P002,Fermented Rice Serum,Skin,2,15,45,0.2,Olive Young,Seoul,Sensitive
YUL-18323,2024-11-21,P001,Deep Sea Hair Mask,Hair,3,12,38,0.0,Olive Young,London,Oily
YUL-18324,2025-05-09,P002,Fermented Rice Serum,Skin,1,15,45,0.1,Olive Young,London,Combination
YUL-18325,2024-02-20,P005,Ceramide Barrier Cream,Skin,2,14,42,0.0,Sephora,Seoul,Combination
YUL-18326,2024-06-08,P002,Fermented Rice Serum,Skin,2,15,45,0.2,Olive Young,Seoul,Sensitive
YUL-18327,2025-04-12,P005,Ceramide Barrier Cream,Skin,1,14,42,0.0,Online,London,Sensitive
YUL-18328,2025-03-19,P002,Fermented Rice Serum,Skin,4,15,45,0.0,Online,London,Oily
YUL-18329,2024-04-10,P003,Scalp Soothing Oil,Hair,2,8,28,0.2,Olive Young,Tokyo,Oily
YUL-18330,2024-02-25,P004,Mugwort Essence,Skin,1,10,32,0.2,Olive Young,Seoul,Dry
YUL-18331,2025-06-22,P004,Mugwort Essence,Skin,4,10,32,0.1,Olive Young,London,Oily
YUL-18332,2024-11-05,P004,Mugwort Essence,Skin,4,10,32,0.1,Sephora,London,Sensitive
YUL-18333,2024-01-12,P002,Fermented Rice Serum,Skin,3,15,45,0.0,Online,London,Dry
YUL-18334,2024-10-10,P003,Scalp Soothing Oil,Hair,1,8,28,0.0,Olive Young,Tokyo,Dry
YUL-18335,2024-01-12,P002,Fermented Rice Serum,Skin,1,15,45,0.0,Flagship Store,Seoul,Oily
YUL-18336,2024-04-07,P005,Ceramide Barrier Cream,Skin,1,14,42,0.0,Olive Young,NYC,Dry
YUL-18337,2025-09-26,P001,Deep Sea Hair Mask,Hair,4,12,38,0.0,Sephora,Seoul,Dry
YUL-18338,2024-06-10,P002,Fermented Rice Serum,Skin,1,15,45,0.0,Online,Seoul,Combination
YUL-18339,2024-07-23,P005,Ceramide Barrier Cream,Skin,2,14,42,0.25,Sephora,NYC,Combination
YUL-18340,2025-04-22,P002,Fermented Rice Serum,Skin,2,15,45,0.25,Online,NYC,Combination
YUL-18341,2025-09-09,P001,Deep Sea Hair Mask,Hair,3,12,38,0.0,Sephora,Seoul,Sensitive
YUL-18342,2025-04-11,P002,Fermented Rice Serum,Skin,4,15,45,0.0,Online,NYC,Oily
YUL-18343,2024-09-17,P002,Fermented Rice Serum,Skin,2,15,45,0.1,Olive Young,London,Sensitive
YUL-18344,2024-03-13,P004,Mugwort Essence,Skin,1,10,32,0.0,Flagship Store,Tokyo,Dry
YUL-18345,2024-03-21,P004,Mugwort Essence,Skin,4,10,32,0.0,Olive Young,NYC,Sensitive
YUL-18346,2024-10-02,P005,Ceramide Barrier Cream,Skin,2,14,42,0.25,Flagship Store,NYC,Dry
YUL-18347,2024-03-02,P001,Deep Sea Hair Mask,Hair,3,12,38,0.0,Olive Young,Seoul,Dry
YUL-18348,2025-12-19,P003,Scalp Soothing Oil,Hair,2,8,28,0.0,Olive Young,NYC,Dry
YUL-18349,2025-03-16,P002,Fermented Rice Serum,Skin,4,15,45,0.1,Sephora,London,Oily
YUL-18350,2025-11-26,P005,Ceramide Barrier Cream,Skin,2,14,42,0.1,Sephora,Tokyo,Sensitive
YUL-18351,2025-08-05,P004,Mugwort Essence,Skin,3,10,32,0.0,Olive Young,Tokyo,Dry
YUL-18352,2025-03-31,P002,Fermented Rice Serum,Skin,3,15,45,0.0,Online,London,Oily
YUL-18353,2024-01-17,P002,Fermented Rice Serum,Skin,3,15,45,0.0,Flagship Store,Tokyo,Dry
YUL-18354,2024-12-23,P005,Ceramide Barrier Cream,Skin,2,14,42,0.0,Olive Young,NYC,Oily
YUL-18355,2025-02-09,P003,Scalp Soothing Oil,Hair,4,8,28,0.0,Sephora,NYC,Dry
YUL-18356,2025-04-29,P002,Fermented Rice Serum,Skin,2,15,45,0.0,Flagship Store,London,Oily
YUL-18357,2025-05-13,P003,Scalp Soothing Oil,Hair,4,8,28,0.25,Olive Young,Tokyo,Dry
YUL-18358,2024-07-07,P002,Fermented Rice Serum,Skin,3,15,45,0.1,Flagship Store,London,Combination
YUL-18359,2025-02-28,P003,Scalp Soothing Oil,Hair,1,8,28,0.0,Olive Young,London,Oily
YUL-18360,2024-10-30,P002,Fermented Rice Serum,Skin,3,15,45,0.0,Olive Young,NYC,Dry
YUL-18361,2024-05-12,P003,Scalp Soothing Oil,Hair,1,8,28,0.0,Olive Young,Tokyo,Oily
YUL-18362,2025-03-02,P005,Ceramide Barrier Cream,Skin,3,14,42,0.2,Flagship Store,London,Sensitive
YUL-18363,2025-10-25,P003,Scalp Soothing Oil,Hair,2,8,28,0.0,Sephora,Tokyo,Combination
YUL-18364,2024-11-08,P002,Fermented Rice Serum,Skin,4,15,45,0.0,Sephora,Seoul,Sensitive
YUL-18365,2024-08-29,P002,Fermented Rice Serum,Skin,3,15,45,0.25,Flagship Store,Tokyo,Oily
YUL-18366,2025-03-30,P001,Deep Sea Hair Mask,Hair,2,12,38,0.1,Online,London,Sensitive
YUL-18367,2025-12-08,P001,Deep Sea Hair Mask,Hair,4,12,38,0.25,Sephora,Seoul,Dry
YUL-18368,2024-12-07,P005,Ceramide Barrier Cream,Skin,4,14,42,0.0,Olive Young,London,Oily
YUL-18369,2024-01-20,P001,Deep Sea Hair Mask,Hair,1,12,38,0.0,Sephora,Seoul,Sensitive
YUL-18370,2024-06-18,P001,Deep Sea Hair Mask,Hair,3,12,38,0.25,Flagship Store,NYC,Sensitive
YUL-18371,2024-12-23,P003,Scalp Soothing Oil,Hair,4,8,28,0.1,Olive Young,London,Oily
YUL-18372,2025-06-10,P003,Scalp Soothing Oil,Hair,1,8,28,0.2,Sephora,NYC,Sensitive
YUL-18373,2025-01-05,P002,Fermented Rice Serum,Skin,2,15,45,0.0,Online,NYC,Oily
YUL-18374,2024-11-14,P001,Deep Sea Hair Mask,Hair,1,12,38,0.0,Olive Young,Tokyo,Oily
YUL-18375,2024-05-20,P004,Mugwort Essence,Skin,1,10,32,0.1,Olive Young,NYC,Sensitive
YUL-18376,2024-01-11,P004,Mugwort Essence,Skin,3,10,32,0.0,Flagship Store,Tokyo,Sensitive
YUL-18377,2024-02-01,P005,Ceramide Barrier Cream,Skin,4,14,42,0.1,Sephora,London,Oily
YUL-18378,2025-03-17,P005,Ceramide Barrier Cream,Skin,1,14,42,0.0,Flagship Store,Tokyo,Combination
YUL-18379,2025-06-03,P002,Fermented Rice Serum,Skin,3,15,45,0.0,Olive Young,Seoul,Sensitive
YUL-18380,2025-04-26,P001,Deep Sea Hair Mask,Hair,1,12,38,0.0,Flagship Store,Tokyo,Dry
YUL-18381,2024-06-26,P001,Deep Sea Hair Mask,Hair,3,12,38,0.0,Online,London,Oily
YUL-18382,2024-09-30,P005,Ceramide Barrier Cream,Skin,4,14,42,0.25,Online,NYC,Dry
YUL-18383,2024-09-01,P002,Fermented Rice Serum,Skin,4,15,45,0.0,Online,Seoul,Sensitive
YUL-18384,2025-10-01,P003,Scalp Soothing Oil,Hair,1,8,28,0.0,Sephora,Tokyo,Oily
YUL-18385,2025-08-27,P005,Ceramide Barrier Cream,Skin,4,14,42,0.25,Online,Tokyo,Combination
YUL-18386,2025-01-07,P002,Fermented Rice Serum,Skin,1,15,45,0.0,Sephora,NYC,Sensitive
YUL-18387,2025-07-02,P005,Ceramide Barrier Cream,Skin,3,14,42,0.0,Olive Young,NYC,Combination
YUL-18388,2025-09-05,P002,Fermented Rice Serum,Skin,4,15,45,0.1,Sephora,NYC,Dry
YUL-18389,2025-01-02,P002,Fermented Rice Serum,Skin,1,15,45,0.0,Flagship Store,Seoul,Combination
YUL-18390,2025-12-23,P004,Mugwort Essence,Skin,3,10,32,0.0,Sephora,London,Sensitive
YUL-18391,2025-03-27,P002,Fermented Rice Serum,Skin,2,15,45,0.0,Online,Seoul,Combination
YUL-18392,2025-09-07,P001,Deep Sea Hair Mask,Hair,2,12,38,0.0,Olive Young,NYC,Combination
YUL-18393,2024-07-22,P001,Deep Sea Hair Mask,Hair,2,12,38,0.25,Sephora,Tokyo,Sensitive
YUL-18394,2025-11-14,P004,Mugwort Essence,Skin,4,10,32,0.25,Olive Young,Tokyo,Sensitive
YUL-18395,2025-03-29,P002,Fermented Rice Serum,Skin,2,15,45,0.0,Flagship Store,NYC,Combination
YUL-18396,2024-01-08,P005,Ceramide Barrier Cream,Skin,3,14,42,0.1,Flagship Store,Seoul,Sensitive
YUL-18397,2024-06-16,P003,Scalp Soothing Oil,Hair,1,8,28,0.0,Olive Young,NYC,Combination
YUL-18398,2025-03-27,P001,Deep Sea Hair Mask,Hair,2,12,38,0.2,Online,Seoul,Combination
YUL-18399,2025-02-13,P005,Ceramide Barrier Cream,Skin,2,14,42,0.25,Online,Seoul,Dry
YUL-18400,2025-07-28,P003,Scalp Soothing Oil,Hair,1,8,28,0.0,Olive Young,NYC,Oily
YUL-18401,2025-04-20,P005,Ceramide Barrier Cream,Skin,2,14,42,0.0,Olive Young,London,Sensitive
YUL-18402,2024-07-18,P005,Ceramide Barrier Cream,Skin,2,14,42,0.0,Online,Tokyo,Dry
YUL-18403,2025-10-04,P005,Ceramide Barrier Cream,Skin,3,14,42,0.0,Online,Seoul,Oily
YUL-18404,2024-12-18,P001,Deep Sea Hair Mask,Hair,3,12,38,0.25,Flagship Store,Seoul,Dry
YUL-18405,2025-11-23,P005,Ceramide Barrier Cream,Skin,1,14,42,0.0,Sephora,NYC,Combination
YUL-18406,2025-10-09,P005,Ceramide Barrier Cream,Skin,2,14,42,0.2,Online,Tokyo,Dry
YUL-18407,2024-10-18,P002,Fermented Rice Serum,Skin,3,15,45,0.2,Online,Tokyo,Combination
YUL-18408,2025-06-30,P002,Fermented Rice Serum,Skin,1,15,45,0.0,Olive Young,Tokyo,Dry
YUL-18409,2025-12-30,P004,Mugwort Essence,Skin,1,10,32,0.25,Olive Young,Seoul,Combination
YUL-18410,2024-10-25,P003,Scalp Soothing Oil,Hair,2,8,28,0.0,Flagship Store,NYC,Dry
YUL-18411,2025-06-16,P005,Ceramide Barrier Cream,Skin,3,14,42,0.1,Sephora,London,Sensitive
YUL-18412,2024-11-21,P004,Mugwort Essence,Skin,2,10,32,0.25,Sephora,London,Sensitive
YUL-18413,2025-06-15,P005,Ceramide Barrier Cream,Skin,1,14,42,0.2,Sephora,Tokyo,Dry
YUL-18414,2024-12-04,P003,Scalp Soothing Oil,Hair,3,8,28,0.0,Olive Young,Seoul,Combination
YUL-18415,2024-01-19,P001,Deep Sea Hair Mask,Hair,3,12,38,0.0,Sephora,Tokyo,Dry
YUL-18416,2024-10-16,P005,Ceramide Barrier Cream,Skin,4,14,42,0.25,Flagship Store,London,Combination
YUL-18417,2025-09-26,P001,Deep Sea Hair Mask,Hair,1,12,38,0.2,Online,NYC,Combination
YUL-18418,2025-07-13,P004,Mugwort Essence,Skin,2,10,32,0.25,Sephora,NYC,Oily
YUL-18419,2024-07-24,P005,Ceramide Barrier Cream,Skin,2,14,42,0.2,Sephora,Seoul,Dry
YUL-18420,2025-07-12,P003,Scalp Soothing Oil,Hair,3,8,28,0.2,Sephora,NYC,Combination
YUL-18421,2024-06-13,P003,Scalp Soothing Oil,Hair,2,8,28,0.1,Flagship Store,Tokyo,Oily
YUL-18422,2025-04-09,P003,Scalp Soothing Oil,Hair,4,8,28,0.0,Flagship Store,Seoul,Dry
YUL-18423,2025-04-15,P002,Fermented Rice Serum,Skin,4,15,45,0.25,Flagship Store,London,Combination
YUL-18424,2024-05-14,P005,Ceramide Barrier Cream,Skin,4,14,42,0.25,Online,Tokyo,Sensitive
YUL-18425,2024-05-21,P001,Deep Sea Hair Mask,Hair,2,12,38,0.25,Sephora,NYC,Combination
YUL-18426,2024-12-25,P002,Fermented Rice Serum,Skin,3,15,45,0.2,Online,Tokyo,Dry
YUL-18427,2025-03-15,P005,Ceramide Barrier Cream,Skin,1,14,42,0.0,Online,NYC,Oily
YUL-18428,2024-02-15,P003,Scalp Soothing Oil,Hair,4,8,28,0.1,Sephora,London,Sensitive
YUL-18429,2024-12-12,P001,Deep Sea Hair Mask,Hair,3,12,38,0.0,Sephora,Tokyo,Dry
YUL-18430,2024-03-06,P003,Scalp Soothing Oil,Hair,3,8,28,0.0,Online,Tokyo,Dry
YUL-18431,2025-10-09,P002,Fermented Rice Serum,Skin,1,15,45,0.0,Flagship Store,NYC,Sensitive
YUL-18432,2025-04-27,P002,Fermented Rice Serum,Skin,2,15,45,0.2,Online,Tokyo,Combination
YUL-18433,2024-04-02,P003,Scalp Soothing Oil,Hair,3,8,28,0.1,Sephora,Tokyo,Combination
YUL-18434,2024-12-30,P005,Ceramide Barrier Cream,Skin,4,14,42,0.0,Sephora,Tokyo,Combination
YUL-18435,2025-11-25,P004,Mugwort Essence,Skin,1,10,32,0.0,Sephora,London,Combination
YUL-18436,2024-12-25,P005,Ceramide Barrier Cream,Skin,2,14,42,0.1,Sephora,Tokyo,Combination
YUL-18437,2025-05-08,P001,Deep Sea Hair Mask,Hair,2,12,38,0.0,Flagship Store,NYC,Dry
YUL-18438,2024-01-20,P002,Fermented Rice Serum,Skin,1,15,45,0.1,Online,Seoul,Sensitive
YUL-18439,2025-10-21,P005,Ceramide Barrier Cream,Skin,1,14,42,0.1,Olive Young,Seoul,Combination
YUL-18440,2025-04-25,P005,Ceramide Barrier Cream,Skin,3,14,42,0.0,Flagship Store,Seoul,Dry
YUL-18441,2025-11-05,P004,Mugwort Essence,Skin,4,10,32,0.0,Flagship Store,Seoul,Sensitive
YUL-18442,2024-05-22,P003,Scalp Soothing Oil,Hair,4,8,28,0.1,Olive Young,Seoul,Sensitive
YUL-18443,2025-05-17,P003,Scalp Soothing Oil,Hair,2,8,28,0.25,Sephora,NYC,Combination
YUL-18444,2025-11-20,P002,Fermented Rice Serum,Skin,3,15,45,0.0,Sephora,Tokyo,Sensitive
YUL-18445,2025-02-18,P004,Mugwort Essence,Skin,4,10,32,0.0,Olive Young,Tokyo,Dry
YUL-18446,2025-06-26,P005,Ceramide Barrier Cream,Skin,4,14,42,0.0,Olive Young,NYC,Sensitive
YUL-18447,2024-03-21,P003,Scalp Soothing Oil,Hair,3,8,28,0.0,Flagship Store,NYC,Dry
YUL-18448,2025-07-18,P005,Ceramide Barrier Cream,Skin,2,14,42,0.2,Olive Young,Tokyo,Combination
YUL-18449,2024-12-12,P004,Mugwort Essence,Skin,4,10,32,0.2,Online,NYC,Sensitive
YUL-18450,2025-10-01,P005,Ceramide Barrier Cream,Skin,2,14,42,0.1,Olive Young,Seoul,Oily
YUL-18451,2024-03-07,P005,Ceramide Barrier Cream,Skin,3,14,42,0.0,Online,Seoul,Dry
YUL-18452,2024-04-25,P001,Deep Sea Hair Mask,Hair,3,12,38,0.0,Olive Young,NYC,Oily
YUL-18453,2025-08-10,P005,Ceramide Barrier Cream,Skin,1,14,42,0.1,Olive Young,London,Sensitive
YUL-18454,2025-09-18,P003,Scalp Soothing Oil,Hair,2,8,28,0.2,Sephora,Seoul,Oily
YUL-18455,2025-06-19,P002,Fermented Rice Serum,Skin,1,15,45,0.1,Online,London,Oily
YUL-18456,2024-04-27,P003,Scalp Soothing Oil,Hair,1,8,28,0.0,Online,Seoul,Dry
YUL-18457,2024-12-22,P003,Scalp Soothing Oil,Hair,3,8,28,0.0,Olive Young,Tokyo,Oily
YUL-18458,2025-01-25,P001,Deep Sea Hair Mask,Hair,3,12,38,0.1,Sephora,Seoul,Dry
YUL-18459,2024-03-27,P001,Deep Sea Hair Mask,Hair,3,12,38,0.0,Online,NYC,Combination
YUL-18460,2025-10-11,P005,Ceramide Barrier Cream,Skin,2,14,42,0.2,Sephora,Seoul,Dry
YUL-18461,2024-06-24,P003,Scalp Soothing Oil,Hair,1,8,28,0.1,Sephora,NYC,Combination
YUL-18462,2025-12-09,P004,Mugwort Essence,Skin,2,10,32,0.0,Flagship Store,London,Combination
YUL-18463,2025-06-16,P005,Ceramide Barrier Cream,Skin,1,14,42,0.25,Online,London,Combination
YUL-18464,2025-11-08,P005,Ceramide Barrier Cream,Skin,1,14,42,0.0,Online,Tokyo,Oily
YUL-18465,2025-01-12,P003,Scalp Soothing Oil,Hair,4,8,28,0.0,Olive Young,London,Dry
YUL-18466,2024-10-23,P004,Mugwort Essence,Skin,1,10,32,0.2,Online,Seoul,Dry
YUL-18467,2025-11-27,P001,Deep Sea Hair Mask,Hair,4,12,38,0.2,Sephora,Seoul,Sensitive
YUL-18468,2024-09-19,P003,Scalp Soothing Oil,Hair,2,8,28,0.1,Sephora,London,Dry
YUL-18469,2025-06-30,P005,Ceramide Barrier Cream,Skin,3,14,42,0.25,Online,Seoul,Combination
YUL-18470,2025-12-19,P005,Ceramide Barrier Cream,Skin,4,14,42,0.0,Flagship Store,Tokyo,Combination
YUL-18471,2025-10-22,P002,Fermented Rice Serum,Skin,2,15,45,0.0,Sephora,NYC,Sensitive
YUL-18472,2024-10-11,P005,Ceramide Barrier Cream,Skin,1,14,42,0.0,Sephora,Tokyo,Combination
YUL-18473,2024-12-29,P003,Scalp Soothing Oil,Hair,3,8,28,0.0,Sephora,London,Dry
YUL-18474,2025-09-21,P002,Fermented Rice Serum,Skin,4,15,45,0.0,Online,NYC,Oily
YUL-18475,2025-11-29,P004,Mugwort Essence,Skin,3,10,32,0.25,Online,NYC,Sensitive
YUL-18476,2024-08-19,P001,Deep Sea Hair Mask,Hair,1,12,38,0.0,Sephora,Seoul,Combination
YUL-18477,2024-04-30,P005,Ceramide Barrier Cream,Skin,3,14,42,0.0,Flagship Store,London,Combination
YUL-18478,2024-08-28,P002,Fermented Rice Serum,Skin,2,15,45,0.2,Olive Young,London,Dry
YUL-18479,2025-10-10,P003,Scalp Soothing Oil,Hair,1,8,28,0.25,Sephora,Seoul,Combination
YUL-18480,2025-11-18,P004,Mugwort Essence,Skin,1,10,32,0.0,Online,Seoul,Combination
YUL-18481,2024-10-10,P001,Deep Sea Hair Mask,Hair,1,12,38,0.0,Olive Young,London,Oily
YUL-18482,2024-12-12,P004,Mugwort Essence,Skin,2,10,32,0.0,Online,Tokyo,Sensitive
YUL-18483,2025-06-22,P003,Scalp Soothing Oil,Hair,3,8,28,0.0,Online,Seoul,Sensitive
YUL-18484,2024-06-11,P001,Deep Sea Hair Mask,Hair,4,12,38,0.0,Online,London,Oily
YUL-18485,2024-02-17,P003,Scalp Soothing Oil,Hair,1,8,28,0.0,Flagship Store,London,Sensitive
YUL-18486,2024-11-26,P002,Fermented Rice Serum,Skin,2,15,45,0.25,Sephora,NYC,Oily
YUL-18487,2025-11-26,P001,Deep Sea Hair Mask,Hair,4,12,38,0.2,Online,Seoul,Dry
YUL-18488,2024-08-21,P001,Deep Sea Hair Mask,Hair,1,12,38,0.2,Sephora,NYC,Oily
YUL-18489,2024-05-25,P004,Mugwort Essence,Skin,2,10,32,0.0,Sephora,London,Oily
YUL-18490,2025-03-25,P002,Fermented Rice Serum,Skin,2,15,45,0.25,Olive Young,Tokyo,Combination
YUL-18491,2025-01-21,P003,Scalp Soothing Oil,Hair,3,8,28,0.0,Olive Young,Seoul,Sensitive
YUL-18492,2024-03-02,P002,Fermented Rice Serum,Skin,4,15,45,0.0,Olive Young,NYC,Combination
YUL-18493,2024-09-05,P005,Ceramide Barrier Cream,Skin,4,14,42,0.0,Olive Young,Tokyo,Sensitive
YUL-18494,2024-10-12,P001,Deep Sea Hair Mask,Hair,1,12,38,0.0,Olive Young,NYC,Sensitive
YUL-18495,2024-12-16,P002,Fermented Rice Serum,Skin,2,15,45,0.1,Flagship Store,Tokyo,Sensitive
YUL-18496,2024-05-04,P003,Scalp Soothing Oil,Hair,1,8,28,0.0,Flagship Store,Tokyo,Sensitive
YUL-18497,2024-02-26,P005,Ceramide Barrier Cream,Skin,3,14,42,0.25,Olive Young,Seoul,Combination
YUL-18498,2025-11-17,P002,Fermented Rice Serum,Skin,4,15,45,0.0,Olive Young,London,Oily
YUL-18499,2025-08-11,P002,Fermented Rice Serum,Skin,1,15,45,0.25,Flagship Store,Tokyo,Combination
YUL-18500,2025-04-30,P003,Scalp Soothing Oil,Hair,3,8,28,0.0,Online,NYC,Sensitive
YUL-18501,2024-08-14,P005,Ceramide Barrier Cream,Skin,4,14,42,0.0,Sephora,Tokyo,Combination
YUL-18502,2025-05-29,P004,Mugwort Essence,Skin,4,10,32,0.2,Online,NYC,Combination
YUL-18503,2024-12-15,P005,Ceramide Barrier Cream,Skin,1,14,42,0.25,Olive Young,NYC,Dry
YUL-18504,2024-09-18,P005,Ceramide Barrier Cream,Skin,2,14,42,0.0,Sephora,Seoul,Dry
YUL-18505,2024-04-17,P003,Scalp Soothing Oil,Hair,1,8,28,0.0,Flagship Store,London,Oily
YUL-18506,2025-06-26,P001,Deep Sea Hair Mask,Hair,2,12,38,0.25,Sephora,Seoul,Oily
YUL-18507,2024-08-24,P003,Scalp Soothing Oil,Hair,4,8,28,0.0,Online,Seoul,Dry
YUL-18508,2024-01-11,P003,Scalp Soothing Oil,Hair,2,8,28,0.2,Online,Tokyo,Oily
YUL-18509,2025-07-16,P002,Fermented Rice Serum,Skin,4,15,45,0.0,Flagship Store,Seoul,Oily
YUL-18510,2025-08-13,P005,Ceramide Barrier Cream,Skin,2,14,42,0.2,Online,Seoul,Sensitive
YUL-18511,2025-03-09,P003,Scalp Soothing Oil,Hair,4,8,28,0.0,Olive Young,NYC,Dry
YUL-18512,2025-05-06,P001,Deep Sea Hair Mask,Hair,4,12,38,0.0,Sephora,Tokyo,Sensitive
YUL-18513,2024-09-20,P001,Deep Sea Hair Mask,Hair,2,12,38,0.1,Flagship Store,Seoul,Sensitive
YUL-18514,2025-01-02,P004,Mugwort Essence,Skin,1,10,32,0.1,Flagship Store,Seoul,Combination
YUL-18515,2025-10-02,P003,Scalp Soothing Oil,Hair,4,8,28,0.1,Sephora,Tokyo,Oily
YUL-18516,2024-12-28,P001,Deep Sea Hair Mask,Hair,2,12,38,0.0,Online,London,Dry
YUL-18517,2025-01-03,P005,Ceramide Barrier Cream,Skin,2,14,42,0.1,Flagship Store,Tokyo,Sensitive
YUL-18518,2024-02-10,P004,Mugwort Essence,Skin,4,10,32,0.0,Olive Young,London,Dry
YUL-18519,2024-01-23,P002,Fermented Rice Serum,Skin,3,15,45,0.1,Online,London,Dry
YUL-18520,2025-06-12,P004,Mugwort Essence,Skin,4,10,32,0.1,Online,Seoul,Dry
YUL-18521,2025-08-13,P002,Fermented Rice Serum,Skin,3,15,45,0.0,Flagship Store,Seoul,Oily
YUL-18522,2025-07-23,P002,Fermented Rice Serum,Skin,1,15,45,0.25,Flagship Store,NYC,Oily
YUL-18523,2024-08-15,P004,Mugwort Essence,Skin,1,10,32,0.1,Sephora,London,Oily
YUL-18524,2024-07-05,P005,Ceramide Barrier Cream,Skin,2,14,42,0.0,Online,London,Combination
YUL-18525,2024-08-08,P005,Ceramide Barrier Cream,Skin,1,14,42,0.1,Olive Young,Seoul,Dry
YUL-18526,2024-07-30,P004,Mugwort Essence,Skin,2,10,32,0.0,Sephora,NYC,Combination
YUL-18527,2025-05-24,P005,Ceramide Barrier Cream,Skin,2,14,42,0.2,Olive Young,London,Sensitive
YUL-18528,2024-05-23,P001,Deep Sea Hair Mask,Hair,2,12,38,0.2,Flagship Store,Tokyo,Combination
YUL-18529,2024-12-01,P003,Scalp Soothing Oil,Hair,1,8,28,0.0,Sephora,London,Sensitive
YUL-18530,2025-07-09,P003,Scalp Soothing Oil,Hair,1,8,28,0.0,Online,Seoul,Dry
YUL-18531,2025-08-12,P001,Deep Sea Hair Mask,Hair,4,12,38,0.0,Sephora,Tokyo,Sensitive
YUL-18532,2025-05-03,P005,Ceramide Barrier Cream,Skin,2,14,42,0.1,Sephora,London,Combination
YUL-18533,2025-06-09,P005,Ceramide Barrier Cream,Skin,2,14,42,0.1,Olive Young,Seoul,Dry
YUL-18534,2024-11-14,P004,Mugwort Essence,Skin,3,10,32,0.1,Flagship Store,Tokyo,Combination
YUL-18535,2025-02-06,P004,Mugwort Essence,Skin,1,10,32,0.0,Online,Tokyo,Oily
YUL-18536,2024-07-19,P001,Deep Sea Hair Mask,Hair,1,12,38,0.0,Online,Tokyo,Oily
YUL-18537,2025-03-03,P001,Deep Sea Hair Mask,Hair,4,12,38,0.0,Online,Seoul,Combination
YUL-18538,2024-08-11,P003,Scalp Soothing Oil,Hair,2,8,28,0.2,Flagship Store,Tokyo,Dry
YUL-18539,2025-01-24,P003,Scalp Soothing Oil,Hair,1,8,28,0.0,Flagship Store,NYC,Dry
YUL-18540,2024-11-26,P003,Scalp Soothing Oil,Hair,3,8,28,0.0,Sephora,NYC,Combination
YUL-18541,2024-02-16,P005,Ceramide Barrier Cream,Skin,2,14,42,0.1,Online,Seoul,Dry
YUL-18542,2024-08-09,P005,Ceramide Barrier Cream,Skin,2,14,42,0.0,Flagship Store,NYC,Oily
YUL-18543,2025-04-21,P003,Scalp Soothing Oil,Hair,2,8,28,0.0,Sephora,Seoul,Dry
YUL-18544,2025-12-18,P002,Fermented Rice Serum,Skin,3,15,45,0.0,Online,Seoul,Combination
YUL-18545,2024-04-26,P004,Mugwort Essence,Skin,1,10,32,0.25,Online,NYC,Dry
YUL-18546,2025-07-18,P004,Mugwort Essence,Skin,1,10,32,0.1,Online,London,Sensitive
YUL-18547,2025-08-03,P003,Scalp Soothing Oil,Hair,4,8,28,0.0,Olive Young,Seoul,Combination
YUL-18548,2025-11-06,P003,Scalp Soothing Oil,Hair,1,8,28,0.0,Sephora,Tokyo,Dry
YUL-18549,2025-04-27,P003,Scalp Soothing Oil,Hair,2,8,28,0.0,Sephora,Tokyo,Oily
YUL-18550,2025-02-11,P003,Scalp Soothing Oil,Hair,4,8,28,0.25,Sephora,Tokyo,Sensitive
YUL-18551,2024-05-30,P005,Ceramide Barrier Cream,Skin,4,14,42,0.0,Online,London,Combination
YUL-18552,2025-04-26,P001,Deep Sea Hair Mask,Hair,3,12,38,0.25,Olive Young,Tokyo,Oily
YUL-18553,2025-08-21,P001,Deep Sea Hair Mask,Hair,2,12,38,0.0,Flagship Store,NYC,Dry
YUL-18554,2024-11-12,P003,Scalp Soothing Oil,Hair,3,8,28,0.0,Olive Young,NYC,Dry
YUL-18555,2025-07-06,P002,Fermented Rice Serum,Skin,1,15,45,0.25,Sephora,Seoul,Combination
YUL-18556,2024-01-09,P001,Deep Sea Hair Mask,Hair,4,12,38,0.2,Olive Young,Tokyo,Oily
YUL-18557,2025-08-01,P001,Deep Sea Hair Mask,Hair,2,12,38,0.1,Flagship Store,NYC,Sensitive
YUL-18558,2025-07-29,P001,Deep Sea Hair Mask,Hair,4,12,38,0.25,Olive Young,NYC,Combination
YUL-18559,2024-10-13,P002,Fermented Rice Serum,Skin,1,15,45,0.0,Sephora,Tokyo,Combination
YUL-18560,2025-12-03,P003,Scalp Soothing Oil,Hair,2,8,28,0.1,Online,Tokyo,Oily
YUL-18561,2025-05-29,P003,Scalp Soothing Oil,Hair,2,8,28,0.2,Olive Young,London,Oily
YUL-18562,2024-01-24,P003,Scalp Soothing Oil,Hair,1,8,28,0.0,Flagship Store,NYC,Sensitive
YUL-18563,2024-11-13,P005,Ceramide Barrier Cream,Skin,4,14,42,0.0,Sephora,Seoul,Combination
YUL-18564,2024-06-20,P004,Mugwort Essence,Skin,1,10,32,0.25,Olive Young,NYC,Sensitive
YUL-18565,2024-09-09,P004,Mugwort Essence,Skin,2,10,32,0.1,Olive Young,Seoul,Sensitive
YUL-18566,2025-03-09,P004,Mugwort Essence,Skin,2,10,32,0.0,Online,London,Sensitive
YUL-18567,2024-07-29,P002,Fermented Rice Serum,Skin,3,15,45,0.0,Olive Young,London,Dry
YUL-18568,2024-01-14,P004,Mugwort Essence,Skin,4,10,32,0.0,Sephora,Seoul,Oily
YUL-18569,2024-07-10,P005,Ceramide Barrier Cream,Skin,2,14,42,0.1,Sephora,London,Oily
YUL-18570,2024-08-19,P005,Ceramide Barrier Cream,Skin,4,14,42,0.0,Online,London,Dry
YUL-18571,2024-08-07,P001,Deep Sea Hair Mask,Hair,2,12,38,0.2,Online,London,Combination
YUL-18572,2024-11-03,P004,Mugwort Essence,Skin,3,10,32,0.1,Sephora,London,Combination
YUL-18573,2025-01-21,P002,Fermented Rice Serum,Skin,4,15,45,0.2,Flagship Store,London,Sensitive
YUL-18574,2025-06-19,P002,Fermented Rice Serum,Skin,4,15,45,0.0,Olive Young,Seoul,Oily
YUL-18575,2024-05-23,P004,Mugwort Essence,Skin,3,10,32,0.1,Flagship Store,London,Dry
YUL-18576,2025-04-28,P005,Ceramide Barrier Cream,Skin,3,14,42,0.0,Flagship Store,NYC,Combination
YUL-18577,2025-09-16,P002,Fermented Rice Serum,Skin,3,15,45,0.0,Flagship Store,London,Combination
YUL-18578,2024-02-29,P005,Ceramide Barrier Cream,Skin,1,14,42,0.25,Online,NYC,Combination
YUL-18579,2025-07-12,P005,Ceramide Barrier Cream,Skin,2,14,42,0.0,Olive Young,London,Sensitive
YUL-18580,2025-10-14,P002,Fermented Rice Serum,Skin,1,15,45,0.0,Online,Tokyo,Oily
YUL-18581,2025-06-03,P003,Scalp Soothing Oil,Hair,3,8,28,0.25,Flagship Store,Tokyo,Oily
YUL-18582,2024-12-09,P004,Mugwort Essence,Skin,4,10,32,0.0,Online,NYC,Oily
YUL-18583,2025-12-23,P005,Ceramide Barrier Cream,Skin,2,14,42,0.2,Sephora,Seoul,Sensitive
YUL-18584,2024-03-23,P003,Scalp Soothing Oil,Hair,1,8,28,0.25,Flagship Store,Seoul,Sensitive
YUL-18585,2024-10-31,P001,Deep Sea Hair Mask,Hair,4,12,38,0.0,Olive Young,Seoul,Combination
YUL-18586,2025-02-07,P001,Deep Sea Hair Mask,Hair,1,12,38,0.2,Flagship Store,London,Oily
YUL-18587,2024-03-29,P003,Scalp Soothing Oil,Hair,4,8,28,0.2,Olive Young,Tokyo,Dry
YUL-18588,2025-12-26,P001,Deep Sea Hair Mask,Hair,2,12,38,0.2,Sephora,Tokyo,Sensitive
YUL-18589,2025-09-05,P002,Fermented Rice Serum,Skin,4,15,45,0.0,Olive Young,Tokyo,Sensitive
YUL-18590,2024-02-14,P002,Fermented Rice Serum,Skin,4,15,45,0.1,Flagship Store,Seoul,Oily
YUL-18591,2025-03-17,P005,Ceramide Barrier Cream,Skin,3,14,42,0.25,Olive Young,Seoul,Oily
YUL-18592,2025-10-26,P004,Mugwort Essence,Skin,1,10,32,0.25,Online,NYC,Dry
YUL-18593,2024-07-03,P005,Ceramide Barrier Cream,Skin,4,14,42,0.1,Sephora,NYC,Combination
YUL-18594,2025-04-30,P004,Mugwort Essence,Skin,1,10,32,0.0,Flagship Store,Tokyo,Dry
YUL-18595,2024-10-02,P005,Ceramide Barrier Cream,Skin,3,14,42,0.1,Online,Tokyo,Sensitive
YUL-18596,2025-11-23,P003,Scalp Soothing Oil,Hair,2,8,28,0.0,Sephora,Tokyo,Combination
YUL-18597,2024-02-10,P003,Scalp Soothing Oil,Hair,4,8,28,0.25,Sephora,London,Dry
YUL-18598,2024-04-28,P004,Mugwort Essence,Skin,2,10,32,0.1,Sephora,Tokyo,Dry
YUL-18599,2025-08-08,P002,Fermented Rice Serum,Skin,1,15,45,0.0,Olive Young,Seoul,Sensitive
YUL-18600,2024-07-18,P004,Mugwort Essence,Skin,2,10,32,0.0,Flagship Store,London,Oily
YUL-18601,2025-11-25,P002,Fermented Rice Serum,Skin,3,15,45,0.1,Flagship Store,Tokyo,Oily
YUL-18602,2025-01-13,P004,Mugwort Essence,Skin,1,10,32,0.25,Online,London,Oily
YUL-18603,2024-04-15,P005,Ceramide Barrier Cream,Skin,2,14,42,0.1,Flagship Store,NYC,Combination
YUL-18604,2025-11-14,P004,Mugwort Essence,Skin,3,10,32,0.25,Flagship Store,NYC,Oily
YUL-18605,2024-09-05,P001,Deep Sea Hair Mask,Hair,1,12,38,0.0,Sephora,London,Combination
YUL-18606,2025-12-31,P001,Deep Sea Hair Mask,Hair,4,12,38,0.0,Olive Young,London,Combination
YUL-18607,2024-03-29,P003,Scalp Soothing Oil,Hair,4,8,28,0.25,Sephora,London,Sensitive
YUL-18608,2025-11-13,P003,Scalp Soothing Oil,Hair,2,8,28,0.0,Online,NYC,Dry
YUL-18609,2024-09-13,P003,Scalp Soothing Oil,Hair,3,8,28,0.1,Sephora,London,Combination
YUL-18610,2024-06-27,P005,Ceramide Barrier Cream,Skin,4,14,42,0.2,Online,Tokyo,Oily
YUL-18611,2024-10-28,P005,Ceramide Barrier Cream,Skin,1,14,42,0.0,Sephora,Seoul,Sensitive
YUL-18612,2025-08-03,P002,Fermented Rice Serum,Skin,2,15,45,0.0,Flagship Store,Seoul,Dry
YUL-18613,2024-09-11,P005,Ceramide Barrier Cream,Skin,3,14,42,0.0,Sephora,Tokyo,Oily
YUL-18614,2025-04-21,P003,Scalp Soothing Oil,Hair,1,8,28,0.25,Flagship Store,Tokyo,Sensitive
YUL-18615,2024-08-30,P002,Fermented Rice Serum,Skin,2,15,45,0.0,Sephora,Tokyo,Dry
YUL-18616,2024-08-01,P003,Scalp Soothing Oil,Hair,4,8,28,0.1,Sephora,NYC,Oily
YUL-18617,2025-05-03,P005,Ceramide Barrier Cream,Skin,1,14,42,0.2,Sephora,Tokyo,Combination
YUL-18618,2025-07-07,P002,Fermented Rice Serum,Skin,1,15,45,0.0,Olive Young,NYC,Combination
YUL-18619,2025-07-04,P003,Scalp Soothing Oil,Hair,4,8,28,0.2,Online,NYC,Oily
YUL-18620,2025-08-07,P004,Mugwort Essence,Skin,2,10,32,0.0,Online,Tokyo,Combination
YUL-18621,2024-08-17,P001,Deep Sea Hair Mask,Hair,2,12,38,0.25,Flagship Store,London,Dry
YUL-18622,2025-08-23,P004,Mugwort Essence,Skin,3,10,32,0.25,Olive Young,London,Dry
YUL-18623,2025-03-27,P003,Scalp Soothing Oil,Hair,4,8,28,0.2,Olive Young,NYC,Sensitive
YUL-18624,2025-01-10,P003,Scalp Soothing Oil,Hair,4,8,28,0.0,Sephora,NYC,Oily
YUL-18625,2024-12-14,P003,Scalp Soothing Oil,Hair,1,8,28,0.1,Flagship Store,NYC,Oily
YUL-18626,2024-10-31,P001,Deep Sea Hair Mask,Hair,3,12,38,0.0,Flagship Store,London,Oily
YUL-18627,2024-01-25,P003,Scalp Soothing Oil,Hair,3,8,28,0.0,Flagship Store,NYC,Combination
YUL-18628,2024-11-21,P002,Fermented Rice Serum,Skin,2,15,45,0.0,Flagship Store,Seoul,Combination
YUL-18629,2024-01-08,P002,Fermented Rice Serum,Skin,2,15,45,0.0,Sephora,London,Oily
YUL-18630,2024-02-21,P005,Ceramide Barrier Cream,Skin,1,14,42,0.1,Olive Young,Tokyo,Combination
YUL-18631,2025-05-02,P002,Fermented Rice Serum,Skin,2,15,45,0.25,Flagship Store,Tokyo,Oily
YUL-18632,2025-07-04,P001,Deep Sea Hair Mask,Hair,2,12,38,0.2,Flagship Store,Seoul,Sensitive
YUL-18633,2024-07-06,P005,Ceramide Barrier Cream,Skin,3,14,42,0.0,Olive Young,NYC,Combination
YUL-18634,2024-06-22,P005,Ceramide Barrier Cream,Skin,1,14,42,0.0,Sephora,NYC,Sensitive
YUL-18635,2024-01-13,P004,Mugwort Essence,Skin,1,10,32,0.0,Sephora,Tokyo,Combination
YUL-18636,2024-09-14,P002,Fermented Rice Serum,Skin,2,15,45,0.0,Flagship Store,Seoul,Dry
YUL-18637,2025-09-14,P004,Mugwort Essence,Skin,2,10,32,0.0,Sephora,NYC,Combination
YUL-18638,2024-05-08,P004,Mugwort Essence,Skin,3,10,32,0.25,Olive Young,Tokyo,Oily
YUL-18639,2025-11-17,P001,Deep Sea Hair Mask,Hair,4,12,38,0.0,Sephora,Seoul,Oily
YUL-18640,2025-09-18,P005,Ceramide Barrier Cream,Skin,2,14,42,0.0,Sephora,Tokyo,Oily
YUL-18641,2024-09-27,P003,Scalp Soothing Oil,Hair,4,8,28,0.2,Olive Young,NYC,Oily
YUL-18642,2024-08-20,P002,Fermented Rice Serum,Skin,1,15,45,0.0,Flagship Store,London,Dry
YUL-18643,2025-12-12,P004,Mugwort Essence,Skin,2,10,32,0.0,Online,Tokyo,Oily
YUL-18644,2024-11-30,P005,Ceramide Barrier Cream,Skin,1,14,42,0.2,Flagship Store,Seoul,Sensitive
YUL-18645,2024-06-30,P001,Deep Sea Hair Mask,Hair,1,12,38,0.25,Olive Young,Seoul,Combination
YUL-18646,2025-01-27,P002,Fermented Rice Serum,Skin,3,15,45,0.1,Online,Seoul,Combination
YUL-18647,2024-03-25,P003,Scalp Soothing Oil,Hair,1,8,28,0.0,Sephora,Tokyo,Sensitive
YUL-18648,2024-04-13,P002,Fermented Rice Serum,Skin,2,15,45,0.1,Online,Seoul,Sensitive
YUL-18649,2024-09-10,P001,Deep Sea Hair Mask,Hair,1,12,38,0.1,Flagship Store,NYC,Oily
YUL-18650,2024-07-06,P003,Scalp Soothing Oil,Hair,2,8,28,0.0,Sephora,Tokyo,Dry
YUL-18651,2025-01-25,P004,Mugwort Essence,Skin,2,10,32,0.1,Flagship Store,Tokyo,Sensitive
YUL-18652,2024-01-19,P004,Mugwort Essence,Skin,2,10,32,0.2,Flagship Store,NYC,Dry
YUL-18653,2024-03-17,P005,Ceramide Barrier Cream,Skin,2,14,42,0.2,Olive Young,London,Combination
YUL-18654,2024-11-19,P004,Mugwort Essence,Skin,2,10,32,0.0,Sephora,Tokyo,Combination
YUL-18655,2025-03-26,P005,Ceramide Barrier Cream,Skin,3,14,42,0.25,Sephora,NYC,Oily
YUL-18656,2025-03-02,P003,Scalp Soothing Oil,Hair,3,8,28,0.0,Online,NYC,Combination
YUL-18657,2025-07-20,P005,Ceramide Barrier Cream,Skin,4,14,42,0.2,Olive Young,Seoul,Sensitive
YUL-18658,2024-10-27,P003,Scalp Soothing Oil,Hair,1,8,28,0.0,Olive Young,Seoul,Combination
YUL-18659,2024-11-14,P005,Ceramide Barrier Cream,Skin,4,14,42,0.0,Flagship Store,London,Dry
YUL-18660,2024-11-27,P002,Fermented Rice Serum,Skin,1,15,45,0.0,Flagship Store,London,Sensitive
YUL-18661,2024-01-05,P003,Scalp Soothing Oil,Hair,4,8,28,0.1,Flagship Store,NYC,Combination
YUL-18662,2024-12-17,P002,Fermented Rice Serum,Skin,3,15,45,0.0,Online,NYC,Combination
YUL-18663,2024-07-31,P003,Scalp Soothing Oil,Hair,1,8,28,0.0,Flagship Store,London,Combination
YUL-18664,2024-12-04,P005,Ceramide Barrier Cream,Skin,4,14,42,0.2,Flagship Store,Tokyo,Dry
YUL-18665,2024-05-14,P002,Fermented Rice Serum,Skin,3,15,45,0.2,Sephora,NYC,Dry
YUL-18666,2024-03-27,P003,Scalp Soothing Oil,Hair,1,8,28,0.1,Olive Young,Tokyo,Combination
YUL-18667,2024-03-16,P005,Ceramide Barrier Cream,Skin,1,14,42,0.0,Online,London,Combination
YUL-18668,2024-08-11,P004,Mugwort Essence,Skin,3,10,32,0.2,Sephora,NYC,Dry
YUL-18669,2024-03-29,P004,Mugwort Essence,Skin,1,10,32,0.2,Flagship Store,London,Sensitive
YUL-18670,2024-07-22,P003,Scalp Soothing Oil,Hair,1,8,28,0.25,Flagship Store,Seoul,Dry
YUL-18671,2024-08-20,P002,Fermented Rice Serum,Skin,4,15,45,0.2,Flagship Store,London,Combination
YUL-18672,2025-06-09,P001,Deep Sea Hair Mask,Hair,3,12,38,0.25,Olive Young,Tokyo,Dry
YUL-18673,2024-11-28,P004,Mugwort Essence,Skin,3,10,32,0.0,Sephora,Tokyo,Dry
YUL-18674,2024-05-14,P002,Fermented Rice Serum,Skin,2,15,45,0.0,Flagship Store,London,Dry
YUL-18675,2025-03-13,P001,Deep Sea Hair Mask,Hair,1,12,38,0.2,Online,Tokyo,Combination
YUL-18676,2024-04-28,P003,Scalp Soothing Oil,Hair,1,8,28,0.2,Flagship Store,Tokyo,Oily
YUL-18677,2025-10-05,P005,Ceramide Barrier Cream,Skin,2,14,42,0.1,Online,Tokyo,Oily
YUL-18678,2024-01-23,P005,Ceramide Barrier Cream,Skin,4,14,42,0.0,Sephora,Seoul,Combination
YUL-18679,2025-08-06,P005,Ceramide Barrier Cream,Skin,4,14,42,0.1,Flagship Store,Tokyo,Sensitive
YUL-18680,2024-01-10,P004,Mugwort Essence,Skin,2,10,32,0.1,Flagship Store,Seoul,Sensitive
YUL-18681,2024-01-28,P005,Ceramide Barrier Cream,Skin,2,14,42,0.25,Olive Young,Seoul,Oily
YUL-18682,2025-11-26,P005,Ceramide Barrier Cream,Skin,1,14,42,0.1,Sephora,NYC,Oily
YUL-18683,2025-10-18,P005,Ceramide Barrier Cream,Skin,3,14,42,0.0,Online,Seoul,Dry
YUL-18684,2025-07-19,P002,Fermented Rice Serum,Skin,2,15,45,0.0,Flagship Store,London,Dry
YUL-18685,2025-12-02,P001,Deep Sea Hair Mask,Hair,3,12,38,0.1,Online,Seoul,Oily
YUL-18686,2024-12-17,P001,Deep Sea Hair Mask,Hair,3,12,38,0.1,Olive Young,Seoul,Sensitive
YUL-18687,2025-09-09,P003,Scalp Soothing Oil,Hair,2,8,28,0.2,Flagship Store,Seoul,Sensitive
YUL-18688,2025-12-13,P003,Scalp Soothing Oil,Hair,2,8,28,0.0,Sephora,Seoul,Sensitive
YUL-18689,2025-07-22,P002,Fermented Rice Serum,Skin,3,15,45,0.2,Flagship Store,NYC,Combination
YUL-18690,2025-10-23,P002,Fermented Rice Serum,Skin,3,15,45,0.0,Sephora,NYC,Sensitive
YUL-18691,2024-04-28,P002,Fermented Rice Serum,Skin,1,15,45,0.0,Flagship Store,London,Dry
YUL-18692,2025-07-01,P002,Fermented Rice Serum,Skin,2,15,45,0.0,Flagship Store,Seoul,Oily
YUL-18693,2025-01-30,P001,Deep Sea Hair Mask,Hair,3,12,38,0.1,Olive Young,Tokyo,Dry
YUL-18694,2025-12-01,P003,Scalp Soothing Oil,Hair,3,8,28,0.0,Flagship Store,Seoul,Dry
YUL-18695,2024-11-12,P001,Deep Sea Hair Mask,Hair,1,12,38,0.1,Flagship Store,NYC,Sensitive
YUL-18696,2025-12-13,P005,Ceramide Barrier Cream,Skin,3,14,42,0.25,Olive Young,Seoul,Dry
YUL-18697,2025-12-23,P005,Ceramide Barrier Cream,Skin,3,14,42,0.25,Sephora,Tokyo,Dry
YUL-18698,2025-11-23,P004,Mugwort Essence,Skin,2,10,32,0.1,Sephora,Seoul,Combination
YUL-18699,2024-08-17,P004,Mugwort Essence,Skin,4,10,32,0.0,Sephora,Seoul,Sensitive
YUL-18700,2024-06-30,P003,Scalp Soothing Oil,Hair,1,8,28,0.1,Olive Young,London,Sensitive
YUL-18701,2025-08-22,P002,Fermented Rice Serum,Skin,4,15,45,0.1,Online,Tokyo,Sensitive
YUL-18702,2025-05-07,P002,Fermented Rice Serum,Skin,2,15,45,0.0,Olive Young,London,Sensitive
YUL-18703,2025-12-06,P004,Mugwort Essence,Skin,4,10,32,0.1,Online,Seoul,Oily
YUL-18704,2024-03-15,P001,Deep Sea Hair Mask,Hair,4,12,38,0.2,Flagship Store,NYC,Oily
YUL-18705,2024-12-20,P001,Deep Sea Hair Mask,Hair,3,12,38,0.25,Olive Young,NYC,Dry
YUL-18706,2024-02-26,P002,Fermented Rice Serum,Skin,3,15,45,0.2,Flagship Store,Tokyo,Combination
YUL-18707,2025-05-19,P002,Fermented Rice Serum,Skin,1,15,45,0.0,Sephora,NYC,Dry
YUL-18708,2025-02-05,P003,Scalp Soothing Oil,Hair,2,8,28,0.1,Online,Seoul,Dry
YUL-18709,2025-10-14,P001,Deep Sea Hair Mask,Hair,3,12,38,0.1,Flagship Store,Seoul,Oily
YUL-18710,2025-10-06,P002,Fermented Rice Serum,Skin,3,15,45,0.0,Olive Young,NYC,Sensitive
YUL-18711,2024-10-12,P001,Deep Sea Hair Mask,Hair,4,12,38,0.25,Online,Seoul,Dry
YUL-18712,2025-10-29,P003,Scalp Soothing Oil,Hair,3,8,28,0.1,Flagship Store,Seoul,Dry
YUL-18713,2024-08-28,P003,Scalp Soothing Oil,Hair,1,8,28,0.0,Sephora,London,Combination
YUL-18714,2024-12-18,P002,Fermented Rice Serum,Skin,1,15,45,0.0,Flagship Store,Seoul,Combination
YUL-18715,2025-02-18,P002,Fermented Rice Serum,Skin,3,15,45,0.1,Sephora,NYC,Combination
YUL-18716,2024-03-03,P005,Ceramide Barrier Cream,Skin,4,14,42,0.25,Sephora,NYC,Sensitive
YUL-18717,2025-08-05,P005,Ceramide Barrier Cream,Skin,2,14,42,0.1,Online,Seoul,Dry
YUL-18718,2024-12-15,P003,Scalp Soothing Oil,Hair,2,8,28,0.0,Olive Young,NYC,Combination
YUL-18719,2024-03-04,P001,Deep Sea Hair Mask,Hair,2,12,38,0.0,Online,London,Dry
YUL-18720,2024-01-30,P002,Fermented Rice Serum,Skin,3,15,45,0.2,Olive Young,London,Combination
YUL-18721,2025-09-30,P001,Deep Sea Hair Mask,Hair,4,12,38,0.25,Olive Young,Seoul,Combination
YUL-18722,2025-07-13,P003,Scalp Soothing Oil,Hair,2,8,28,0.1,Sephora,Seoul,Dry
YUL-18723,2025-03-29,P003,Scalp Soothing Oil,Hair,2,8,28,0.0,Online,London,Dry
YUL-18724,2024-01-25,P002,Fermented Rice Serum,Skin,1,15,45,0.1,Sephora,Tokyo,Sensitive
YUL-18725,2024-10-15,P003,Scalp Soothing Oil,Hair,1,8,28,0.2,Sephora,Seoul,Combination
YUL-18726,2024-09-18,P003,Scalp Soothing Oil,Hair,1,8,28,0.2,Online,NYC,Sensitive
YUL-18727,2025-04-09,P001,Deep Sea Hair Mask,Hair,2,12,38,0.25,Online,Seoul,Dry
YUL-18728,2025-07-14,P001,Deep Sea Hair Mask,Hair,3,12,38,0.1,Online,Tokyo,Sensitive
YUL-18729,2025-06-10,P001,Deep Sea Hair Mask,Hair,3,12,38,0.2,Olive Young,London,Oily
YUL-18730,2025-05-31,P002,Fermented Rice Serum,Skin,3,15,45,0.0,Online,NYC,Combination
YUL-18731,2025-09-30,P005,Ceramide Barrier Cream,Skin,4,14,42,0.0,Sephora,NYC,Dry
YUL-18732,2025-07-26,P002,Fermented Rice Serum,Skin,2,15,45,0.0,Sephora,Seoul,Sensitive
YUL-18733,2025-04-15,P001,Deep Sea Hair Mask,Hair,2,12,38,0.25,Olive Young,Seoul,Oily
YUL-18734,2024-09-25,P005,Ceramide Barrier Cream,Skin,2,14,42,0.0,Sephora,London,Sensitive
YUL-18735,2024-09-20,P002,Fermented Rice Serum,Skin,3,15,45,0.0,Flagship Store,Seoul,Combination
YUL-18736,2025-07-03,P005,Ceramide Barrier Cream,Skin,3,14,42,0.1,Olive Young,NYC,Combination
YUL-18737,2024-12-08,P004,Mugwort Essence,Skin,1,10,32,0.0,Flagship Store,NYC,Oily
YUL-18738,2024-05-27,P003,Scalp Soothing Oil,Hair,4,8,28,0.2,Online,Seoul,Sensitive
YUL-18739,2025-03-28,P004,Mugwort Essence,Skin,4,10,32,0.25,Flagship Store,London,Combination
YUL-18740,2025-06-06,P004,Mugwort Essence,Skin,2,10,32,0.0,Sephora,NYC,Combination
YUL-18741,2025-02-23,P003,Scalp Soothing Oil,Hair,3,8,28,0.0,Flagship Store,NYC,Sensitive
YUL-18742,2024-02-19,P004,Mugwort Essence,Skin,3,10,32,0.0,Sephora,London,Dry
YUL-18743,2024-06-03,P001,Deep Sea Hair Mask,Hair,1,12,38,0.1,Olive Young,NYC,Dry
YUL-18744,2025-03-31,P003,Scalp Soothing Oil,Hair,3,8,28,0.0,Olive Young,London,Oily
YUL-18745,2025-11-24,P001,Deep Sea Hair Mask,Hair,2,12,38,0.1,Sephora,London,Dry
YUL-18746,2024-09-08,P002,Fermented Rice Serum,Skin,1,15,45,0.0,Olive Young,NYC,Combination
YUL-18747,2025-08-11,P002,Fermented Rice Serum,Skin,3,15,45,0.0,Olive Young,Tokyo,Oily
YUL-18748,2024-12-29,P005,Ceramide Barrier Cream,Skin,1,14,42,0.0,Online,Seoul,Dry
YUL-18749,2024-06-19,P003,Scalp Soothing Oil,Hair,2,8,28,0.1,Sephora,NYC,Combination
YUL-18750,2025-05-20,P002,Fermented Rice Serum,Skin,4,15,45,0.2,Flagship Store,Seoul,Combination
YUL-18751,2025-05-11,P001,Deep Sea Hair Mask,Hair,3,12,38,0.1,Flagship Store,NYC,Combination
YUL-18752,2025-07-23,P001,Deep Sea Hair Mask,Hair,4,12,38,0.0,Sephora,London,Dry
YUL-18753,2024-12-01,P003,Scalp Soothing Oil,Hair,3,8,28,0.2,Online,Tokyo,Oily
YUL-18754,2025-12-15,P004,Mugwort Essence,Skin,2,10,32,0.1,Olive Young,Seoul,Sensitive
YUL-18755,2025-05-18,P002,Fermented Rice Serum,Skin,4,15,45,0.0,Sephora,Tokyo,Dry
YUL-18756,2024-07-23,P002,Fermented Rice Serum,Skin,4,15,45,0.0,Olive Young,Tokyo,Sensitive
YUL-18757,2024-11-02,P005,Ceramide Barrier Cream,Skin,3,14,42,0.0,Online,London,Combination
YUL-18758,2024-10-31,P004,Mugwort Essence,Skin,2,10,32,0.0,Flagship Store,NYC,Oily
YUL-18759,2025-11-19,P004,Mugwort Essence,Skin,1,10,32,0.0,Online,London,Sensitive
YUL-18760,2024-08-20,P002,Fermented Rice Serum,Skin,4,15,45,0.0,Online,Seoul,Oily
YUL-18761,2024-11-22,P002,Fermented Rice Serum,Skin,2,15,45,0.0,Olive Young,London,Dry
YUL-18762,2025-04-05,P005,Ceramide Barrier Cream,Skin,2,14,42,0.2,Sephora,Seoul,Dry
YUL-18763,2024-11-05,P003,Scalp Soothing Oil,Hair,3,8,28,0.1,Flagship Store,London,Dry
YUL-18764,2025-06-07,P002,Fermented Rice Serum,Skin,1,15,45,0.0,Olive Young,Tokyo,Oily
YUL-18765,2025-07-18,P003,Scalp Soothing Oil,Hair,1,8,28,0.0,Sephora,NYC,Sensitive
YUL-18766,2024-12-07,P002,Fermented Rice Serum,Skin,4,15,45,0.0,Olive Young,Seoul,Combination
YUL-18767,2024-08-06,P002,Fermented Rice Serum,Skin,1,15,45,0.0,Olive Young,Tokyo,Sensitive
YUL-18768,2025-12-30,P003,Scalp Soothing Oil,Hair,1,8,28,0.0,Online,Seoul,Sensitive
YUL-18769,2024-06-01,P003,Scalp Soothing Oil,Hair,1,8,28,0.0,Online,Tokyo,Oily
YUL-18770,2025-12-24,P002,Fermented Rice Serum,Skin,2,15,45,0.0,Olive Young,NYC,Dry
YUL-18771,2025-11-23,P005,Ceramide Barrier Cream,Skin,4,14,42,0.0,Sephora,NYC,Oily
YUL-18772,2025-11-01,P004,Mugwort Essence,Skin,1,10,32,0.2,Olive Young,Tokyo,Sensitive
YUL-18773,2025-10-05,P005,Ceramide Barrier Cream,Skin,1,14,42,0.0,Flagship Store,London,Oily
YUL-18774,2024-12-02,P001,Deep Sea Hair Mask,Hair,3,12,38,0.25,Flagship Store,London,Sensitive
YUL-18775,2025-06-27,P004,Mugwort Essence,Skin,4,10,32,0.1,Flagship Store,NYC,Dry
YUL-18776,2025-10-26,P004,Mugwort Essence,Skin,4,10,32,0.0,Olive Young,London,Dry
YUL-18777,2025-01-25,P004,Mugwort Essence,Skin,3,10,32,0.0,Sephora,Seoul,Dry
YUL-18778,2025-05-27,P003,Scalp Soothing Oil,Hair,4,8,28,0.0,Flagship Store,Seoul,Dry
YUL-18779,2025-07-21,P001,Deep Sea Hair Mask,Hair,1,12,38,0.25,Sephora,Seoul,Dry
YUL-18780,2024-01-14,P005,Ceramide Barrier Cream,Skin,1,14,42,0.25,Flagship Store,London,Combination
YUL-18781,2024-03-13,P003,Scalp Soothing Oil,Hair,2,8,28,0.25,Flagship Store,NYC,Sensitive
YUL-18782,2025-07-01,P001,Deep Sea Hair Mask,Hair,3,12,38,0.0,Sephora,Seoul,Sensitive
YUL-18783,2024-03-25,P001,Deep Sea Hair Mask,Hair,4,12,38,0.0,Online,NYC,Combination
YUL-18784,2025-04-05,P001,Deep Sea Hair Mask,Hair,2,12,38,0.25,Sephora,NYC,Dry
YUL-18785,2024-10-27,P005,Ceramide Barrier Cream,Skin,4,14,42,0.0,Sephora,Tokyo,Dry
YUL-18786,2024-07-21,P003,Scalp Soothing Oil,Hair,4,8,28,0.2,Sephora,Seoul,Combination
YUL-18787,2025-05-31,P001,Deep Sea Hair Mask,Hair,3,12,38,0.25,Sephora,Tokyo,Dry
YUL-18788,2024-05-03,P005,Ceramide Barrier Cream,Skin,1,14,42,0.0,Flagship Store,Tokyo,Sensitive
YUL-18789,2025-01-27,P005,Ceramide Barrier Cream,Skin,3,14,42,0.0,Olive Young,Tokyo,Combination
YUL-18790,2024-11-17,P003,Scalp Soothing Oil,Hair,2,8,28,0.1,Sephora,NYC,Oily
YUL-18791,2024-10-20,P001,Deep Sea Hair Mask,Hair,2,12,38,0.0,Olive Young,London,Oily
YUL-18792,2025-05-25,P003,Scalp Soothing Oil,Hair,2,8,28,0.0,Online,Tokyo,Sensitive
YUL-18793,2025-02-11,P001,Deep Sea Hair Mask,Hair,1,12,38,0.2,Online,Seoul,Combination
YUL-18794,2025-01-14,P005,Ceramide Barrier Cream,Skin,1,14,42,0.2,Flagship Store,London,Sensitive
YUL-18795,2025-08-30,P005,Ceramide Barrier Cream,Skin,2,14,42,0.0,Sephora,Seoul,Sensitive
YUL-18796,2025-02-09,P001,Deep Sea Hair Mask,Hair,1,12,38,0.0,Olive Young,NYC,Oily
YUL-18797,2024-08-13,P001,Deep Sea Hair Mask,Hair,3,12,38,0.0,Flagship Store,London,Dry
YUL-18798,2025-10-19,P003,Scalp Soothing Oil,Hair,4,8,28,0.0,Online,Seoul,Dry
YUL-18799,2024-10-10,P001,Deep Sea Hair Mask,Hair,1,12,38,0.0,Olive Young,Tokyo,Sensitive
YUL-18800,2025-01-02,P002,Fermented Rice Serum,Skin,1,15,45,0.0,Sephora,Tokyo,Oily
YUL-18801,2025-12-19,P004,Mugwort Essence,Skin,4,10,32,0.0,Flagship Store,Seoul,Dry
YUL-18802,2025-07-28,P005,Ceramide Barrier Cream,Skin,2,14,42,0.0,Online,NYC,Combination
YUL-18803,2025-03-22,P001,Deep Sea Hair Mask,Hair,1,12,38,0.2,Flagship Store,NYC,Oily
YUL-18804,2025-12-26,P004,Mugwort Essence,Skin,2,10,32,0.25,Flagship Store,Tokyo,Combination
YUL-18805,2024-04-25,P003,Scalp Soothing Oil,Hair,1,8,28,0.2,Online,London,Dry
YUL-18806,2024-05-07,P003,Scalp Soothing Oil,Hair,4,8,28,0.25,Olive Young,London,Oily
YUL-18807,2025-11-03,P004,Mugwort Essence,Skin,3,10,32,0.0,Flagship Store,Seoul,Combination
YUL-18808,2025-11-11,P005,Ceramide Barrier Cream,Skin,1,14,42,0.0,Sephora,Tokyo,Dry
YUL-18809,2025-12-08,P004,Mugwort Essence,Skin,4,10,32,0.0,Online,Seoul,Oily
YUL-18810,2025-06-15,P001,Deep Sea Hair Mask,Hair,3,12,38,0.1,Flagship Store,NYC,Dry
YUL-18811,2025-10-12,P004,Mugwort Essence,Skin,4,10,32,0.25,Online,NYC,Sensitive
YUL-18812,2025-10-27,P003,Scalp Soothing Oil,Hair,2,8,28,0.2,Olive Young,NYC,Dry
YUL-18813,2024-10-23,P002,Fermented Rice Serum,Skin,2,15,45,0.0,Online,Seoul,Oily
YUL-18814,2025-04-14,P001,Deep Sea Hair Mask,Hair,4,12,38,0.0,Online,London,Combination
YUL-18815,2025-01-01,P005,Ceramide Barrier Cream,Skin,3,14,42,0.1,Sephora,London,Sensitive
YUL-18816,2025-12-25,P002,Fermented Rice Serum,Skin,2,15,45,0.0,Olive Young,NYC,Sensitive
YUL-18817,2025-05-29,P004,Mugwort Essence,Skin,1,10,32,0.0,Online,Tokyo,Dry
YUL-18818,2024-09-06,P003,Scalp Soothing Oil,Hair,4,8,28,0.0,Flagship Store,Seoul,Sensitive
YUL-18819,2024-03-05,P004,Mugwort Essence,Skin,3,10,32,0.2,Olive Young,London,Sensitive
YUL-18820,2024-01-31,P004,Mugwort Essence,Skin,1,10,32,0.25,Online,London,Sensitive
YUL-18821,2024-03-23,P004,Mugwort Essence,Skin,1,10,32,0.25,Olive Young,Seoul,Dry
YUL-18822,2025-05-04,P005,Ceramide Barrier Cream,Skin,4,14,42,0.0,Sephora,London,Combination
YUL-18823,2024-05-24,P003,Scalp Soothing Oil,Hair,1,8,28,0.0,Sephora,London,Combination
YUL-18824,2025-03-30,P002,Fermented Rice Serum,Skin,4,15,45,0.1,Flagship Store,Tokyo,Combination
YUL-18825,2025-10-08,P005,Ceramide Barrier Cream,Skin,4,14,42,0.2,Olive Young,London,Dry
YUL-18826,2024-12-13,P002,Fermented Rice Serum,Skin,1,15,45,0.25,Flagship Store,NYC,Oily
YUL-18827,2025-05-06,P005,Ceramide Barrier Cream,Skin,1,14,42,0.1,Flagship Store,London,Combination
YUL-18828,2025-12-29,P005,Ceramide Barrier Cream,Skin,2,14,42,0.0,Sephora,NYC,Dry
YUL-18829,2024-10-19,P002,Fermented Rice Serum,Skin,2,15,45,0.25,Sephora,Tokyo,Dry
YUL-18830,2025-11-19,P005,Ceramide Barrier Cream,Skin,2,14,42,0.2,Olive Young,London,Sensitive
YUL-18831,2025-09-23,P001,Deep Sea Hair Mask,Hair,1,12,38,0.25,Flagship Store,NYC,Combination
YUL-18832,2024-01-10,P002,Fermented Rice Serum,Skin,2,15,45,0.25,Olive Young,NYC,Sensitive
YUL-18833,2025-10-29,P001,Deep Sea Hair Mask,Hair,4,12,38,0.25,Sephora,Tokyo,Oily
YUL-18834,2025-10-26,P001,Deep Sea Hair Mask,Hair,3,12,38,0.0,Online,Tokyo,Dry
YUL-18835,2024-04-15,P004,Mugwort Essence,Skin,1,10,32,0.0,Online,Tokyo,Combination
YUL-18836,2025-07-16,P005,Ceramide Barrier Cream,Skin,1,14,42,0.0,Olive Young,NYC,Sensitive
YUL-18837,2024-11-06,P005,Ceramide Barrier Cream,Skin,2,14,42,0.25,Online,London,Oily
YUL-18838,2025-10-06,P005,Ceramide Barrier Cream,Skin,4,14,42,0.0,Sephora,Seoul,Combination
YUL-18839,2025-03-05,P005,Ceramide Barrier Cream,Skin,3,14,42,0.1,Online,Seoul,Combination
YUL-18840,2025-04-22,P005,Ceramide Barrier Cream,Skin,4,14,42,0.0,Online,Seoul,Oily
YUL-18841,2025-05-31,P002,Fermented Rice Serum,Skin,2,15,45,0.2,Sephora,London,Combination
YUL-18842,2024-04-21,P005,Ceramide Barrier Cream,Skin,4,14,42,0.0,Sephora,London,Oily
YUL-18843,2024-10-08,P003,Scalp Soothing Oil,Hair,1,8,28,0.0,Flagship Store,NYC,Sensitive
YUL-18844,2024-05-31,P002,Fermented Rice Serum,Skin,4,15,45,0.25,Sephora,NYC,Oily
YUL-18845,2024-03-20,P001,Deep Sea Hair Mask,Hair,1,12,38,0.0,Sephora,Seoul,Dry
YUL-18846,2025-11-14,P002,Fermented Rice Serum,Skin,4,15,45,0.2,Flagship Store,Tokyo,Combination
YUL-18847,2025-12-07,P001,Deep Sea Hair Mask,Hair,4,12,38,0.25,Online,London,Dry
YUL-18848,2024-04-11,P002,Fermented Rice Serum,Skin,3,15,45,0.0,Sephora,London,Oily
YUL-18849,2024-07-12,P005,Ceramide Barrier Cream,Skin,2,14,42,0.1,Flagship Store,Tokyo,Sensitive
YUL-18850,2024-04-24,P005,Ceramide Barrier Cream,Skin,3,14,42,0.1,Flagship Store,NYC,Oily
YUL-18851,2025-10-05,P004,Mugwort Essence,Skin,2,10,32,0.2,Flagship Store,London,Combination
YUL-18852,2024-08-30,P001,Deep Sea Hair Mask,Hair,4,12,38,0.0,Online,London,Oily
YUL-18853,2024-10-25,P003,Scalp Soothing Oil,Hair,1,8,28,0.25,Sephora,Tokyo,Sensitive
YUL-18854,2025-01-27,P003,Scalp Soothing Oil,Hair,2,8,28,0.0,Sephora,Tokyo,Combination
YUL-18855,2025-03-31,P005,Ceramide Barrier Cream,Skin,1,14,42,0.0,Olive Young,Seoul,Dry
YUL-18856,2025-09-11,P001,Deep Sea Hair Mask,Hair,2,12,38,0.1,Flagship Store,Tokyo,Oily
YUL-18857,2025-11-29,P002,Fermented Rice Serum,Skin,3,15,45,0.25,Sephora,London,Combination
YUL-18858,2024-06-16,P003,Scalp Soothing Oil,Hair,4,8,28,0.25,Flagship Store,London,Dry
YUL-18859,2025-04-29,P004,Mugwort Essence,Skin,4,10,32,0.2,Flagship Store,London,Combination
YUL-18860,2024-04-25,P001,Deep Sea Hair Mask,Hair,1,12,38,0.0,Sephora,NYC,Combination
YUL-18861,2024-07-04,P004,Mugwort Essence,Skin,4,10,32,0.0,Olive Young,Seoul,Combination
YUL-18862,2025-04-04,P002,Fermented Rice Serum,Skin,3,15,45,0.25,Online,NYC,Oily
YUL-18863,2025-07-24,P005,Ceramide Barrier Cream,Skin,1,14,42,0.0,Olive Young,Seoul,Oily
YUL-18864,2025-03-12,P002,Fermented Rice Serum,Skin,2,15,45,0.0,Olive Young,London,Combination
YUL-18865,2025-06-21,P001,Deep Sea Hair Mask,Hair,3,12,38,0.0,Online,Tokyo,Oily
YUL-18866,2025-06-01,P003,Scalp Soothing Oil,Hair,3,8,28,0.2,Olive Young,Seoul,Oily
YUL-18867,2024-07-09,P004,Mugwort Essence,Skin,3,10,32,0.0,Online,London,Combination
YUL-18868,2025-12-31,P003,Scalp Soothing Oil,Hair,2,8,28,0.0,Olive Young,Tokyo,Sensitive
YUL-18869,2024-11-21,P003,Scalp Soothing Oil,Hair,1,8,28,0.0,Sephora,Seoul,Sensitive
YUL-18870,2025-06-01,P002,Fermented Rice Serum,Skin,3,15,45,0.2,Flagship Store,Seoul,Oily
YUL-18871,2025-06-15,P002,Fermented Rice Serum,Skin,3,15,45,0.1,Flagship Store,Seoul,Dry
YUL-18872,2024-12-12,P003,Scalp Soothing Oil,Hair,4,8,28,0.0,Online,Seoul,Combination
YUL-18873,2025-07-14,P003,Scalp Soothing Oil,Hair,1,8,28,0.0,Olive Young,London,Sensitive
YUL-18874,2024-07-19,P003,Scalp Soothing Oil,Hair,3,8,28,0.25,Flagship Store,Tokyo,Dry
YUL-18875,2025-04-20,P003,Scalp Soothing Oil,Hair,1,8,28,0.2,Sephora,Seoul,Sensitive
YUL-18876,2025-02-27,P002,Fermented Rice Serum,Skin,2,15,45,0.1,Olive Young,Seoul,Dry
YUL-18877,2024-07-25,P005,Ceramide Barrier Cream,Skin,4,14,42,0.2,Olive Young,Seoul,Dry
YUL-18878,2024-07-15,P005,Ceramide Barrier Cream,Skin,4,14,42,0.2,Online,NYC,Dry
YUL-18879,2024-02-19,P001,Deep Sea Hair Mask,Hair,1,12,38,0.0,Sephora,Tokyo,Combination
YUL-18880,2025-06-13,P003,Scalp Soothing Oil,Hair,1,8,28,0.0,Sephora,NYC,Dry
YUL-18881,2025-07-31,P005,Ceramide Barrier Cream,Skin,3,14,42,0.25,Sephora,London,Combination
YUL-18882,2025-03-12,P001,Deep Sea Hair Mask,Hair,2,12,38,0.0,Sephora,London,Oily
YUL-18883,2024-12-22,P002,Fermented Rice Serum,Skin,1,15,45,0.0,Flagship Store,NYC,Dry
YUL-18884,2025-01-05,P001,Deep Sea Hair Mask,Hair,3,12,38,0.0,Online,London,Combination
YUL-18885,2024-04-27,P003,Scalp Soothing Oil,Hair,2,8,28,0.0,Flagship Store,London,Sensitive
YUL-18886,2024-02-16,P004,Mugwort Essence,Skin,1,10,32,0.2,Online,Tokyo,Oily
YUL-18887,2025-02-07,P003,Scalp Soothing Oil,Hair,3,8,28,0.0,Sephora,NYC,Oily
YUL-18888,2025-03-17,P005,Ceramide Barrier Cream,Skin,4,14,42,0.1,Olive Young,NYC,Oily
YUL-18889,2024-09-06,P001,Deep Sea Hair Mask,Hair,4,12,38,0.25,Sephora,London,Oily
YUL-18890,2024-03-18,P005,Ceramide Barrier Cream,Skin,2,14,42,0.2,Sephora,Tokyo,Sensitive
YUL-18891,2025-08-01,P001,Deep Sea Hair Mask,Hair,3,12,38,0.0,Olive Young,London,Combination
YUL-18892,2024-09-26,P003,Scalp Soothing Oil,Hair,2,8,28,0.0,Olive Young,Seoul,Combination
YUL-18893,2025-06-22,P003,Scalp Soothing Oil,Hair,3,8,28,0.0,Online,Seoul,Oily
YUL-18894,2025-01-25,P004,Mugwort Essence,Skin,1,10,32,0.1,Flagship Store,Seoul,Combination
YUL-18895,2025-12-25,P001,Deep Sea Hair Mask,Hair,1,12,38,0.1,Flagship Store,NYC,Sensitive
YUL-18896,2024-07-23,P001,Deep Sea Hair Mask,Hair,1,12,38,0.2,Sephora,London,Dry
YUL-18897,2024-09-06,P005,Ceramide Barrier Cream,Skin,2,14,42,0.0,Flagship Store,Seoul,Combination
YUL-18898,2024-05-13,P005,Ceramide Barrier Cream,Skin,1,14,42,0.25,Online,Tokyo,Oily
YUL-18899,2024-05-03,P005,Ceramide Barrier Cream,Skin,2,14,42,0.0,Online,Tokyo,Dry
YUL-18900,2025-03-02,P004,Mugwort Essence,Skin,4,10,32,0.0,Sephora,Tokyo,Dry
YUL-18901,2024-06-24,P002,Fermented Rice Serum,Skin,3,15,45,0.2,Online,London,Sensitive
YUL-18902,2025-01-19,P003,Scalp Soothing Oil,Hair,4,8,28,0.25,Sephora,Seoul,Dry
YUL-18903,2025-02-04,P005,Ceramide Barrier Cream,Skin,2,14,42,0.0,Olive Young,London,Sensitive
YUL-18904,2025-05-20,P005,Ceramide Barrier Cream,Skin,2,14,42,0.25,Flagship Store,Seoul,Sensitive
YUL-18905,2025-02-11,P004,Mugwort Essence,Skin,2,10,32,0.2,Flagship Store,NYC,Sensitive
YUL-18906,2025-12-01,P004,Mugwort Essence,Skin,4,10,32,0.0,Sephora,London,Dry
YUL-18907,2025-10-11,P003,Scalp Soothing Oil,Hair,3,8,28,0.1,Online,NYC,Oily
YUL-18908,2025-08-31,P002,Fermented Rice Serum,Skin,3,15,45,0.0,Flagship Store,Tokyo,Combination
YUL-18909,2024-12-30,P004,Mugwort Essence,Skin,3,10,32,0.1,Online,NYC,Oily
YUL-18910,2025-12-09,P002,Fermented Rice Serum,Skin,4,15,45,0.2,Sephora,London,Combination
YUL-18911,2024-07-10,P003,Scalp Soothing Oil,Hair,1,8,28,0.25,Flagship Store,Tokyo,Oily
YUL-18912,2024-09-16,P002,Fermented Rice Serum,Skin,4,15,45,0.0,Sephora,London,Combination
YUL-18913,2025-10-09,P001,Deep Sea Hair Mask,Hair,2,12,38,0.0,Online,NYC,Dry
YUL-18914,2024-06-06,P004,Mugwort Essence,Skin,3,10,32,0.25,Flagship Store,Seoul,Sensitive
YUL-18915,2024-11-01,P003,Scalp Soothing Oil,Hair,1,8,28,0.1,Online,London,Dry
YUL-18916,2024-08-24,P005,Ceramide Barrier Cream,Skin,2,14,42,0.0,Sephora,Seoul,Oily
YUL-18917,2024-11-14,P004,Mugwort Essence,Skin,2,10,32,0.1,Online,NYC,Combination
YUL-18918,2024-08-18,P002,Fermented Rice Serum,Skin,1,15,45,0.1,Flagship Store,Seoul,Dry
YUL-18919,2024-06-21,P004,Mugwort Essence,Skin,4,10,32,0.2,Online,London,Dry
YUL-18920,2025-05-18,P004,Mugwort Essence,Skin,2,10,32,0.2,Online,London,Combination
YUL-18921,2024-05-04,P002,Fermented Rice Serum,Skin,1,15,45,0.25,Flagship Store,London,Oily
YUL-18922,2024-06-28,P005,Ceramide Barrier Cream,Skin,2,14,42,0.0,Online,Tokyo,Oily
YUL-18923,2024-10-04,P004,Mugwort Essence,Skin,4,10,32,0.0,Sephora,London,Combination
YUL-18924,2024-05-25,P002,Fermented Rice Serum,Skin,1,15,45,0.1,Flagship Store,London,Dry
YUL-18925,2025-07-02,P004,Mugwort Essence,Skin,3,10,32,0.0,Flagship Store,London,Oily
YUL-18926,2025-07-28,P003,Scalp Soothing Oil,Hair,1,8,28,0.0,Olive Young,Tokyo,Combination
YUL-18927,2025-01-07,P004,Mugwort Essence,Skin,4,10,32,0.1,Online,London,Sensitive
YUL-18928,2025-05-23,P002,Fermented Rice Serum,Skin,4,15,45,0.2,Olive Young,NYC,Sensitive
YUL-18929,2024-11-16,P005,Ceramide Barrier Cream,Skin,1,14,42,0.2,Sephora,Seoul,Sensitive
YUL-18930,2025-07-10,P004,Mugwort Essence,Skin,4,10,32,0.0,Online,London,Sensitive
YUL-18931,2025-07-26,P001,Deep Sea Hair Mask,Hair,1,12,38,0.0,Olive Young,NYC,Oily
YUL-18932,2025-05-08,P005,Ceramide Barrier Cream,Skin,1,14,42,0.1,Sephora,NYC,Sensitive
YUL-18933,2024-10-02,P004,Mugwort Essence,Skin,1,10,32,0.0,Online,NYC,Sensitive
YUL-18934,2025-10-03,P004,Mugwort Essence,Skin,4,10,32,0.1,Flagship Store,Seoul,Sensitive
YUL-18935,2024-12-30,P005,Ceramide Barrier Cream,Skin,3,14,42,0.2,Sephora,Tokyo,Sensitive
YUL-18936,2024-09-02,P004,Mugwort Essence,Skin,4,10,32,0.0,Sephora,London,Oily
YUL-18937,2025-04-06,P003,Scalp Soothing Oil,Hair,2,8,28,0.25,Flagship Store,NYC,Oily
YUL-18938,2025-09-25,P003,Scalp Soothing Oil,Hair,4,8,28,0.2,Online,London,Sensitive
YUL-18939,2025-10-06,P004,Mugwort Essence,Skin,1,10,32,0.0,Flagship Store,Seoul,Combination
YUL-18940,2025-07-07,P002,Fermented Rice Serum,Skin,3,15,45,0.0,Online,Seoul,Sensitive
YUL-18941,2025-04-01,P004,Mugwort Essence,Skin,4,10,32,0.0,Online,London,Dry
YUL-18942,2025-06-22,P005,Ceramide Barrier Cream,Skin,3,14,42,0.0,Flagship Store,Tokyo,Dry
YUL-18943,2024-02-16,P001,Deep Sea Hair Mask,Hair,2,12,38,0.1,Flagship Store,Tokyo,Oily
YUL-18944,2024-05-28,P004,Mugwort Essence,Skin,2,10,32,0.2,Flagship Store,London,Sensitive
YUL-18945,2024-12-01,P002,Fermented Rice Serum,Skin,4,15,45,0.0,Olive Young,Tokyo,Dry
YUL-18946,2024-02-09,P003,Scalp Soothing Oil,Hair,2,8,28,0.2,Online,Seoul,Dry
YUL-18947,2025-03-13,P005,Ceramide Barrier Cream,Skin,4,14,42,0.0,Olive Young,London,Combination
YUL-18948,2025-04-15,P002,Fermented Rice Serum,Skin,2,15,45,0.0,Olive Young,NYC,Combination
YUL-18949,2025-02-24,P003,Scalp Soothing Oil,Hair,4,8,28,0.2,Sephora,Tokyo,Sensitive
YUL-18950,2025-01-25,P002,Fermented Rice Serum,Skin,2,15,45,0.1,Olive Young,NYC,Dry
YUL-18951,2025-10-23,P005,Ceramide Barrier Cream,Skin,1,14,42,0.2,Olive Young,London,Combination
YUL-18952,2024-01-07,P005,Ceramide Barrier Cream,Skin,2,14,42,0.0,Olive Young,London,Sensitive
YUL-18953,2025-06-17,P003,Scalp Soothing Oil,Hair,3,8,28,0.0,Olive Young,Seoul,Oily
YUL-18954,2025-06-05,P002,Fermented Rice Serum,Skin,2,15,45,0.0,Sephora,London,Combination
YUL-18955,2025-12-08,P003,Scalp Soothing Oil,Hair,2,8,28,0.0,Online,London,Oily
YUL-18956,2025-10-27,P005,Ceramide Barrier Cream,Skin,1,14,42,0.2,Olive Young,Tokyo,Oily
YUL-18957,2025-04-29,P003,Scalp Soothing Oil,Hair,4,8,28,0.25,Online,NYC,Dry
YUL-18958,2025-05-06,P001,Deep Sea Hair Mask,Hair,2,12,38,0.0,Sephora,Tokyo,Dry
YUL-18959,2025-06-22,P004,Mugwort Essence,Skin,4,10,32,0.0,Flagship Store,NYC,Sensitive
YUL-18960,2025-03-28,P003,Scalp Soothing Oil,Hair,2,8,28,0.2,Sephora,Seoul,Combination
YUL-18961,2025-05-24,P005,Ceramide Barrier Cream,Skin,1,14,42,0.0,Flagship Store,Seoul,Dry
YUL-18962,2025-02-11,P003,Scalp Soothing Oil,Hair,1,8,28,0.0,Flagship Store,NYC,Oily
YUL-18963,2025-03-16,P002,Fermented Rice Serum,Skin,1,15,45,0.1,Online,Seoul,Combination
YUL-18964,2024-02-04,P002,Fermented Rice Serum,Skin,4,15,45,0.2,Sephora,Seoul,Oily
YUL-18965,2025-06-04,P004,Mugwort Essence,Skin,4,10,32,0.0,Sephora,London,Oily
YUL-18966,2025-10-06,P005,Ceramide Barrier Cream,Skin,4,14,42,0.0,Flagship Store,Seoul,Oily
YUL-18967,2025-11-15,P002,Fermented Rice Serum,Skin,3,15,45,0.0,Flagship Store,Tokyo,Oily
YUL-18968,2024-11-09,P001,Deep Sea Hair Mask,Hair,2,12,38,0.2,Flagship Store,Seoul,Sensitive
YUL-18969,2025-04-03,P003,Scalp Soothing Oil,Hair,1,8,28,0.25,Sephora,NYC,Dry
YUL-18970,2024-11-13,P001,Deep Sea Hair Mask,Hair,2,12,38,0.0,Sephora,London,Combination
YUL-18971,2025-02-17,P003,Scalp Soothing Oil,Hair,2,8,28,0.0,Olive Young,Tokyo,Oily
YUL-18972,2025-07-04,P004,Mugwort Essence,Skin,4,10,32,0.0,Sephora,Seoul,Combination
YUL-18973,2025-01-30,P004,Mugwort Essence,Skin,2,10,32,0.2,Sephora,London,Sensitive
YUL-18974,2024-04-29,P003,Scalp Soothing Oil,Hair,2,8,28,0.0,Olive Young,Tokyo,Dry
YUL-18975,2024-12-31,P004,Mugwort Essence,Skin,4,10,32,0.0,Sephora,Tokyo,Sensitive
YUL-18976,2025-01-03,P002,Fermented Rice Serum,Skin,2,15,45,0.1,Flagship Store,London,Sensitive
YUL-18977,2025-08-14,P002,Fermented Rice Serum,Skin,2,15,45,0.1,Flagship Store,London,Sensitive
YUL-18978,2025-12-10,P001,Deep Sea Hair Mask,Hair,4,12,38,0.1,Sephora,Tokyo,Dry
YUL-18979,2025-07-07,P004,Mugwort Essence,Skin,4,10,32,0.0,Flagship Store,London,Combination
YUL-18980,2024-03-03,P003,Scalp Soothing Oil,Hair,4,8,28,0.0,Olive Young,NYC,Dry
YUL-18981,2024-05-27,P003,Scalp Soothing Oil,Hair,1,8,28,0.0,Olive Young,NYC,Sensitive
YUL-18982,2025-06-30,P002,Fermented Rice Serum,Skin,3,15,45,0.0,Sephora,Seoul,Dry
YUL-18983,2025-03-23,P003,Scalp Soothing Oil,Hair,3,8,28,0.2,Online,London,Oily
YUL-18984,2025-07-27,P004,Mugwort Essence,Skin,3,10,32,0.0,Online,Tokyo,Dry
YUL-18985,2025-04-12,P005,Ceramide Barrier Cream,Skin,2,14,42,0.0,Flagship Store,Tokyo,Sensitive
YUL-18986,2025-05-01,P005,Ceramide Barrier Cream,Skin,3,14,42,0.2,Sephora,Tokyo,Sensitive
YUL-18987,2024-05-07,P004,Mugwort Essence,Skin,4,10,32,0.0,Sephora,Tokyo,Oily
YUL-18988,2024-01-07,P002,Fermented Rice Serum,Skin,3,15,45,0.25,Online,NYC,Dry
YUL-18989,2025-11-25,P002,Fermented Rice Serum,Skin,3,15,45,0.0,Flagship Store,Seoul,Oily
YUL-18990,2025-11-28,P003,Scalp Soothing Oil,Hair,4,8,28,0.2,Sephora,London,Dry
YUL-18991,2025-09-28,P005,Ceramide Barrier Cream,Skin,3,14,42,0.0,Olive Young,Tokyo,Combination
YUL-18992,2025-03-07,P002,Fermented Rice Serum,Skin,4,15,45,0.0,Online,Tokyo,Oily
YUL-18993,2024-04-23,P004,Mugwort Essence,Skin,1,10,32,0.2,Online,NYC,Dry
YUL-18994,2024-01-08,P004,Mugwort Essence,Skin,3,10,32,0.1,Olive Young,NYC,Oily
YUL-18995,2025-10-28,P004,Mugwort Essence,Skin,4,10,32,0.25,Olive Young,Tokyo,Dry
YUL-18996,2024-03-27,P004,Mugwort Essence,Skin,4,10,32,0.0,Flagship Store,Tokyo,Sensitive
YUL-18997,2024-07-24,P001,Deep Sea Hair Mask,Hair,2,12,38,0.0,Online,Tokyo,Sensitive
YUL-18998,2025-05-12,P005,Ceramide Barrier Cream,Skin,4,14,42,0.2,Online,Seoul,Oily
YUL-18999,2025-10-03,P005,Ceramide Barrier Cream,Skin,3,14,42,0.2,Olive Young,NYC,Sensitive
YUL-19000,2025-12-27,P001,Deep Sea Hair Mask,Hair,3,12,38,0.0,Sephora,NYC,Sensitive
YUL-19001,2025-12-11,P002,Fermented Rice Serum,Skin,3,15,45,0.0,Flagship Store,London,Combination
YUL-19002,2024-12-03,P005,Ceramide Barrier Cream,Skin,1,14,42,0.0,Sephora,London,Oily
YUL-19003,2025-11-20,P003,Scalp Soothing Oil,Hair,4,8,28,0.0,Online,NYC,Dry
YUL-19004,2024-04-19,P005,Ceramide Barrier Cream,Skin,3,14,42,0.25,Olive Young,Tokyo,Combination
YUL-19005,2025-07-19,P002,Fermented Rice Serum,Skin,1,15,45,0.0,Online,Seoul,Sensitive
YUL-19006,2024-02-20,P002,Fermented Rice Serum,Skin,4,15,45,0.0,Online,NYC,Dry
YUL-19007,2024-09-27,P001,Deep Sea Hair Mask,Hair,3,12,38,0.0,Flagship Store,Tokyo,Oily
YUL-19008,2025-09-27,P005,Ceramide Barrier Cream,Skin,3,14,42,0.2,Sephora,London,Dry
YUL-19009,2025-10-04,P003,Scalp Soothing Oil,Hair,4,8,28,0.0,Online,London,Dry
YUL-19010,2024-10-22,P004,Mugwort Essence,Skin,3,10,32,0.1,Flagship Store,Tokyo,Oily
YUL-19011,2025-02-03,P005,Ceramide Barrier Cream,Skin,2,14,42,0.1,Flagship Store,NYC,Oily
YUL-19012,2024-06-11,P005,Ceramide Barrier Cream,Skin,4,14,42,0.1,Sephora,Seoul,Combination
YUL-19013,2024-06-20,P003,Scalp Soothing Oil,Hair,2,8,28,0.2,Online,London,Oily
YUL-19014,2025-09-07,P005,Ceramide Barrier Cream,Skin,1,14,42,0.25,Sephora,Tokyo,Dry
YUL-19015,2024-08-28,P005,Ceramide Barrier Cream,Skin,4,14,42,0.0,Online,Seoul,Sensitive
YUL-19016,2024-08-18,P003,Scalp Soothing Oil,Hair,1,8,28,0.0,Olive Young,NYC,Dry
YUL-19017,2025-03-16,P001,Deep Sea Hair Mask,Hair,4,12,38,0.0,Flagship Store,Seoul,Oily
YUL-19018,2025-07-04,P002,Fermented Rice Serum,Skin,3,15,45,0.0,Flagship Store,NYC,Sensitive
YUL-19019,2025-07-21,P005,Ceramide Barrier Cream,Skin,2,14,42,0.0,Online,NYC,Combination
YUL-19020,2025-04-24,P001,Deep Sea Hair Mask,Hair,3,12,38,0.2,Sephora,NYC,Oily
YUL-19021,2024-02-05,P003,Scalp Soothing Oil,Hair,4,8,28,0.2,Online,Tokyo,Dry
YUL-19022,2024-09-15,P001,Deep Sea Hair Mask,Hair,3,12,38,0.0,Olive Young,Tokyo,Oily
YUL-19023,2024-06-11,P005,Ceramide Barrier Cream,Skin,4,14,42,0.2,Olive Young,Tokyo,Dry
YUL-19024,2024-12-14,P005,Ceramide Barrier Cream,Skin,3,14,42,0.1,Online,Tokyo,Oily
YUL-19025,2025-12-02,P003,Scalp Soothing Oil,Hair,4,8,28,0.0,Olive Young,Tokyo,Dry
YUL-19026,2025-09-12,P005,Ceramide Barrier Cream,Skin,2,14,42,0.2,Online,London,Dry
YUL-19027,2025-01-05,P003,Scalp Soothing Oil,Hair,2,8,28,0.0,Online,London,Combination
YUL-19028,2024-09-16,P004,Mugwort Essence,Skin,2,10,32,0.25,Flagship Store,Seoul,Dry
YUL-19029,2025-11-19,P005,Ceramide Barrier Cream,Skin,1,14,42,0.0,Online,Tokyo,Sensitive
YUL-19030,2024-11-30,P001,Deep Sea Hair Mask,Hair,2,12,38,0.25,Online,Seoul,Dry
YUL-19031,2024-08-24,P003,Scalp Soothing Oil,Hair,4,8,28,0.2,Olive Young,Seoul,Dry
YUL-19032,2025-06-11,P004,Mugwort Essence,Skin,3,10,32,0.1,Sephora,NYC,Dry
YUL-19033,2025-03-13,P004,Mugwort Essence,Skin,4,10,32,0.0,Olive Young,NYC,Sensitive
YUL-19034,2025-04-24,P003,Scalp Soothing Oil,Hair,3,8,28,0.0,Olive Young,London,Dry
YUL-19035,2025-12-09,P002,Fermented Rice Serum,Skin,3,15,45,0.25,Online,Seoul,Sensitive
YUL-19036,2024-10-27,P005,Ceramide Barrier Cream,Skin,3,14,42,0.0,Olive Young,London,Dry
YUL-19037,2024-08-20,P004,Mugwort Essence,Skin,4,10,32,0.1,Olive Young,London,Oily
YUL-19038,2024-08-29,P005,Ceramide Barrier Cream,Skin,3,14,42,0.25,Olive Young,Seoul,Dry
YUL-19039,2025-09-29,P003,Scalp Soothing Oil,Hair,2,8,28,0.0,Sephora,Seoul,Sensitive
YUL-19040,2024-02-23,P003,Scalp Soothing Oil,Hair,2,8,28,0.25,Flagship Store,NYC,Oily
YUL-19041,2024-10-13,P002,Fermented Rice Serum,Skin,1,15,45,0.0,Flagship Store,Tokyo,Combination
YUL-19042,2025-03-04,P002,Fermented Rice Serum,Skin,2,15,45,0.0,Olive Young,Seoul,Sensitive
YUL-19043,2024-06-01,P003,Scalp Soothing Oil,Hair,4,8,28,0.1,Flagship Store,Tokyo,Oily
YUL-19044,2024-11-18,P001,Deep Sea Hair Mask,Hair,1,12,38,0.0,Olive Young,London,Oily
YUL-19045,2025-11-14,P002,Fermented Rice Serum,Skin,1,15,45,0.25,Flagship Store,Seoul,Sensitive
YUL-19046,2024-08-23,P004,Mugwort Essence,Skin,3,10,32,0.0,Flagship Store,Seoul,Dry
YUL-19047,2025-09-03,P003,Scalp Soothing Oil,Hair,2,8,28,0.0,Sephora,Seoul,Oily
YUL-19048,2025-08-23,P005,Ceramide Barrier Cream,Skin,1,14,42,0.1,Olive Young,NYC,Sensitive
YUL-19049,2025-09-01,P005,Ceramide Barrier Cream,Skin,3,14,42,0.1,Sephora,NYC,Dry
YUL-19050,2024-11-21,P005,Ceramide Barrier Cream,Skin,1,14,42,0.0,Flagship Store,Tokyo,Sensitive
YUL-19051,2024-11-22,P004,Mugwort Essence,Skin,4,10,32,0.25,Olive Young,London,Sensitive
YUL-19052,2024-06-10,P005,Ceramide Barrier Cream,Skin,3,14,42,0.0,Online,London,Oily
YUL-19053,2024-12-16,P005,Ceramide Barrier Cream,Skin,1,14,42,0.0,Olive Young,NYC,Dry
YUL-19054,2025-07-13,P001,Deep Sea Hair Mask,Hair,3,12,38,0.0,Olive Young,Seoul,Dry
YUL-19055,2024-02-29,P002,Fermented Rice Serum,Skin,2,15,45,0.25,Flagship Store,Seoul,Sensitive
YUL-19056,2024-10-10,P003,Scalp Soothing Oil,Hair,1,8,28,0.2,Olive Young,Tokyo,Combination
YUL-19057,2025-01-20,P001,Deep Sea Hair Mask,Hair,2,12,38,0.2,Olive Young,NYC,Combination
YUL-19058,2025-04-04,P003,Scalp Soothing Oil,Hair,3,8,28,0.2,Olive Young,NYC,Oily
YUL-19059,2024-03-03,P003,Scalp Soothing Oil,Hair,2,8,28,0.0,Sephora,Tokyo,Sensitive
YUL-19060,2025-05-22,P003,Scalp Soothing Oil,Hair,4,8,28,0.0,Olive Young,Seoul,Combination
YUL-19061,2025-06-23,P005,Ceramide Barrier Cream,Skin,4,14,42,0.0,Flagship Store,Tokyo,Combination
YUL-19062,2024-05-21,P004,Mugwort Essence,Skin,4,10,32,0.1,Flagship Store,London,Dry
YUL-19063,2024-09-12,P002,Fermented Rice Serum,Skin,2,15,45,0.25,Flagship Store,Seoul,Dry
YUL-19064,2025-04-29,P005,Ceramide Barrier Cream,Skin,3,14,42,0.25,Olive Young,London,Oily
YUL-19065,2025-04-12,P005,Ceramide Barrier Cream,Skin,2,14,42,0.0,Olive Young,NYC,Oily
YUL-19066,2025-11-28,P002,Fermented Rice Serum,Skin,1,15,45,0.25,Flagship Store,London,Sensitive
YUL-19067,2024-11-13,P003,Scalp Soothing Oil,Hair,4,8,28,0.0,Olive Young,Tokyo,Dry
YUL-19068,2024-08-17,P001,Deep Sea Hair Mask,Hair,3,12,38,0.1,Sephora,NYC,Sensitive
YUL-19069,2024-10-12,P004,Mugwort Essence,Skin,4,10,32,0.0,Sephora,NYC,Oily
YUL-19070,2025-07-17,P003,Scalp Soothing Oil,Hair,3,8,28,0.0,Sephora,Tokyo,Combination
YUL-19071,2024-04-07,P004,Mugwort Essence,Skin,3,10,32,0.0,Online,Seoul,Dry
YUL-19072,2024-08-18,P001,Deep Sea Hair Mask,Hair,1,12,38,0.1,Olive Young,Seoul,Dry
YUL-19073,2024-10-19,P003,Scalp Soothing Oil,Hair,3,8,28,0.25,Olive Young,Seoul,Sensitive
YUL-19074,2025-03-29,P002,Fermented Rice Serum,Skin,2,15,45,0.0,Flagship Store,Tokyo,Dry
YUL-19075,2025-11-13,P003,Scalp Soothing Oil,Hair,1,8,28,0.0,Sephora,Tokyo,Sensitive
YUL-19076,2024-01-21,P001,Deep Sea Hair Mask,Hair,3,12,38,0.0,Flagship Store,London,Combination
YUL-19077,2024-09-11,P004,Mugwort Essence,Skin,2,10,32,0.0,Flagship Store,London,Sensitive
YUL-19078,2025-04-04,P001,Deep Sea Hair Mask,Hair,2,12,38,0.2,Online,Seoul,Sensitive
YUL-19079,2025-10-20,P003,Scalp Soothing Oil,Hair,2,8,28,0.25,Sephora,London,Oily
YUL-19080,2024-02-22,P003,Scalp Soothing Oil,Hair,2,8,28,0.0,Olive Young,London,Sensitive
YUL-19081,2024-02-14,P002,Fermented Rice Serum,Skin,1,15,45,0.0,Online,Seoul,Dry
YUL-19082,2024-01-04,P002,Fermented Rice Serum,Skin,2,15,45,0.0,Sephora,London,Dry
YUL-19083,2025-02-10,P003,Scalp Soothing Oil,Hair,3,8,28,0.1,Online,Seoul,Sensitive
YUL-19084,2024-10-28,P003,Scalp Soothing Oil,Hair,2,8,28,0.1,Online,Seoul,Sensitive
YUL-19085,2025-12-19,P001,Deep Sea Hair Mask,Hair,4,12,38,0.25,Olive Young,Tokyo,Oily
YUL-19086,2024-01-04,P005,Ceramide Barrier Cream,Skin,4,14,42,0.0,Online,NYC,Combination
YUL-19087,2024-06-30,P005,Ceramide Barrier Cream,Skin,2,14,42,0.0,Olive Young,Tokyo,Combination
YUL-19088,2025-07-07,P004,Mugwort Essence,Skin,3,10,32,0.1,Online,London,Dry
YUL-19089,2024-06-12,P004,Mugwort Essence,Skin,1,10,32,0.0,Online,Tokyo,Sensitive
YUL-19090,2024-05-29,P004,Mugwort Essence,Skin,2,10,32,0.0,Olive Young,Tokyo,Combination
YUL-19091,2024-01-05,P004,Mugwort Essence,Skin,2,10,32,0.25,Sephora,Tokyo,Sensitive
YUL-19092,2025-11-09,P001,Deep Sea Hair Mask,Hair,4,12,38,0.0,Olive Young,London,Combination
YUL-19093,2025-09-18,P004,Mugwort Essence,Skin,3,10,32,0.0,Online,London,Combination
YUL-19094,2025-09-28,P004,Mugwort Essence,Skin,1,10,32,0.2,Flagship Store,Tokyo,Sensitive
YUL-19095,2024-09-07,P005,Ceramide Barrier Cream,Skin,2,14,42,0.0,Online,Tokyo,Oily
YUL-19096,2025-02-21,P001,Deep Sea Hair Mask,Hair,3,12,38,0.25,Sephora,London,Sensitive
YUL-19097,2025-08-13,P002,Fermented Rice Serum,Skin,1,15,45,0.1,Sephora,Seoul,Combination
YUL-19098,2025-05-23,P003,Scalp Soothing Oil,Hair,4,8,28,0.25,Flagship Store,Seoul,Combination
YUL-19099,2024-12-07,P003,Scalp Soothing Oil,Hair,1,8,28,0.0,Sephora,NYC,Oily
YUL-19100,2024-05-31,P005,Ceramide Barrier Cream,Skin,2,14,42,0.1,Online,Tokyo,Oily
YUL-19101,2024-04-05,P003,Scalp Soothing Oil,Hair,2,8,28,0.1,Sephora,NYC,Combination
YUL-19102,2025-09-04,P003,Scalp Soothing Oil,Hair,2,8,28,0.1,Online,London,Oily
YUL-19103,2024-06-25,P001,Deep Sea Hair Mask,Hair,1,12,38,0.0,Sephora,Seoul,Oily
YUL-19104,2025-04-04,P005,Ceramide Barrier Cream,Skin,3,14,42,0.0,Olive Young,Seoul,Sensitive
YUL-19105,2025-01-06,P003,Scalp Soothing Oil,Hair,1,8,28,0.0,Olive Young,NYC,Oily
YUL-19106,2024-04-16,P004,Mugwort Essence,Skin,3,10,32,0.0,Olive Young,Tokyo,Combination
YUL-19107,2025-03-16,P003,Scalp Soothing Oil,Hair,4,8,28,0.0,Flagship Store,London,Oily
YUL-19108,2024-12-24,P004,Mugwort Essence,Skin,1,10,32,0.1,Flagship Store,Seoul,Dry
YUL-19109,2025-12-11,P003,Scalp Soothing Oil,Hair,1,8,28,0.25,Sephora,Tokyo,Dry
YUL-19110,2024-12-06,P005,Ceramide Barrier Cream,Skin,2,14,42,0.1,Flagship Store,NYC,Dry
YUL-19111,2025-05-29,P003,Scalp Soothing Oil,Hair,3,8,28,0.2,Olive Young,Tokyo,Oily
YUL-19112,2024-07-12,P003,Scalp Soothing Oil,Hair,4,8,28,0.2,Online,NYC,Sensitive
YUL-19113,2025-06-16,P002,Fermented Rice Serum,Skin,3,15,45,0.25,Olive Young,NYC,Sensitive
YUL-19114,2024-04-16,P001,Deep Sea Hair Mask,Hair,4,12,38,0.0,Online,NYC,Oily
YUL-19115,2025-12-05,P004,Mugwort Essence,Skin,4,10,32,0.2,Sephora,Tokyo,Dry
YUL-19116,2025-02-12,P004,Mugwort Essence,Skin,4,10,32,0.1,Sephora,NYC,Sensitive
YUL-19117,2024-03-13,P004,Mugwort Essence,Skin,1,10,32,0.0,Olive Young,NYC,Combination
YUL-19118,2025-04-26,P001,Deep Sea Hair Mask,Hair,2,12,38,0.2,Online,Tokyo,Oily
YUL-19119,2024-03-09,P001,Deep Sea Hair Mask,Hair,4,12,38,0.0,Sephora,Tokyo,Oily
YUL-19120,2025-07-05,P002,Fermented Rice Serum,Skin,1,15,45,0.2,Flagship Store,NYC,Oily
YUL-19121,2024-04-29,P005,Ceramide Barrier Cream,Skin,4,14,42,0.25,Sephora,Seoul,Combination
YUL-19122,2024-09-18,P001,Deep Sea Hair Mask,Hair,3,12,38,0.1,Online,Tokyo,Dry
YUL-19123,2024-02-25,P002,Fermented Rice Serum,Skin,1,15,45,0.1,Sephora,London,Oily
YUL-19124,2025-03-09,P004,Mugwort Essence,Skin,4,10,32,0.2,Online,London,Sensitive
YUL-19125,2025-06-02,P003,Scalp Soothing Oil,Hair,2,8,28,0.0,Olive Young,Seoul,Oily
YUL-19126,2024-07-11,P001,Deep Sea Hair Mask,Hair,2,12,38,0.0,Flagship Store,London,Oily
YUL-19127,2025-12-01,P004,Mugwort Essence,Skin,2,10,32,0.0,Sephora,Tokyo,Dry
YUL-19128,2025-07-01,P005,Ceramide Barrier Cream,Skin,4,14,42,0.0,Flagship Store,NYC,Oily
YUL-19129,2025-06-29,P004,Mugwort Essence,Skin,3,10,32,0.0,Olive Young,NYC,Sensitive
YUL-19130,2024-06-03,P004,Mugwort Essence,Skin,4,10,32,0.0,Flagship Store,London,Dry
YUL-19131,2024-12-08,P004,Mugwort Essence,Skin,3,10,32,0.25,Flagship Store,London,Dry
YUL-19132,2024-04-24,P005,Ceramide Barrier Cream,Skin,3,14,42,0.0,Online,Seoul,Dry
YUL-19133,2025-04-14,P001,Deep Sea Hair Mask,Hair,1,12,38,0.1,Flagship Store,Seoul,Oily
YUL-19134,2024-04-27,P003,Scalp Soothing Oil,Hair,3,8,28,0.2,Sephora,NYC,Dry
YUL-19135,2025-08-15,P001,Deep Sea Hair Mask,Hair,2,12,38,0.0,Olive Young,NYC,Combination
YUL-19136,2024-11-14,P004,Mugwort Essence,Skin,2,10,32,0.0,Online,London,Sensitive
YUL-19137,2025-11-15,P002,Fermented Rice Serum,Skin,2,15,45,0.25,Olive Young,London,Sensitive
YUL-19138,2024-05-21,P003,Scalp Soothing Oil,Hair,1,8,28,0.0,Online,Seoul,Oily
YUL-19139,2024-02-27,P003,Scalp Soothing Oil,Hair,2,8,28,0.0,Olive Young,NYC,Sensitive
YUL-19140,2024-07-03,P003,Scalp Soothing Oil,Hair,2,8,28,0.2,Sephora,NYC,Combination
YUL-19141,2025-02-16,P003,Scalp Soothing Oil,Hair,3,8,28,0.0,Sephora,London,Combination
YUL-19142,2024-02-24,P001,Deep Sea Hair Mask,Hair,2,12,38,0.0,Flagship Store,NYC,Combination
YUL-19143,2024-08-18,P005,Ceramide Barrier Cream,Skin,1,14,42,0.0,Olive Young,London,Combination
YUL-19144,2024-03-02,P002,Fermented Rice Serum,Skin,3,15,45,0.25,Online,Tokyo,Oily
YUL-19145,2024-10-04,P005,Ceramide Barrier Cream,Skin,2,14,42,0.1,Sephora,NYC,Combination
YUL-19146,2024-01-15,P003,Scalp Soothing Oil,Hair,3,8,28,0.0,Online,London,Oily
YUL-19147,2024-08-15,P002,Fermented Rice Serum,Skin,1,15,45,0.0,Sephora,Tokyo,Combination
YUL-19148,2024-09-02,P002,Fermented Rice Serum,Skin,4,15,45,0.0,Flagship Store,NYC,Combination
YUL-19149,2024-05-26,P005,Ceramide Barrier Cream,Skin,4,14,42,0.0,Flagship Store,Seoul,Sensitive
YUL-19150,2024-09-10,P003,Scalp Soothing Oil,Hair,4,8,28,0.0,Online,London,Dry
YUL-19151,2025-06-28,P004,Mugwort Essence,Skin,3,10,32,0.2,Olive Young,Tokyo,Combination
YUL-19152,2025-04-10,P004,Mugwort Essence,Skin,2,10,32,0.25,Olive Young,NYC,Sensitive
YUL-19153,2024-07-30,P001,Deep Sea Hair Mask,Hair,3,12,38,0.2,Sephora,Tokyo,Sensitive
YUL-19154,2024-12-21,P003,Scalp Soothing Oil,Hair,3,8,28,0.1,Flagship Store,NYC,Oily
YUL-19155,2024-06-13,P003,Scalp Soothing Oil,Hair,2,8,28,0.2,Online,London,Oily
YUL-19156,2025-05-03,P002,Fermented Rice Serum,Skin,1,15,45,0.0,Flagship Store,Tokyo,Combination
YUL-19157,2025-06-03,P002,Fermented Rice Serum,Skin,1,15,45,0.1,Online,Seoul,Oily
YUL-19158,2024-01-01,P001,Deep Sea Hair Mask,Hair,3,12,38,0.0,Olive Young,London,Oily
YUL-19159,2024-06-11,P003,Scalp Soothing Oil,Hair,1,8,28,0.1,Olive Young,London,Dry
YUL-19160,2024-10-16,P003,Scalp Soothing Oil,Hair,1,8,28,0.0,Flagship Store,Tokyo,Oily
YUL-19161,2025-08-24,P002,Fermented Rice Serum,Skin,2,15,45,0.0,Online,Tokyo,Dry
YUL-19162,2025-06-11,P002,Fermented Rice Serum,Skin,4,15,45,0.0,Olive Young,Seoul,Sensitive
YUL-19163,2024-02-22,P001,Deep Sea Hair Mask,Hair,2,12,38,0.0,Sephora,Tokyo,Sensitive
YUL-19164,2025-07-07,P001,Deep Sea Hair Mask,Hair,3,12,38,0.0,Olive Young,Seoul,Combination
YUL-19165,2025-08-21,P001,Deep Sea Hair Mask,Hair,1,12,38,0.25,Sephora,NYC,Combination
YUL-19166,2024-12-09,P001,Deep Sea Hair Mask,Hair,4,12,38,0.0,Olive Young,Tokyo,Oily
YUL-19167,2024-07-15,P003,Scalp Soothing Oil,Hair,4,8,28,0.2,Online,Seoul,Sensitive
YUL-19168,2024-04-02,P003,Scalp Soothing Oil,Hair,4,8,28,0.1,Olive Young,Tokyo,Sensitive
YUL-19169,2025-11-17,P002,Fermented Rice Serum,Skin,3,15,45,0.2,Flagship Store,London,Combination
YUL-19170,2024-09-12,P003,Scalp Soothing Oil,Hair,4,8,28,0.0,Sephora,Seoul,Combination
YUL-19171,2024-11-02,P003,Scalp Soothing Oil,Hair,1,8,28,0.0,Flagship Store,Seoul,Combination
YUL-19172,2024-11-10,P002,Fermented Rice Serum,Skin,3,15,45,0.0,Online,Seoul,Dry
YUL-19173,2025-11-12,P005,Ceramide Barrier Cream,Skin,2,14,42,0.2,Sephora,NYC,Dry
YUL-19174,2025-10-11,P005,Ceramide Barrier Cream,Skin,2,14,42,0.0,Flagship Store,London,Oily
YUL-19175,2024-04-08,P005,Ceramide Barrier Cream,Skin,4,14,42,0.25,Olive Young,London,Dry
YUL-19176,2025-10-08,P004,Mugwort Essence,Skin,1,10,32,0.0,Flagship Store,NYC,Sensitive
YUL-19177,2024-02-05,P002,Fermented Rice Serum,Skin,1,15,45,0.2,Online,Tokyo,Sensitive
YUL-19178,2024-08-08,P005,Ceramide Barrier Cream,Skin,2,14,42,0.25,Online,Tokyo,Dry
YUL-19179,2024-03-08,P001,Deep Sea Hair Mask,Hair,1,12,38,0.0,Olive Young,NYC,Sensitive
YUL-19180,2024-02-29,P004,Mugwort Essence,Skin,4,10,32,0.1,Olive Young,Tokyo,Combination
YUL-19181,2024-04-21,P001,Deep Sea Hair Mask,Hair,1,12,38,0.2,Flagship Store,Seoul,Oily
YUL-19182,2024-04-01,P002,Fermented Rice Serum,Skin,1,15,45,0.2,Flagship Store,London,Oily
YUL-19183,2025-02-20,P001,Deep Sea Hair Mask,Hair,2,12,38,0.2,Olive Young,Tokyo,Combination
YUL-19184,2025-06-14,P001,Deep Sea Hair Mask,Hair,1,12,38,0.25,Sephora,London,Oily
YUL-19185,2024-09-29,P004,Mugwort Essence,Skin,1,10,32,0.25,Flagship Store,Seoul,Dry
YUL-19186,2025-12-18,P004,Mugwort Essence,Skin,3,10,32,0.0,Olive Young,Tokyo,Dry
YUL-19187,2025-09-29,P002,Fermented Rice Serum,Skin,4,15,45,0.1,Flagship Store,NYC,Oily
YUL-19188,2025-05-03,P003,Scalp Soothing Oil,Hair,2,8,28,0.2,Olive Young,Seoul,Combination
YUL-19189,2024-07-17,P002,Fermented Rice Serum,Skin,3,15,45,0.0,Olive Young,Seoul,Sensitive
YUL-19190,2024-07-04,P005,Ceramide Barrier Cream,Skin,4,14,42,0.0,Sephora,NYC,Combination
YUL-19191,2025-01-02,P004,Mugwort Essence,Skin,2,10,32,0.2,Sephora,London,Sensitive
YUL-19192,2024-01-07,P003,Scalp Soothing Oil,Hair,1,8,28,0.25,Sephora,London,Combination
YUL-19193,2024-09-07,P005,Ceramide Barrier Cream,Skin,1,14,42,0.2,Olive Young,London,Dry
YUL-19194,2025-04-27,P001,Deep Sea Hair Mask,Hair,1,12,38,0.0,Sephora,Tokyo,Oily
YUL-19195,2024-06-28,P003,Scalp Soothing Oil,Hair,4,8,28,0.1,Olive Young,NYC,Oily
YUL-19196,2024-07-04,P001,Deep Sea Hair Mask,Hair,1,12,38,0.25,Flagship Store,NYC,Sensitive
YUL-19197,2025-07-10,P005,Ceramide Barrier Cream,Skin,1,14,42,0.2,Sephora,London,Sensitive
YUL-19198,2025-07-17,P004,Mugwort Essence,Skin,4,10,32,0.0,Online,NYC,Oily
YUL-19199,2024-08-12,P002,Fermented Rice Serum,Skin,1,15,45,0.0,Sephora,London,Sensitive
YUL-19200,2024-11-12,P001,Deep Sea Hair Mask,Hair,1,12,38,0.2,Flagship Store,Seoul,Oily
YUL-19201,2024-01-28,P005,Ceramide Barrier Cream,Skin,1,14,42,0.0,Flagship Store,NYC,Dry
YUL-19202,2024-02-06,P005,Ceramide Barrier Cream,Skin,4,14,42,0.0,Olive Young,NYC,Dry
YUL-19203,2024-02-20,P005,Ceramide Barrier Cream,Skin,2,14,42,0.25,Sephora,Tokyo,Oily
YUL-19204,2025-11-19,P002,Fermented Rice Serum,Skin,3,15,45,0.2,Sephora,Tokyo,Combination
YUL-19205,2024-03-14,P002,Fermented Rice Serum,Skin,2,15,45,0.0,Online,Seoul,Combination
YUL-19206,2024-12-27,P004,Mugwort Essence,Skin,4,10,32,0.25,Online,London,Oily
YUL-19207,2025-11-12,P004,Mugwort Essence,Skin,2,10,32,0.0,Flagship Store,London,Combination
YUL-19208,2025-06-13,P005,Ceramide Barrier Cream,Skin,1,14,42,0.0,Olive Young,Tokyo,Oily
YUL-19209,2025-11-25,P003,Scalp Soothing Oil,Hair,1,8,28,0.0,Online,Tokyo,Sensitive
YUL-19210,2024-05-08,P005,Ceramide Barrier Cream,Skin,4,14,42,0.0,Online,Seoul,Combination
YUL-19211,2024-09-26,P003,Scalp Soothing Oil,Hair,1,8,28,0.2,Online,London,Combination
YUL-19212,2025-12-21,P003,Scalp Soothing Oil,Hair,3,8,28,0.0,Olive Young,Seoul,Oily
YUL-19213,2025-12-31,P004,Mugwort Essence,Skin,3,10,32,0.0,Online,NYC,Dry
YUL-19214,2024-10-29,P002,Fermented Rice Serum,Skin,3,15,45,0.1,Flagship Store,London,Oily
YUL-19215,2024-09-09,P004,Mugwort Essence,Skin,4,10,32,0.0,Sephora,London,Oily
YUL-19216,2024-09-09,P003,Scalp Soothing Oil,Hair,3,8,28,0.25,Online,Seoul,Oily
YUL-19217,2025-10-09,P002,Fermented Rice Serum,Skin,4,15,45,0.1,Olive Young,Seoul,Sensitive
YUL-19218,2025-06-17,P001,Deep Sea Hair Mask,Hair,3,12,38,0.0,Sephora,Tokyo,Sensitive
YUL-19219,2024-11-05,P002,Fermented Rice Serum,Skin,4,15,45,0.0,Sephora,Seoul,Dry
YUL-19220,2024-01-01,P003,Scalp Soothing Oil,Hair,3,8,28,0.2,Online,NYC,Dry
YUL-19221,2024-01-18,P003,Scalp Soothing Oil,Hair,2,8,28,0.0,Sephora,Tokyo,Dry
YUL-19222,2025-12-30,P003,Scalp Soothing Oil,Hair,4,8,28,0.0,Olive Young,NYC,Combination
YUL-19223,2024-02-21,P003,Scalp Soothing Oil,Hair,3,8,28,0.0,Olive Young,Tokyo,Combination
YUL-19224,2024-03-10,P001,Deep Sea Hair Mask,Hair,4,12,38,0.0,Sephora,NYC,Oily
YUL-19225,2025-01-31,P005,Ceramide Barrier Cream,Skin,2,14,42,0.1,Sephora,Tokyo,Dry
YUL-19226,2024-09-03,P004,Mugwort Essence,Skin,3,10,32,0.1,Sephora,Seoul,Dry
YUL-19227,2025-02-01,P001,Deep Sea Hair Mask,Hair,1,12,38,0.0,Flagship Store,Seoul,Oily
YUL-19228,2025-09-25,P005,Ceramide Barrier Cream,Skin,1,14,42,0.0,Olive Young,Tokyo,Oily
YUL-19229,2024-11-03,P002,Fermented Rice Serum,Skin,3,15,45,0.0,Olive Young,Tokyo,Dry
YUL-19230,2025-02-02,P004,Mugwort Essence,Skin,2,10,32,0.0,Sephora,Tokyo,Sensitive
YUL-19231,2024-04-21,P001,Deep Sea Hair Mask,Hair,3,12,38,0.0,Olive Young,Seoul,Sensitive
YUL-19232,2024-08-27,P003,Scalp Soothing Oil,Hair,2,8,28,0.1,Flagship Store,Tokyo,Combination
YUL-19233,2025-11-10,P002,Fermented Rice Serum,Skin,2,15,45,0.0,Flagship Store,Seoul,Sensitive
YUL-19234,2025-07-03,P001,Deep Sea Hair Mask,Hair,4,12,38,0.2,Olive Young,Tokyo,Oily
YUL-19235,2024-04-18,P002,Fermented Rice Serum,Skin,1,15,45,0.0,Sephora,Seoul,Dry
YUL-19236,2025-02-07,P002,Fermented Rice Serum,Skin,1,15,45,0.0,Online,London,Oily
YUL-19237,2025-09-16,P002,Fermented Rice Serum,Skin,1,15,45,0.0,Flagship Store,NYC,Combination
YUL-19238,2025-06-22,P001,Deep Sea Hair Mask,Hair,1,12,38,0.1,Sephora,London,Sensitive
YUL-19239,2025-01-29,P001,Deep Sea Hair Mask,Hair,2,12,38,0.0,Sephora,London,Sensitive
YUL-19240,2024-09-17,P004,Mugwort Essence,Skin,2,10,32,0.0,Sephora,NYC,Oily
YUL-19241,2025-08-27,P004,Mugwort Essence,Skin,3,10,32,0.0,Online,Seoul,Dry
YUL-19242,2025-05-25,P002,Fermented Rice Serum,Skin,1,15,45,0.25,Sephora,NYC,Combination
YUL-19243,2024-05-23,P001,Deep Sea Hair Mask,Hair,1,12,38,0.0,Online,London,Combination
YUL-19244,2024-02-29,P003,Scalp Soothing Oil,Hair,4,8,28,0.25,Online,Tokyo,Oily
YUL-19245,2025-10-19,P004,Mugwort Essence,Skin,3,10,32,0.0,Olive Young,Tokyo,Dry
YUL-19246,2025-01-04,P005,Ceramide Barrier Cream,Skin,2,14,42,0.1,Sephora,Seoul,Combination
YUL-19247,2025-10-09,P002,Fermented Rice Serum,Skin,3,15,45,0.0,Online,Tokyo,Oily
YUL-19248,2024-07-18,P003,Scalp Soothing Oil,Hair,2,8,28,0.0,Olive Young,Seoul,Dry
YUL-19249,2025-07-04,P004,Mugwort Essence,Skin,4,10,32,0.0,Flagship Store,NYC,Dry
YUL-19250,2024-07-10,P004,Mugwort Essence,Skin,3,10,32,0.0,Olive Young,Tokyo,Sensitive
YUL-19251,2025-06-03,P001,Deep Sea Hair Mask,Hair,1,12,38,0.0,Olive Young,NYC,Oily
YUL-19252,2024-04-22,P002,Fermented Rice Serum,Skin,1,15,45,0.0,Sephora,Seoul,Dry
YUL-19253,2024-11-06,P005,Ceramide Barrier Cream,Skin,2,14,42,0.0,Online,Seoul,Dry
YUL-19254,2025-04-24,P003,Scalp Soothing Oil,Hair,4,8,28,0.2,Online,Tokyo,Dry
YUL-19255,2024-06-28,P004,Mugwort Essence,Skin,4,10,32,0.25,Olive Young,NYC,Combination
YUL-19256,2025-12-22,P001,Deep Sea Hair Mask,Hair,1,12,38,0.0,Flagship Store,London,Sensitive
YUL-19257,2025-07-05,P001,Deep Sea Hair Mask,Hair,2,12,38,0.25,Olive Young,Tokyo,Dry
YUL-19258,2025-09-08,P003,Scalp Soothing Oil,Hair,4,8,28,0.1,Online,Seoul,Combination
YUL-19259,2025-01-29,P004,Mugwort Essence,Skin,2,10,32,0.2,Olive Young,Tokyo,Oily
YUL-19260,2025-06-02,P001,Deep Sea Hair Mask,Hair,4,12,38,0.2,Sephora,London,Combination
YUL-19261,2024-01-14,P004,Mugwort Essence,Skin,4,10,32,0.0,Sephora,Seoul,Sensitive
YUL-19262,2025-12-19,P004,Mugwort Essence,Skin,4,10,32,0.1,Sephora,Tokyo,Combination
YUL-19263,2024-12-14,P004,Mugwort Essence,Skin,4,10,32,0.0,Online,NYC,Combination
YUL-19264,2024-09-08,P002,Fermented Rice Serum,Skin,1,15,45,0.1,Online,NYC,Combination
YUL-19265,2024-12-23,P003,Scalp Soothing Oil,Hair,1,8,28,0.1,Olive Young,Tokyo,Oily
YUL-19266,2024-02-08,P001,Deep Sea Hair Mask,Hair,4,12,38,0.0,Sephora,London,Sensitive
YUL-19267,2025-02-22,P001,Deep Sea Hair Mask,Hair,1,12,38,0.0,Online,Seoul,Sensitive
YUL-19268,2024-01-05,P002,Fermented Rice Serum,Skin,4,15,45,0.25,Olive Young,London,Combination
YUL-19269,2025-07-14,P001,Deep Sea Hair Mask,Hair,2,12,38,0.0,Sephora,Seoul,Dry
YUL-19270,2024-11-21,P004,Mugwort Essence,Skin,4,10,32,0.0,Online,London,Oily
YUL-19271,2025-09-20,P002,Fermented Rice Serum,Skin,3,15,45,0.1,Sephora,London,Oily
YUL-19272,2024-10-30,P001,Deep Sea Hair Mask,Hair,2,12,38,0.25,Sephora,Tokyo,Sensitive
YUL-19273,2024-11-18,P004,Mugwort Essence,Skin,4,10,32,0.25,Online,Seoul,Oily
YUL-19274,2025-05-25,P003,Scalp Soothing Oil,Hair,1,8,28,0.0,Flagship Store,NYC,Combination
YUL-19275,2025-02-09,P003,Scalp Soothing Oil,Hair,1,8,28,0.2,Flagship Store,NYC,Dry
YUL-19276,2025-03-29,P005,Ceramide Barrier Cream,Skin,4,14,42,0.0,Online,Seoul,Oily
YUL-19277,2025-07-09,P005,Ceramide Barrier Cream,Skin,2,14,42,0.0,Flagship Store,Seoul,Dry
YUL-19278,2025-11-02,P005,Ceramide Barrier Cream,Skin,3,14,42,0.2,Online,Seoul,Dry
YUL-19279,2025-03-01,P001,Deep Sea Hair Mask,Hair,3,12,38,0.2,Online,NYC,Combination
YUL-19280,2024-10-17,P004,Mugwort Essence,Skin,4,10,32,0.25,Flagship Store,NYC,Dry
YUL-19281,2024-05-11,P004,Mugwort Essence,Skin,3,10,32,0.1,Flagship Store,NYC,Sensitive
YUL-19282,2024-07-27,P005,Ceramide Barrier Cream,Skin,3,14,42,0.0,Flagship Store,Seoul,Combination
YUL-19283,2025-12-17,P005,Ceramide Barrier Cream,Skin,4,14,42,0.0,Sephora,Seoul,Dry
YUL-19284,2025-04-16,P001,Deep Sea Hair Mask,Hair,4,12,38,0.0,Sephora,Tokyo,Combination
YUL-19285,2024-10-11,P002,Fermented Rice Serum,Skin,3,15,45,0.2,Flagship Store,Seoul,Dry
YUL-19286,2025-04-29,P003,Scalp Soothing Oil,Hair,3,8,28,0.0,Sephora,Tokyo,Dry
YUL-19287,2024-03-12,P003,Scalp Soothing Oil,Hair,3,8,28,0.2,Olive Young,NYC,Oily
YUL-19288,2025-04-11,P001,Deep Sea Hair Mask,Hair,3,12,38,0.0,Flagship Store,Seoul,Sensitive
YUL-19289,2025-10-21,P005,Ceramide Barrier Cream,Skin,2,14,42,0.1,Flagship Store,NYC,Oily
YUL-19290,2025-07-27,P004,Mugwort Essence,Skin,1,10,32,0.0,Sephora,London,Combination
YUL-19291,2024-03-09,P005,Ceramide Barrier Cream,Skin,3,14,42,0.1,Sephora,London,Oily
YUL-19292,2025-09-23,P005,Ceramide Barrier Cream,Skin,4,14,42,0.2,Flagship Store,NYC,Sensitive
YUL-19293,2024-10-11,P003,Scalp Soothing Oil,Hair,3,8,28,0.0,Sephora,Seoul,Combination
YUL-19294,2025-05-03,P001,Deep Sea Hair Mask,Hair,4,12,38,0.0,Online,Seoul,Combination
YUL-19295,2025-12-29,P005,Ceramide Barrier Cream,Skin,4,14,42,0.0,Sephora,NYC,Sensitive
YUL-19296,2025-08-12,P002,Fermented Rice Serum,Skin,2,15,45,0.2,Sephora,Seoul,Oily
YUL-19297,2025-07-18,P004,Mugwort Essence,Skin,2,10,32,0.0,Flagship Store,Tokyo,Oily
YUL-19298,2025-08-21,P003,Scalp Soothing Oil,Hair,4,8,28,0.0,Olive Young,Tokyo,Dry
YUL-19299,2025-04-30,P001,Deep Sea Hair Mask,Hair,2,12,38,0.1,Sephora,NYC,Oily
YUL-19300,2024-03-19,P005,Ceramide Barrier Cream,Skin,2,14,42,0.0,Sephora,Seoul,Dry
YUL-19301,2025-05-11,P003,Scalp Soothing Oil,Hair,1,8,28,0.0,Sephora,NYC,Combination
YUL-19302,2024-07-10,P004,Mugwort Essence,Skin,4,10,32,0.0,Sephora,NYC,Oily
YUL-19303,2025-05-04,P003,Scalp Soothing Oil,Hair,4,8,28,0.0,Olive Young,Seoul,Combination
YUL-19304,2025-02-03,P001,Deep Sea Hair Mask,Hair,3,12,38,0.0,Sephora,NYC,Dry
YUL-19305,2025-09-07,P005,Ceramide Barrier Cream,Skin,4,14,42,0.0,Olive Young,Tokyo,Oily
YUL-19306,2024-12-06,P002,Fermented Rice Serum,Skin,1,15,45,0.1,Sephora,Seoul,Sensitive
YUL-19307,2024-08-23,P002,Fermented Rice Serum,Skin,1,15,45,0.0,Olive Young,London,Sensitive
YUL-19308,2024-05-04,P001,Deep Sea Hair Mask,Hair,1,12,38,0.2,Online,London,Dry
YUL-19309,2025-01-14,P004,Mugwort Essence,Skin,1,10,32,0.0,Online,NYC,Oily
YUL-19310,2025-11-01,P004,Mugwort Essence,Skin,3,10,32,0.0,Flagship Store,London,Dry
YUL-19311,2025-11-15,P003,Scalp Soothing Oil,Hair,3,8,28,0.0,Online,NYC,Oily
YUL-19312,2025-01-05,P004,Mugwort Essence,Skin,3,10,32,0.0,Flagship Store,London,Dry
YUL-19313,2024-04-02,P005,Ceramide Barrier Cream,Skin,4,14,42,0.2,Online,Tokyo,Dry
YUL-19314,2024-05-26,P001,Deep Sea Hair Mask,Hair,4,12,38,0.1,Online,NYC,Sensitive
YUL-19315,2024-06-05,P004,Mugwort Essence,Skin,3,10,32,0.0,Online,Seoul,Dry
YUL-19316,2025-01-18,P005,Ceramide Barrier Cream,Skin,2,14,42,0.1,Olive Young,Tokyo,Dry
YUL-19317,2024-06-03,P005,Ceramide Barrier Cream,Skin,4,14,42,0.0,Olive Young,NYC,Sensitive
YUL-19318,2025-03-17,P002,Fermented Rice Serum,Skin,3,15,45,0.1,Olive Young,NYC,Combination
YUL-19319,2025-12-31,P003,Scalp Soothing Oil,Hair,3,8,28,0.1,Olive Young,Seoul,Combination
YUL-19320,2025-01-12,P001,Deep Sea Hair Mask,Hair,3,12,38,0.0,Online,London,Dry
YUL-19321,2024-01-17,P005,Ceramide Barrier Cream,Skin,4,14,42,0.0,Olive Young,London,Combination
YUL-19322,2024-11-19,P003,Scalp Soothing Oil,Hair,2,8,28,0.2,Olive Young,Seoul,Dry
YUL-19323,2025-12-07,P005,Ceramide Barrier Cream,Skin,1,14,42,0.0,Flagship Store,Tokyo,Combination
YUL-19324,2025-10-02,P005,Ceramide Barrier Cream,Skin,4,14,42,0.0,Sephora,Tokyo,Oily
YUL-19325,2025-01-28,P003,Scalp Soothing Oil,Hair,3,8,28,0.2,Sephora,Seoul,Oily
YUL-19326,2025-11-11,P005,Ceramide Barrier Cream,Skin,4,14,42,0.0,Flagship Store,NYC,Sensitive
YUL-19327,2025-04-28,P005,Ceramide Barrier Cream,Skin,2,14,42,0.0,Online,NYC,Oily
YUL-19328,2024-02-24,P002,Fermented Rice Serum,Skin,2,15,45,0.25,Flagship Store,London,Combination
YUL-19329,2024-10-01,P005,Ceramide Barrier Cream,Skin,2,14,42,0.0,Flagship Store,Tokyo,Sensitive
YUL-19330,2025-06-24,P002,Fermented Rice Serum,Skin,1,15,45,0.0,Olive Young,Seoul,Oily
YUL-19331,2025-08-07,P005,Ceramide Barrier Cream,Skin,2,14,42,0.2,Flagship Store,Tokyo,Sensitive
YUL-19332,2024-03-11,P005,Ceramide Barrier Cream,Skin,1,14,42,0.0,Sephora,Seoul,Oily
YUL-19333,2025-12-27,P004,Mugwort Essence,Skin,4,10,32,0.0,Sephora,London,Oily
YUL-19334,2024-06-15,P002,Fermented Rice Serum,Skin,4,15,45,0.2,Online,Seoul,Dry
YUL-19335,2024-03-24,P005,Ceramide Barrier Cream,Skin,2,14,42,0.0,Olive Young,NYC,Oily
YUL-19336,2025-10-19,P005,Ceramide Barrier Cream,Skin,4,14,42,0.1,Olive Young,London,Oily
YUL-19337,2025-05-14,P005,Ceramide Barrier Cream,Skin,4,14,42,0.0,Flagship Store,NYC,Sensitive
YUL-19338,2025-11-17,P003,Scalp Soothing Oil,Hair,3,8,28,0.1,Sephora,London,Oily
YUL-19339,2025-07-04,P005,Ceramide Barrier Cream,Skin,4,14,42,0.0,Flagship Store,Seoul,Sensitive
YUL-19340,2024-05-19,P005,Ceramide Barrier Cream,Skin,1,14,42,0.0,Olive Young,Seoul,Dry
YUL-19341,2025-02-02,P004,Mugwort Essence,Skin,3,10,32,0.0,Olive Young,NYC,Dry
YUL-19342,2024-06-23,P003,Scalp Soothing Oil,Hair,3,8,28,0.0,Online,NYC,Sensitive
YUL-19343,2025-10-18,P003,Scalp Soothing Oil,Hair,3,8,28,0.25,Olive Young,London,Combination
YUL-19344,2024-12-15,P005,Ceramide Barrier Cream,Skin,3,14,42,0.25,Sephora,Tokyo,Combination
YUL-19345,2025-08-27,P002,Fermented Rice Serum,Skin,4,15,45,0.2,Olive Young,Tokyo,Combination
YUL-19346,2024-04-29,P004,Mugwort Essence,Skin,4,10,32,0.0,Flagship Store,London,Dry
YUL-19347,2025-11-10,P001,Deep Sea Hair Mask,Hair,1,12,38,0.0,Olive Young,London,Dry
YUL-19348,2024-01-05,P005,Ceramide Barrier Cream,Skin,1,14,42,0.0,Sephora,London,Combination
YUL-19349,2024-09-03,P001,Deep Sea Hair Mask,Hair,1,12,38,0.2,Flagship Store,London,Oily
YUL-19350,2025-05-16,P001,Deep Sea Hair Mask,Hair,4,12,38,0.0,Olive Young,London,Oily
YUL-19351,2025-04-25,P003,Scalp Soothing Oil,Hair,2,8,28,0.2,Sephora,Seoul,Sensitive
YUL-19352,2025-11-24,P003,Scalp Soothing Oil,Hair,1,8,28,0.1,Flagship Store,NYC,Dry
YUL-19353,2024-12-10,P002,Fermented Rice Serum,Skin,2,15,45,0.0,Olive Young,London,Oily
YUL-19354,2025-11-08,P004,Mugwort Essence,Skin,3,10,32,0.1,Flagship Store,Seoul,Combination
YUL-19355,2024-09-15,P003,Scalp Soothing Oil,Hair,2,8,28,0.0,Olive Young,Seoul,Sensitive
YUL-19356,2025-01-19,P004,Mugwort Essence,Skin,3,10,32,0.0,Flagship Store,London,Sensitive
YUL-19357,2024-11-19,P002,Fermented Rice Serum,Skin,1,15,45,0.2,Online,Tokyo,Oily
YUL-19358,2024-04-22,P004,Mugwort Essence,Skin,3,10,32,0.2,Sephora,Seoul,Combination
YUL-19359,2025-05-20,P003,Scalp Soothing Oil,Hair,1,8,28,0.1,Flagship Store,NYC,Sensitive
YUL-19360,2024-09-16,P001,Deep Sea Hair Mask,Hair,1,12,38,0.1,Sephora,Seoul,Sensitive
YUL-19361,2024-08-15,P003,Scalp Soothing Oil,Hair,1,8,28,0.0,Sephora,NYC,Dry
YUL-19362,2025-03-17,P004,Mugwort Essence,Skin,3,10,32,0.2,Olive Young,Tokyo,Combination
YUL-19363,2025-01-28,P002,Fermented Rice Serum,Skin,2,15,45,0.25,Online,London,Dry
YUL-19364,2025-02-17,P003,Scalp Soothing Oil,Hair,1,8,28,0.0,Online,NYC,Oily
YUL-19365,2024-09-02,P003,Scalp Soothing Oil,Hair,3,8,28,0.0,Flagship Store,Seoul,Dry
YUL-19366,2024-10-02,P004,Mugwort Essence,Skin,1,10,32,0.2,Flagship Store,London,Sensitive
YUL-19367,2025-08-29,P003,Scalp Soothing Oil,Hair,1,8,28,0.0,Flagship Store,Seoul,Dry
YUL-19368,2024-09-03,P001,Deep Sea Hair Mask,Hair,3,12,38,0.2,Flagship Store,London,Sensitive
YUL-19369,2024-04-09,P002,Fermented Rice Serum,Skin,4,15,45,0.25,Flagship Store,Seoul,Combination
YUL-19370,2024-03-07,P002,Fermented Rice Serum,Skin,3,15,45,0.2,Flagship Store,Seoul,Dry
YUL-19371,2025-08-13,P003,Scalp Soothing Oil,Hair,2,8,28,0.2,Sephora,London,Combination
YUL-19372,2025-12-16,P003,Scalp Soothing Oil,Hair,2,8,28,0.0,Flagship Store,Tokyo,Combination
YUL-19373,2025-12-16,P001,Deep Sea Hair Mask,Hair,1,12,38,0.0,Online,Tokyo,Dry
YUL-19374,2025-07-29,P005,Ceramide Barrier Cream,Skin,4,14,42,0.25,Olive Young,London,Sensitive
YUL-19375,2024-09-22,P001,Deep Sea Hair Mask,Hair,1,12,38,0.1,Online,Seoul,Oily
YUL-19376,2025-12-18,P001,Deep Sea Hair Mask,Hair,3,12,38,0.0,Sephora,Tokyo,Dry
YUL-19377,2025-04-03,P005,Ceramide Barrier Cream,Skin,2,14,42,0.2,Olive Young,NYC,Dry
YUL-19378,2025-09-22,P002,Fermented Rice Serum,Skin,1,15,45,0.1,Flagship Store,NYC,Oily
YUL-19379,2025-08-16,P002,Fermented Rice Serum,Skin,1,15,45,0.2,Flagship Store,Seoul,Dry
YUL-19380,2024-01-12,P001,Deep Sea Hair Mask,Hair,4,12,38,0.25,Olive Young,Tokyo,Sensitive
YUL-19381,2025-08-06,P001,Deep Sea Hair Mask,Hair,1,12,38,0.0,Olive Young,London,Combination
YUL-19382,2025-09-24,P003,Scalp Soothing Oil,Hair,1,8,28,0.25,Online,NYC,Combination
YUL-19383,2024-09-21,P004,Mugwort Essence,Skin,2,10,32,0.0,Olive Young,Seoul,Sensitive
YUL-19384,2025-02-27,P004,Mugwort Essence,Skin,3,10,32,0.25,Olive Young,Tokyo,Sensitive
YUL-19385,2024-02-21,P002,Fermented Rice Serum,Skin,3,15,45,0.25,Olive Young,London,Dry
YUL-19386,2025-07-27,P004,Mugwort Essence,Skin,1,10,32,0.0,Sephora,London,Dry
YUL-19387,2024-07-14,P003,Scalp Soothing Oil,Hair,4,8,28,0.1,Flagship Store,NYC,Dry
YUL-19388,2025-11-16,P001,Deep Sea Hair Mask,Hair,4,12,38,0.0,Online,Seoul,Combination
YUL-19389,2025-10-09,P004,Mugwort Essence,Skin,3,10,32,0.1,Online,Seoul,Sensitive
YUL-19390,2024-07-21,P001,Deep Sea Hair Mask,Hair,4,12,38,0.0,Online,Tokyo,Oily
YUL-19391,2025-07-24,P002,Fermented Rice Serum,Skin,3,15,45,0.2,Online,NYC,Dry
YUL-19392,2024-02-12,P004,Mugwort Essence,Skin,2,10,32,0.0,Olive Young,NYC,Combination
YUL-19393,2025-05-05,P002,Fermented Rice Serum,Skin,1,15,45,0.25,Sephora,NYC,Combination
YUL-19394,2025-03-14,P002,Fermented Rice Serum,Skin,4,15,45,0.0,Online,London,Sensitive
YUL-19395,2025-04-22,P001,Deep Sea Hair Mask,Hair,4,12,38,0.2,Flagship Store,Tokyo,Oily
YUL-19396,2025-09-03,P003,Scalp Soothing Oil,Hair,4,8,28,0.1,Olive Young,Seoul,Oily
YUL-19397,2025-06-08,P001,Deep Sea Hair Mask,Hair,4,12,38,0.0,Online,Tokyo,Dry
YUL-19398,2024-10-17,P002,Fermented Rice Serum,Skin,2,15,45,0.0,Sephora,Tokyo,Oily
YUL-19399,2024-08-12,P003,Scalp Soothing Oil,Hair,1,8,28,0.2,Sephora,NYC,Sensitive
YUL-19400,2025-10-10,P001,Deep Sea Hair Mask,Hair,1,12,38,0.0,Sephora,NYC,Oily
YUL-19401,2024-02-20,P005,Ceramide Barrier Cream,Skin,1,14,42,0.25,Sephora,London,Sensitive
YUL-19402,2025-10-12,P001,Deep Sea Hair Mask,Hair,4,12,38,0.0,Flagship Store,NYC,Combination
YUL-19403,2024-06-30,P003,Scalp Soothing Oil,Hair,4,8,28,0.0,Online,NYC,Combination
YUL-19404,2024-07-16,P001,Deep Sea Hair Mask,Hair,1,12,38,0.2,Sephora,NYC,Combination
YUL-19405,2024-02-07,P003,Scalp Soothing Oil,Hair,4,8,28,0.0,Online,Seoul,Oily
YUL-19406,2025-01-11,P005,Ceramide Barrier Cream,Skin,2,14,42,0.2,Online,Tokyo,Combination
YUL-19407,2024-03-05,P001,Deep Sea Hair Mask,Hair,3,12,38,0.0,Olive Young,Tokyo,Oily
YUL-19408,2025-01-16,P001,Deep Sea Hair Mask,Hair,3,12,38,0.25,Olive Young,Tokyo,Sensitive
YUL-19409,2024-09-08,P005,Ceramide Barrier Cream,Skin,1,14,42,0.0,Flagship Store,NYC,Oily
YUL-19410,2025-12-19,P003,Scalp Soothing Oil,Hair,2,8,28,0.0,Flagship Store,London,Sensitive
YUL-19411,2025-01-31,P005,Ceramide Barrier Cream,Skin,3,14,42,0.1,Olive Young,Tokyo,Dry
YUL-19412,2025-11-17,P002,Fermented Rice Serum,Skin,1,15,45,0.0,Flagship Store,London,Sensitive
YUL-19413,2025-08-29,P005,Ceramide Barrier Cream,Skin,4,14,42,0.25,Flagship Store,NYC,Sensitive
YUL-19414,2025-08-08,P003,Scalp Soothing Oil,Hair,2,8,28,0.0,Olive Young,NYC,Dry
YUL-19415,2024-08-05,P004,Mugwort Essence,Skin,2,10,32,0.25,Online,NYC,Dry
YUL-19416,2025-06-21,P003,Scalp Soothing Oil,Hair,2,8,28,0.0,Flagship Store,London,Sensitive
YUL-19417,2025-11-12,P005,Ceramide Barrier Cream,Skin,1,14,42,0.0,Online,Seoul,Combination
YUL-19418,2025-07-31,P005,Ceramide Barrier Cream,Skin,2,14,42,0.25,Sephora,London,Combination
YUL-19419,2024-01-14,P003,Scalp Soothing Oil,Hair,4,8,28,0.2,Flagship Store,London,Dry
YUL-19420,2024-02-10,P004,Mugwort Essence,Skin,3,10,32,0.2,Flagship Store,London,Dry
YUL-19421,2025-11-29,P003,Scalp Soothing Oil,Hair,4,8,28,0.0,Sephora,London,Sensitive
YUL-19422,2024-11-23,P002,Fermented Rice Serum,Skin,3,15,45,0.1,Sephora,London,Dry
YUL-19423,2025-12-26,P002,Fermented Rice Serum,Skin,4,15,45,0.0,Online,NYC,Combination
YUL-19424,2025-08-22,P003,Scalp Soothing Oil,Hair,2,8,28,0.0,Online,Seoul,Oily
YUL-19425,2024-04-08,P001,Deep Sea Hair Mask,Hair,3,12,38,0.25,Sephora,London,Sensitive
YUL-19426,2024-11-25,P003,Scalp Soothing Oil,Hair,4,8,28,0.0,Sephora,Seoul,Combination
YUL-19427,2025-10-07,P001,Deep Sea Hair Mask,Hair,4,12,38,0.2,Olive Young,Tokyo,Oily
YUL-19428,2025-10-23,P004,Mugwort Essence,Skin,3,10,32,0.2,Flagship Store,NYC,Combination
YUL-19429,2024-03-06,P002,Fermented Rice Serum,Skin,1,15,45,0.0,Online,Tokyo,Dry
YUL-19430,2025-05-19,P005,Ceramide Barrier Cream,Skin,3,14,42,0.2,Olive Young,London,Sensitive
YUL-19431,2025-04-15,P004,Mugwort Essence,Skin,1,10,32,0.0,Olive Young,Tokyo,Combination
YUL-19432,2025-04-03,P005,Ceramide Barrier Cream,Skin,1,14,42,0.0,Online,NYC,Oily
YUL-19433,2024-06-11,P005,Ceramide Barrier Cream,Skin,3,14,42,0.0,Online,NYC,Oily
YUL-19434,2024-11-05,P004,Mugwort Essence,Skin,3,10,32,0.0,Flagship Store,Seoul,Dry
YUL-19435,2025-12-22,P001,Deep Sea Hair Mask,Hair,4,12,38,0.0,Online,Seoul,Dry
YUL-19436,2024-08-02,P003,Scalp Soothing Oil,Hair,2,8,28,0.0,Flagship Store,Seoul,Sensitive
YUL-19437,2024-12-15,P004,Mugwort Essence,Skin,3,10,32,0.0,Online,Tokyo,Combination
YUL-19438,2025-02-24,P004,Mugwort Essence,Skin,2,10,32,0.2,Sephora,Tokyo,Oily
YUL-19439,2025-07-15,P003,Scalp Soothing Oil,Hair,4,8,28,0.0,Sephora,Seoul,Dry
YUL-19440,2025-08-28,P001,Deep Sea Hair Mask,Hair,2,12,38,0.0,Online,NYC,Oily
YUL-19441,2024-08-21,P004,Mugwort Essence,Skin,3,10,32,0.2,Olive Young,NYC,Dry
YUL-19442,2025-06-22,P001,Deep Sea Hair Mask,Hair,1,12,38,0.2,Sephora,London,Oily
YUL-19443,2024-11-07,P002,Fermented Rice Serum,Skin,3,15,45,0.2,Flagship Store,London,Combination
YUL-19444,2025-04-15,P003,Scalp Soothing Oil,Hair,1,8,28,0.0,Flagship Store,Tokyo,Dry
YUL-19445,2025-08-08,P004,Mugwort Essence,Skin,1,10,32,0.0,Online,Tokyo,Oily
YUL-19446,2025-07-04,P002,Fermented Rice Serum,Skin,2,15,45,0.2,Sephora,NYC,Combination
YUL-19447,2025-12-17,P001,Deep Sea Hair Mask,Hair,4,12,38,0.25,Online,NYC,Sensitive
YUL-19448,2024-07-19,P002,Fermented Rice Serum,Skin,2,15,45,0.0,Olive Young,Tokyo,Combination
YUL-19449,2025-08-01,P001,Deep Sea Hair Mask,Hair,4,12,38,0.1,Flagship Store,Seoul,Dry
YUL-19450,2025-07-04,P001,Deep Sea Hair Mask,Hair,4,12,38,0.0,Olive Young,London,Sensitive
YUL-19451,2025-04-19,P002,Fermented Rice Serum,Skin,1,15,45,0.0,Flagship Store,London,Oily
YUL-19452,2024-08-11,P005,Ceramide Barrier Cream,Skin,4,14,42,0.2,Online,NYC,Combination
YUL-19453,2025-07-02,P005,Ceramide Barrier Cream,Skin,3,14,42,0.1,Online,Tokyo,Dry
YUL-19454,2024-09-05,P005,Ceramide Barrier Cream,Skin,4,14,42,0.1,Online,Tokyo,Combination
YUL-19455,2025-09-22,P004,Mugwort Essence,Skin,3,10,32,0.0,Flagship Store,London,Combination
YUL-19456,2024-03-03,P003,Scalp Soothing Oil,Hair,1,8,28,0.0,Flagship Store,NYC,Dry
YUL-19457,2025-09-28,P003,Scalp Soothing Oil,Hair,4,8,28,0.1,Online,Seoul,Dry
YUL-19458,2024-10-26,P003,Scalp Soothing Oil,Hair,4,8,28,0.0,Flagship Store,Seoul,Combination
YUL-19459,2024-02-09,P002,Fermented Rice Serum,Skin,3,15,45,0.0,Flagship Store,NYC,Combination
YUL-19460,2025-12-16,P001,Deep Sea Hair Mask,Hair,1,12,38,0.0,Sephora,NYC,Dry
YUL-19461,2024-11-17,P004,Mugwort Essence,Skin,2,10,32,0.2,Flagship Store,London,Combination
YUL-19462,2024-12-23,P003,Scalp Soothing Oil,Hair,2,8,28,0.1,Online,Tokyo,Sensitive
YUL-19463,2025-11-01,P003,Scalp Soothing Oil,Hair,2,8,28,0.0,Flagship Store,Seoul,Combination
YUL-19464,2025-01-11,P003,Scalp Soothing Oil,Hair,2,8,28,0.0,Flagship Store,NYC,Dry
YUL-19465,2024-06-12,P003,Scalp Soothing Oil,Hair,1,8,28,0.1,Online,NYC,Combination
YUL-19466,2024-09-15,P003,Scalp Soothing Oil,Hair,3,8,28,0.0,Online,London,Dry
YUL-19467,2024-04-21,P005,Ceramide Barrier Cream,Skin,2,14,42,0.2,Olive Young,London,Sensitive
YUL-19468,2024-11-24,P004,Mugwort Essence,Skin,2,10,32,0.2,Olive Young,London,Sensitive
YUL-19469,2025-07-06,P005,Ceramide Barrier Cream,Skin,1,14,42,0.1,Olive Young,Tokyo,Sensitive
YUL-19470,2025-01-08,P004,Mugwort Essence,Skin,4,10,32,0.0,Olive Young,London,Dry
YUL-19471,2024-08-15,P004,Mugwort Essence,Skin,1,10,32,0.0,Olive Young,Seoul,Combination
YUL-19472,2024-06-27,P005,Ceramide Barrier Cream,Skin,1,14,42,0.1,Online,Tokyo,Dry
YUL-19473,2025-05-19,P001,Deep Sea Hair Mask,Hair,3,12,38,0.0,Online,Tokyo,Sensitive
YUL-19474,2025-05-15,P002,Fermented Rice Serum,Skin,2,15,45,0.25,Flagship Store,Tokyo,Dry
YUL-19475,2025-11-05,P002,Fermented Rice Serum,Skin,2,15,45,0.0,Sephora,Tokyo,Oily
YUL-19476,2024-06-01,P005,Ceramide Barrier Cream,Skin,3,14,42,0.25,Online,Seoul,Oily
YUL-19477,2024-12-05,P002,Fermented Rice Serum,Skin,3,15,45,0.0,Olive Young,London,Combination
YUL-19478,2024-07-21,P002,Fermented Rice Serum,Skin,3,15,45,0.0,Sephora,Seoul,Sensitive
YUL-19479,2025-10-20,P005,Ceramide Barrier Cream,Skin,2,14,42,0.1,Olive Young,NYC,Combination
YUL-19480,2025-03-17,P002,Fermented Rice Serum,Skin,2,15,45,0.0,Sephora,Tokyo,Oily
YUL-19481,2025-06-15,P003,Scalp Soothing Oil,Hair,1,8,28,0.0,Online,Seoul,Oily
YUL-19482,2025-04-21,P004,Mugwort Essence,Skin,1,10,32,0.25,Olive Young,London,Sensitive
YUL-19483,2025-03-15,P005,Ceramide Barrier Cream,Skin,4,14,42,0.0,Sephora,Seoul,Combination
YUL-19484,2025-04-20,P002,Fermented Rice Serum,Skin,4,15,45,0.1,Sephora,London,Oily
YUL-19485,2025-11-09,P001,Deep Sea Hair Mask,Hair,3,12,38,0.25,Online,London,Combination
YUL-19486,2024-12-10,P004,Mugwort Essence,Skin,2,10,32,0.0,Olive Young,London,Dry
YUL-19487,2025-12-22,P001,Deep Sea Hair Mask,Hair,3,12,38,0.2,Olive Young,Seoul,Oily
YUL-19488,2025-07-03,P005,Ceramide Barrier Cream,Skin,4,14,42,0.0,Online,Seoul,Dry
YUL-19489,2024-02-02,P001,Deep Sea Hair Mask,Hair,3,12,38,0.2,Online,NYC,Oily
YUL-19490,2024-01-02,P004,Mugwort Essence,Skin,2,10,32,0.0,Olive Young,Seoul,Dry
YUL-19491,2024-10-31,P005,Ceramide Barrier Cream,Skin,3,14,42,0.1,Flagship Store,Seoul,Combination
YUL-19492,2025-07-07,P005,Ceramide Barrier Cream,Skin,1,14,42,0.0,Flagship Store,London,Combination
YUL-19493,2024-03-26,P003,Scalp Soothing Oil,Hair,4,8,28,0.0,Flagship Store,NYC,Oily
YUL-19494,2024-11-10,P004,Mugwort Essence,Skin,3,10,32,0.0,Flagship Store,NYC,Oily
YUL-19495,2024-05-25,P005,Ceramide Barrier Cream,Skin,1,14,42,0.0,Flagship Store,NYC,Combination
YUL-19496,2025-11-06,P003,Scalp Soothing Oil,Hair,1,8,28,0.25,Olive Young,Tokyo,Combination
YUL-19497,2024-03-21,P002,Fermented Rice Serum,Skin,4,15,45,0.0,Sephora,NYC,Oily
YUL-19498,2024-09-20,P003,Scalp Soothing Oil,Hair,1,8,28,0.0,Flagship Store,London,Dry
YUL-19499,2025-07-18,P001,Deep Sea Hair Mask,Hair,1,12,38,0.0,Flagship Store,Seoul,Combination
YUL-19500,2025-07-20,P002,Fermented Rice Serum,Skin,1,15,45,0.1,Online,Tokyo,Dry
YUL-19501,2024-11-05,P002,Fermented Rice Serum,Skin,4,15,45,0.0,Sephora,Seoul,Combination
YUL-19502,2025-06-26,P001,Deep Sea Hair Mask,Hair,4,12,38,0.0,Olive Young,Tokyo,Dry
YUL-19503,2024-04-17,P003,Scalp Soothing Oil,Hair,1,8,28,0.0,Online,London,Oily
YUL-19504,2025-02-06,P004,Mugwort Essence,Skin,3,10,32,0.0,Online,Seoul,Dry
YUL-19505,2025-10-05,P002,Fermented Rice Serum,Skin,4,15,45,0.0,Sephora,Tokyo,Oily
YUL-19506,2024-03-14,P005,Ceramide Barrier Cream,Skin,3,14,42,0.0,Sephora,NYC,Dry
YUL-19507,2025-04-05,P001,Deep Sea Hair Mask,Hair,3,12,38,0.25,Flagship Store,NYC,Sensitive
YUL-19508,2025-01-11,P005,Ceramide Barrier Cream,Skin,2,14,42,0.0,Olive Young,Seoul,Oily
YUL-19509,2024-01-01,P003,Scalp Soothing Oil,Hair,4,8,28,0.25,Olive Young,Seoul,Dry
YUL-19510,2025-06-14,P005,Ceramide Barrier Cream,Skin,1,14,42,0.25,Sephora,London,Combination
YUL-19511,2025-07-18,P003,Scalp Soothing Oil,Hair,2,8,28,0.0,Olive Young,NYC,Combination
YUL-19512,2024-10-02,P005,Ceramide Barrier Cream,Skin,4,14,42,0.25,Online,Seoul,Dry
YUL-19513,2024-01-04,P001,Deep Sea Hair Mask,Hair,1,12,38,0.1,Sephora,Tokyo,Oily
YUL-19514,2025-06-05,P005,Ceramide Barrier Cream,Skin,4,14,42,0.2,Online,Tokyo,Sensitive
YUL-19515,2024-01-04,P004,Mugwort Essence,Skin,3,10,32,0.0,Sephora,Tokyo,Sensitive
YUL-19516,2025-02-25,P004,Mugwort Essence,Skin,1,10,32,0.0,Online,NYC,Oily
YUL-19517,2024-07-10,P002,Fermented Rice Serum,Skin,2,15,45,0.1,Sephora,Seoul,Oily
YUL-19518,2025-05-12,P002,Fermented Rice Serum,Skin,4,15,45,0.1,Olive Young,Tokyo,Sensitive
YUL-19519,2024-04-27,P005,Ceramide Barrier Cream,Skin,4,14,42,0.25,Sephora,Seoul,Sensitive
YUL-19520,2024-12-16,P003,Scalp Soothing Oil,Hair,3,8,28,0.1,Olive Young,NYC,Dry
YUL-19521,2024-03-03,P002,Fermented Rice Serum,Skin,4,15,45,0.2,Olive Young,NYC,Oily
YUL-19522,2024-07-16,P002,Fermented Rice Serum,Skin,1,15,45,0.25,Sephora,Seoul,Sensitive
YUL-19523,2025-06-09,P005,Ceramide Barrier Cream,Skin,3,14,42,0.0,Sephora,London,Combination
YUL-19524,2025-03-31,P004,Mugwort Essence,Skin,4,10,32,0.1,Sephora,Seoul,Combination
YUL-19525,2025-06-28,P004,Mugwort Essence,Skin,2,10,32,0.2,Flagship Store,Tokyo,Combination
YUL-19526,2024-10-21,P001,Deep Sea Hair Mask,Hair,3,12,38,0.25,Olive Young,London,Dry
YUL-19527,2025-05-25,P004,Mugwort Essence,Skin,3,10,32,0.1,Online,Seoul,Oily
YUL-19528,2025-01-07,P003,Scalp Soothing Oil,Hair,3,8,28,0.2,Online,Seoul,Sensitive
YUL-19529,2024-12-19,P003,Scalp Soothing Oil,Hair,4,8,28,0.1,Olive Young,London,Sensitive
YUL-19530,2024-11-23,P002,Fermented Rice Serum,Skin,4,15,45,0.1,Olive Young,London,Combination
YUL-19531,2025-10-16,P003,Scalp Soothing Oil,Hair,3,8,28,0.0,Olive Young,London,Oily
YUL-19532,2024-02-12,P003,Scalp Soothing Oil,Hair,1,8,28,0.0,Online,Seoul,Dry
YUL-19533,2025-03-16,P003,Scalp Soothing Oil,Hair,2,8,28,0.0,Sephora,London,Dry
YUL-19534,2024-06-18,P004,Mugwort Essence,Skin,4,10,32,0.25,Olive Young,NYC,Dry
YUL-19535,2025-09-03,P003,Scalp Soothing Oil,Hair,2,8,28,0.0,Olive Young,Seoul,Oily
YUL-19536,2024-01-22,P002,Fermented Rice Serum,Skin,2,15,45,0.2,Flagship Store,NYC,Oily
YUL-19537,2025-11-12,P003,Scalp Soothing Oil,Hair,4,8,28,0.1,Online,Seoul,Oily
YUL-19538,2025-10-05,P003,Scalp Soothing Oil,Hair,4,8,28,0.0,Olive Young,NYC,Oily
YUL-19539,2024-05-08,P003,Scalp Soothing Oil,Hair,2,8,28,0.0,Online,Seoul,Combination
YUL-19540,2025-09-15,P002,Fermented Rice Serum,Skin,4,15,45,0.2,Flagship Store,Seoul,Combination
YUL-19541,2024-01-21,P001,Deep Sea Hair Mask,Hair,2,12,38,0.0,Online,NYC,Sensitive
YUL-19542,2024-10-09,P001,Deep Sea Hair Mask,Hair,3,12,38,0.0,Olive Young,Seoul,Oily
YUL-19543,2025-06-14,P002,Fermented Rice Serum,Skin,4,15,45,0.2,Sephora,Seoul,Sensitive
YUL-19544,2024-01-05,P003,Scalp Soothing Oil,Hair,2,8,28,0.25,Sephora,Seoul,Combination
YUL-19545,2025-03-03,P002,Fermented Rice Serum,Skin,3,15,45,0.0,Sephora,Seoul,Sensitive
YUL-19546,2025-03-17,P003,Scalp Soothing Oil,Hair,4,8,28,0.2,Online,NYC,Oily
YUL-19547,2025-08-23,P001,Deep Sea Hair Mask,Hair,3,12,38,0.0,Sephora,NYC,Dry
YUL-19548,2024-01-19,P002,Fermented Rice Serum,Skin,4,15,45,0.0,Olive Young,Seoul,Dry
YUL-19549,2024-04-05,P001,Deep Sea Hair Mask,Hair,1,12,38,0.25,Online,Tokyo,Oily
YUL-19550,2024-02-07,P004,Mugwort Essence,Skin,1,10,32,0.0,Flagship Store,NYC,Oily
YUL-19551,2024-04-07,P004,Mugwort Essence,Skin,3,10,32,0.0,Olive Young,NYC,Sensitive
YUL-19552,2025-08-24,P005,Ceramide Barrier Cream,Skin,2,14,42,0.0,Olive Young,London,Dry
YUL-19553,2024-08-07,P005,Ceramide Barrier Cream,Skin,2,14,42,0.0,Flagship Store,London,Combination
YUL-19554,2025-10-14,P003,Scalp Soothing Oil,Hair,2,8,28,0.1,Flagship Store,Tokyo,Combination
YUL-19555,2024-05-27,P003,Scalp Soothing Oil,Hair,2,8,28,0.2,Flagship Store,Seoul,Combination
YUL-19556,2025-04-09,P003,Scalp Soothing Oil,Hair,4,8,28,0.2,Olive Young,NYC,Sensitive
YUL-19557,2025-10-10,P003,Scalp Soothing Oil,Hair,1,8,28,0.1,Flagship Store,NYC,Dry
YUL-19558,2024-11-30,P003,Scalp Soothing Oil,Hair,4,8,28,0.0,Online,London,Dry
YUL-19559,2024-12-24,P003,Scalp Soothing Oil,Hair,4,8,28,0.0,Olive Young,Seoul,Combination
YUL-19560,2025-08-07,P001,Deep Sea Hair Mask,Hair,4,12,38,0.25,Online,NYC,Dry
YUL-19561,2025-11-11,P001,Deep Sea Hair Mask,Hair,1,12,38,0.25,Online,NYC,Combination
YUL-19562,2024-01-02,P005,Ceramide Barrier Cream,Skin,4,14,42,0.0,Sephora,NYC,Combination
YUL-19563,2024-09-28,P002,Fermented Rice Serum,Skin,3,15,45,0.1,Flagship Store,Tokyo,Combination
YUL-19564,2025-12-27,P003,Scalp Soothing Oil,Hair,1,8,28,0.1,Flagship Store,Tokyo,Oily
YUL-19565,2024-01-18,P004,Mugwort Essence,Skin,4,10,32,0.0,Online,London,Sensitive
YUL-19566,2025-02-17,P005,Ceramide Barrier Cream,Skin,1,14,42,0.0,Online,Tokyo,Dry
YUL-19567,2025-11-22,P003,Scalp Soothing Oil,Hair,3,8,28,0.1,Olive Young,Tokyo,Combination
YUL-19568,2025-11-27,P004,Mugwort Essence,Skin,4,10,32,0.1,Online,NYC,Dry
YUL-19569,2024-06-24,P002,Fermented Rice Serum,Skin,2,15,45,0.25,Flagship Store,Tokyo,Sensitive
YUL-19570,2025-05-01,P001,Deep Sea Hair Mask,Hair,1,12,38,0.0,Olive Young,NYC,Sensitive
YUL-19571,2025-11-21,P003,Scalp Soothing Oil,Hair,2,8,28,0.1,Flagship Store,Seoul,Dry
YUL-19572,2025-05-14,P002,Fermented Rice Serum,Skin,4,15,45,0.0,Olive Young,NYC,Oily
YUL-19573,2025-10-01,P002,Fermented Rice Serum,Skin,3,15,45,0.0,Sephora,Seoul,Combination
YUL-19574,2024-05-15,P004,Mugwort Essence,Skin,3,10,32,0.0,Flagship Store,NYC,Dry
YUL-19575,2024-10-04,P002,Fermented Rice Serum,Skin,1,15,45,0.25,Flagship Store,London,Sensitive
YUL-19576,2025-10-14,P002,Fermented Rice Serum,Skin,3,15,45,0.0,Online,Seoul,Dry
YUL-19577,2025-02-23,P001,Deep Sea Hair Mask,Hair,3,12,38,0.1,Flagship Store,Tokyo,Oily
YUL-19578,2024-04-06,P004,Mugwort Essence,Skin,4,10,32,0.0,Sephora,Seoul,Dry
YUL-19579,2024-08-30,P004,Mugwort Essence,Skin,4,10,32,0.0,Flagship Store,NYC,Sensitive
YUL-19580,2024-05-15,P003,Scalp Soothing Oil,Hair,3,8,28,0.25,Sephora,Seoul,Combination
YUL-19581,2024-07-06,P003,Scalp Soothing Oil,Hair,1,8,28,0.2,Online,London,Sensitive
YUL-19582,2025-03-24,P003,Scalp Soothing Oil,Hair,3,8,28,0.0,Sephora,Seoul,Oily
YUL-19583,2025-09-28,P004,Mugwort Essence,Skin,1,10,32,0.2,Flagship Store,Seoul,Combination
YUL-19584,2024-11-03,P002,Fermented Rice Serum,Skin,4,15,45,0.0,Sephora,Seoul,Oily
YUL-19585,2024-02-27,P003,Scalp Soothing Oil,Hair,2,8,28,0.2,Flagship Store,London,Dry
YUL-19586,2024-09-02,P003,Scalp Soothing Oil,Hair,4,8,28,0.1,Sephora,NYC,Combination
YUL-19587,2025-02-27,P004,Mugwort Essence,Skin,4,10,32,0.1,Sephora,London,Oily
YUL-19588,2025-01-01,P003,Scalp Soothing Oil,Hair,4,8,28,0.25,Online,Seoul,Oily
YUL-19589,2024-11-01,P004,Mugwort Essence,Skin,2,10,32,0.2,Olive Young,NYC,Combination
YUL-19590,2024-10-11,P005,Ceramide Barrier Cream,Skin,2,14,42,0.0,Flagship Store,Seoul,Combination
YUL-19591,2024-10-31,P004,Mugwort Essence,Skin,3,10,32,0.0,Online,Tokyo,Sensitive
YUL-19592,2024-05-06,P005,Ceramide Barrier Cream,Skin,1,14,42,0.2,Sephora,NYC,Combination
YUL-19593,2024-01-20,P004,Mugwort Essence,Skin,3,10,32,0.0,Online,Tokyo,Sensitive
YUL-19594,2025-01-08,P005,Ceramide Barrier Cream,Skin,4,14,42,0.0,Sephora,NYC,Sensitive
YUL-19595,2024-09-14,P005,Ceramide Barrier Cream,Skin,4,14,42,0.1,Olive Young,Tokyo,Combination
YUL-19596,2025-06-09,P002,Fermented Rice Serum,Skin,1,15,45,0.25,Sephora,Seoul,Oily
YUL-19597,2024-11-27,P005,Ceramide Barrier Cream,Skin,3,14,42,0.25,Olive Young,Seoul,Oily
YUL-19598,2025-10-02,P001,Deep Sea Hair Mask,Hair,4,12,38,0.0,Sephora,Seoul,Combination
YUL-19599,2025-06-17,P005,Ceramide Barrier Cream,Skin,3,14,42,0.2,Olive Young,Tokyo,Combination
YUL-19600,2025-07-09,P003,Scalp Soothing Oil,Hair,1,8,28,0.2,Online,NYC,Combination
YUL-19601,2025-12-15,P001,Deep Sea Hair Mask,Hair,2,12,38,0.2,Online,NYC,Dry
YUL-19602,2025-03-05,P003,Scalp Soothing Oil,Hair,4,8,28,0.1,Olive Young,London,Oily
YUL-19603,2024-10-03,P005,Ceramide Barrier Cream,Skin,2,14,42,0.0,Olive Young,London,Dry
YUL-19604,2025-04-23,P001,Deep Sea Hair Mask,Hair,2,12,38,0.0,Flagship Store,NYC,Combination
YUL-19605,2024-03-26,P002,Fermented Rice Serum,Skin,4,15,45,0.0,Flagship Store,NYC,Oily
YUL-19606,2025-10-19,P002,Fermented Rice Serum,Skin,4,15,45,0.0,Sephora,Tokyo,Sensitive
YUL-19607,2025-12-14,P004,Mugwort Essence,Skin,1,10,32,0.0,Flagship Store,Tokyo,Sensitive
YUL-19608,2024-12-29,P005,Ceramide Barrier Cream,Skin,1,14,42,0.0,Online,Seoul,Oily
YUL-19609,2024-12-06,P004,Mugwort Essence,Skin,3,10,32,0.0,Online,London,Combination
YUL-19610,2024-02-16,P004,Mugwort Essence,Skin,4,10,32,0.1,Flagship Store,Seoul,Dry
YUL-19611,2025-12-03,P003,Scalp Soothing Oil,Hair,3,8,28,0.0,Sephora,Seoul,Oily
YUL-19612,2024-01-16,P003,Scalp Soothing Oil,Hair,3,8,28,0.0,Sephora,Tokyo,Dry
YUL-19613,2024-11-21,P001,Deep Sea Hair Mask,Hair,1,12,38,0.25,Online,NYC,Dry
YUL-19614,2025-01-06,P001,Deep Sea Hair Mask,Hair,4,12,38,0.25,Flagship Store,Seoul,Sensitive
YUL-19615,2024-07-11,P002,Fermented Rice Serum,Skin,4,15,45,0.0,Online,Seoul,Oily
YUL-19616,2025-08-14,P002,Fermented Rice Serum,Skin,4,15,45,0.25,Sephora,Tokyo,Sensitive
YUL-19617,2025-02-01,P001,Deep Sea Hair Mask,Hair,3,12,38,0.25,Olive Young,NYC,Dry
YUL-19618,2024-04-28,P005,Ceramide Barrier Cream,Skin,3,14,42,0.1,Flagship Store,NYC,Combination
YUL-19619,2025-09-21,P001,Deep Sea Hair Mask,Hair,3,12,38,0.0,Online,Seoul,Sensitive
YUL-19620,2024-01-22,P003,Scalp Soothing Oil,Hair,1,8,28,0.1,Sephora,London,Oily
YUL-19621,2025-05-14,P002,Fermented Rice Serum,Skin,2,15,45,0.0,Flagship Store,Seoul,Dry
YUL-19622,2024-03-22,P001,Deep Sea Hair Mask,Hair,3,12,38,0.0,Online,London,Sensitive
YUL-19623,2024-01-03,P001,Deep Sea Hair Mask,Hair,1,12,38,0.1,Online,NYC,Oily
YUL-19624,2025-07-09,P003,Scalp Soothing Oil,Hair,2,8,28,0.1,Flagship Store,NYC,Combination
YUL-19625,2025-02-19,P005,Ceramide Barrier Cream,Skin,4,14,42,0.0,Sephora,London,Dry
YUL-19626,2025-01-13,P001,Deep Sea Hair Mask,Hair,1,12,38,0.0,Sephora,Seoul,Combination
YUL-19627,2024-10-15,P003,Scalp Soothing Oil,Hair,3,8,28,0.0,Sephora,London,Oily
YUL-19628,2025-11-03,P002,Fermented Rice Serum,Skin,1,15,45,0.0,Online,NYC,Combination
YUL-19629,2024-09-02,P005,Ceramide Barrier Cream,Skin,3,14,42,0.25,Online,Seoul,Oily
YUL-19630,2024-12-02,P002,Fermented Rice Serum,Skin,4,15,45,0.1,Sephora,NYC,Dry
YUL-19631,2024-03-15,P001,Deep Sea Hair Mask,Hair,3,12,38,0.0,Olive Young,Tokyo,Dry
YUL-19632,2024-05-03,P001,Deep Sea Hair Mask,Hair,2,12,38,0.25,Olive Young,Tokyo,Oily
YUL-19633,2025-05-20,P004,Mugwort Essence,Skin,2,10,32,0.2,Olive Young,Seoul,Combination
YUL-19634,2024-08-29,P001,Deep Sea Hair Mask,Hair,2,12,38,0.25,Online,Seoul,Sensitive
YUL-19635,2024-07-26,P001,Deep Sea Hair Mask,Hair,2,12,38,0.0,Olive Young,Tokyo,Oily
YUL-19636,2025-10-30,P001,Deep Sea Hair Mask,Hair,3,12,38,0.25,Sephora,Seoul,Dry
YUL-19637,2024-05-22,P002,Fermented Rice Serum,Skin,2,15,45,0.0,Online,London,Dry
YUL-19638,2025-10-12,P001,Deep Sea Hair Mask,Hair,1,12,38,0.25,Olive Young,London,Oily
YUL-19639,2025-09-04,P003,Scalp Soothing Oil,Hair,2,8,28,0.0,Olive Young,NYC,Dry
YUL-19640,2025-09-05,P002,Fermented Rice Serum,Skin,2,15,45,0.0,Online,NYC,Combination
YUL-19641,2025-10-28,P001,Deep Sea Hair Mask,Hair,1,12,38,0.0,Flagship Store,London,Sensitive
YUL-19642,2024-03-28,P005,Ceramide Barrier Cream,Skin,3,14,42,0.0,Online,London,Oily
YUL-19643,2024-03-22,P002,Fermented Rice Serum,Skin,1,15,45,0.25,Online,NYC,Sensitive
YUL-19644,2025-11-28,P004,Mugwort Essence,Skin,3,10,32,0.25,Olive Young,Tokyo,Combination
YUL-19645,2025-02-28,P004,Mugwort Essence,Skin,2,10,32,0.25,Online,Tokyo,Oily
YUL-19646,2025-11-04,P005,Ceramide Barrier Cream,Skin,2,14,42,0.0,Online,NYC,Sensitive
YUL-19647,2024-07-31,P001,Deep Sea Hair Mask,Hair,1,12,38,0.0,Olive Young,Seoul,Combination
YUL-19648,2025-05-28,P004,Mugwort Essence,Skin,1,10,32,0.0,Olive Young,Tokyo,Combination
YUL-19649,2024-12-28,P004,Mugwort Essence,Skin,4,10,32,0.0,Sephora,Seoul,Combination
YUL-19650,2025-10-13,P001,Deep Sea Hair Mask,Hair,3,12,38,0.0,Flagship Store,Tokyo,Dry
YUL-19651,2024-10-03,P002,Fermented Rice Serum,Skin,3,15,45,0.1,Sephora,NYC,Combination
YUL-19652,2025-06-18,P005,Ceramide Barrier Cream,Skin,2,14,42,0.0,Olive Young,Tokyo,Oily
YUL-19653,2025-10-06,P004,Mugwort Essence,Skin,2,10,32,0.1,Sephora,NYC,Sensitive
YUL-19654,2025-06-26,P001,Deep Sea Hair Mask,Hair,2,12,38,0.2,Flagship Store,London,Sensitive
YUL-19655,2024-03-27,P002,Fermented Rice Serum,Skin,3,15,45,0.0,Online,Seoul,Sensitive
YUL-19656,2025-07-20,P003,Scalp Soothing Oil,Hair,3,8,28,0.2,Sephora,Seoul,Sensitive
YUL-19657,2024-05-07,P003,Scalp Soothing Oil,Hair,2,8,28,0.0,Sephora,Seoul,Oily
YUL-19658,2025-08-11,P003,Scalp Soothing Oil,Hair,3,8,28,0.0,Online,Tokyo,Combination
YUL-19659,2024-01-11,P004,Mugwort Essence,Skin,3,10,32,0.2,Sephora,Seoul,Dry
YUL-19660,2024-04-22,P003,Scalp Soothing Oil,Hair,1,8,28,0.0,Sephora,NYC,Combination
YUL-19661,2025-04-06,P002,Fermented Rice Serum,Skin,4,15,45,0.1,Flagship Store,NYC,Combination
YUL-19662,2024-05-29,P004,Mugwort Essence,Skin,2,10,32,0.0,Olive Young,London,Oily
YUL-19663,2024-10-27,P004,Mugwort Essence,Skin,3,10,32,0.0,Online,NYC,Combination
YUL-19664,2025-10-28,P001,Deep Sea Hair Mask,Hair,2,12,38,0.0,Flagship Store,Tokyo,Dry
YUL-19665,2024-12-10,P001,Deep Sea Hair Mask,Hair,3,12,38,0.0,Olive Young,London,Oily
YUL-19666,2024-08-03,P002,Fermented Rice Serum,Skin,3,15,45,0.0,Olive Young,Tokyo,Combination
YUL-19667,2024-03-17,P003,Scalp Soothing Oil,Hair,1,8,28,0.0,Online,London,Dry
YUL-19668,2025-04-07,P005,Ceramide Barrier Cream,Skin,1,14,42,0.25,Sephora,London,Combination
YUL-19669,2024-01-20,P002,Fermented Rice Serum,Skin,3,15,45,0.0,Flagship Store,London,Combination
YUL-19670,2024-09-24,P003,Scalp Soothing Oil,Hair,1,8,28,0.0,Flagship Store,Tokyo,Oily
YUL-19671,2024-05-18,P003,Scalp Soothing Oil,Hair,1,8,28,0.2,Flagship Store,NYC,Oily
YUL-19672,2025-04-03,P005,Ceramide Barrier Cream,Skin,3,14,42,0.0,Sephora,NYC,Oily
YUL-19673,2024-11-15,P001,Deep Sea Hair Mask,Hair,4,12,38,0.25,Online,Tokyo,Oily
YUL-19674,2024-01-17,P001,Deep Sea Hair Mask,Hair,3,12,38,0.0,Sephora,NYC,Oily
YUL-19675,2024-07-28,P003,Scalp Soothing Oil,Hair,4,8,28,0.0,Sephora,London,Sensitive
YUL-19676,2025-01-20,P004,Mugwort Essence,Skin,3,10,32,0.2,Sephora,Seoul,Dry
YUL-19677,2024-08-19,P002,Fermented Rice Serum,Skin,2,15,45,0.1,Flagship Store,London,Sensitive
YUL-19678,2025-08-29,P001,Deep Sea Hair Mask,Hair,4,12,38,0.0,Online,Tokyo,Oily
YUL-19679,2025-05-24,P002,Fermented Rice Serum,Skin,4,15,45,0.0,Flagship Store,London,Oily
YUL-19680,2024-08-13,P001,Deep Sea Hair Mask,Hair,1,12,38,0.1,Sephora,Seoul,Oily
YUL-19681,2024-06-22,P005,Ceramide Barrier Cream,Skin,1,14,42,0.0,Flagship Store,NYC,Combination
YUL-19682,2025-10-23,P005,Ceramide Barrier Cream,Skin,1,14,42,0.1,Sephora,NYC,Sensitive
YUL-19683,2025-06-17,P004,Mugwort Essence,Skin,2,10,32,0.25,Online,NYC,Dry
YUL-19684,2025-03-26,P002,Fermented Rice Serum,Skin,3,15,45,0.25,Flagship Store,Seoul,Sensitive
YUL-19685,2024-04-25,P001,Deep Sea Hair Mask,Hair,4,12,38,0.0,Sephora,Seoul,Sensitive
YUL-19686,2025-11-10,P003,Scalp Soothing Oil,Hair,2,8,28,0.2,Online,London,Dry
YUL-19687,2025-07-12,P002,Fermented Rice Serum,Skin,4,15,45,0.0,Flagship Store,Seoul,Dry
YUL-19688,2025-06-07,P002,Fermented Rice Serum,Skin,3,15,45,0.0,Olive Young,Tokyo,Combination
YUL-19689,2024-08-11,P003,Scalp Soothing Oil,Hair,1,8,28,0.0,Sephora,Seoul,Sensitive
YUL-19690,2025-09-05,P003,Scalp Soothing Oil,Hair,3,8,28,0.2,Online,Tokyo,Oily
YUL-19691,2024-01-27,P002,Fermented Rice Serum,Skin,3,15,45,0.25,Flagship Store,NYC,Sensitive
YUL-19692,2025-05-08,P002,Fermented Rice Serum,Skin,1,15,45,0.0,Flagship Store,NYC,Combination
YUL-19693,2025-07-22,P004,Mugwort Essence,Skin,3,10,32,0.0,Flagship Store,Seoul,Dry
YUL-19694,2025-06-11,P003,Scalp Soothing Oil,Hair,2,8,28,0.0,Online,London,Sensitive
YUL-19695,2024-06-29,P003,Scalp Soothing Oil,Hair,1,8,28,0.0,Flagship Store,NYC,Dry
YUL-19696,2024-11-17,P001,Deep Sea Hair Mask,Hair,2,12,38,0.2,Sephora,Seoul,Dry
YUL-19697,2025-03-19,P005,Ceramide Barrier Cream,Skin,2,14,42,0.1,Flagship Store,Seoul,Sensitive
YUL-19698,2025-04-05,P005,Ceramide Barrier Cream,Skin,1,14,42,0.0,Sephora,Seoul,Combination
YUL-19699,2025-09-23,P004,Mugwort Essence,Skin,2,10,32,0.2,Online,Tokyo,Dry
YUL-19700,2025-07-01,P002,Fermented Rice Serum,Skin,2,15,45,0.0,Sephora,Seoul,Combination
YUL-19701,2024-07-27,P001,Deep Sea Hair Mask,Hair,3,12,38,0.1,Sephora,London,Combination
YUL-19702,2025-03-26,P001,Deep Sea Hair Mask,Hair,3,12,38,0.0,Sephora,NYC,Oily
YUL-19703,2025-01-04,P004,Mugwort Essence,Skin,4,10,32,0.0,Flagship Store,NYC,Dry
YUL-19704,2024-11-29,P002,Fermented Rice Serum,Skin,4,15,45,0.0,Olive Young,Seoul,Combination
YUL-19705,2024-04-13,P001,Deep Sea Hair Mask,Hair,1,12,38,0.0,Olive Young,Seoul,Sensitive
YUL-19706,2024-11-02,P004,Mugwort Essence,Skin,1,10,32,0.2,Olive Young,Seoul,Oily
YUL-19707,2025-04-09,P002,Fermented Rice Serum,Skin,3,15,45,0.0,Sephora,London,Oily
YUL-19708,2025-06-03,P001,Deep Sea Hair Mask,Hair,4,12,38,0.0,Online,London,Combination
YUL-19709,2024-09-22,P001,Deep Sea Hair Mask,Hair,4,12,38,0.0,Sephora,London,Sensitive
YUL-19710,2024-01-01,P004,Mugwort Essence,Skin,4,10,32,0.2,Olive Young,London,Sensitive
YUL-19711,2025-07-21,P005,Ceramide Barrier Cream,Skin,2,14,42,0.25,Online,London,Dry
YUL-19712,2024-05-22,P002,Fermented Rice Serum,Skin,1,15,45,0.0,Olive Young,London,Combination
YUL-19713,2025-11-06,P001,Deep Sea Hair Mask,Hair,1,12,38,0.0,Sephora,NYC,Sensitive
YUL-19714,2024-04-16,P001,Deep Sea Hair Mask,Hair,3,12,38,0.1,Sephora,Tokyo,Sensitive
YUL-19715,2024-11-15,P003,Scalp Soothing Oil,Hair,3,8,28,0.1,Sephora,NYC,Oily
YUL-19716,2025-08-02,P005,Ceramide Barrier Cream,Skin,1,14,42,0.2,Olive Young,London,Combination
YUL-19717,2025-01-25,P001,Deep Sea Hair Mask,Hair,1,12,38,0.0,Flagship Store,Seoul,Combination
YUL-19718,2024-05-01,P003,Scalp Soothing Oil,Hair,3,8,28,0.0,Sephora,NYC,Sensitive
YUL-19719,2025-05-29,P002,Fermented Rice Serum,Skin,3,15,45,0.25,Flagship Store,Tokyo,Sensitive
YUL-19720,2025-11-23,P002,Fermented Rice Serum,Skin,4,15,45,0.25,Olive Young,Seoul,Dry
YUL-19721,2025-08-07,P004,Mugwort Essence,Skin,2,10,32,0.0,Olive Young,London,Combination
YUL-19722,2024-05-24,P003,Scalp Soothing Oil,Hair,1,8,28,0.25,Sephora,London,Dry
YUL-19723,2025-09-23,P001,Deep Sea Hair Mask,Hair,1,12,38,0.0,Online,Seoul,Oily
YUL-19724,2024-02-07,P004,Mugwort Essence,Skin,1,10,32,0.0,Online,NYC,Dry
YUL-19725,2025-08-22,P004,Mugwort Essence,Skin,4,10,32,0.0,Sephora,London,Sensitive
YUL-19726,2025-02-23,P003,Scalp Soothing Oil,Hair,3,8,28,0.1,Online,Tokyo,Oily
YUL-19727,2025-04-18,P001,Deep Sea Hair Mask,Hair,2,12,38,0.0,Sephora,NYC,Dry
YUL-19728,2025-12-07,P004,Mugwort Essence,Skin,4,10,32,0.0,Sephora,Seoul,Sensitive
YUL-19729,2024-01-31,P003,Scalp Soothing Oil,Hair,4,8,28,0.0,Online,London,Sensitive
YUL-19730,2024-12-27,P001,Deep Sea Hair Mask,Hair,1,12,38,0.1,Sephora,London,Sensitive
YUL-19731,2025-05-23,P002,Fermented Rice Serum,Skin,1,15,45,0.2,Online,Tokyo,Combination
YUL-19732,2025-06-28,P002,Fermented Rice Serum,Skin,4,15,45,0.1,Flagship Store,London,Sensitive
YUL-19733,2025-08-19,P004,Mugwort Essence,Skin,2,10,32,0.0,Olive Young,NYC,Oily
YUL-19734,2024-07-31,P002,Fermented Rice Serum,Skin,1,15,45,0.0,Olive Young,London,Oily
YUL-19735,2024-01-05,P001,Deep Sea Hair Mask,Hair,2,12,38,0.0,Flagship Store,London,Dry
YUL-19736,2025-09-03,P005,Ceramide Barrier Cream,Skin,3,14,42,0.0,Flagship Store,Seoul,Combination
YUL-19737,2025-03-24,P002,Fermented Rice Serum,Skin,2,15,45,0.25,Flagship Store,NYC,Oily
YUL-19738,2024-07-29,P005,Ceramide Barrier Cream,Skin,2,14,42,0.0,Sephora,NYC,Dry
YUL-19739,2025-10-07,P002,Fermented Rice Serum,Skin,1,15,45,0.1,Olive Young,NYC,Sensitive
YUL-19740,2024-09-23,P003,Scalp Soothing Oil,Hair,2,8,28,0.25,Sephora,London,Oily
YUL-19741,2025-06-09,P001,Deep Sea Hair Mask,Hair,3,12,38,0.0,Flagship Store,London,Combination
YUL-19742,2025-06-17,P004,Mugwort Essence,Skin,1,10,32,0.0,Olive Young,Seoul,Combination
YUL-19743,2025-08-11,P002,Fermented Rice Serum,Skin,3,15,45,0.1,Flagship Store,Tokyo,Dry
YUL-19744,2024-09-04,P004,Mugwort Essence,Skin,1,10,32,0.0,Online,NYC,Oily
YUL-19745,2025-02-26,P004,Mugwort Essence,Skin,1,10,32,0.0,Sephora,London,Dry
YUL-19746,2024-03-12,P004,Mugwort Essence,Skin,2,10,32,0.0,Online,Seoul,Dry
YUL-19747,2024-11-22,P004,Mugwort Essence,Skin,1,10,32,0.0,Olive Young,London,Sensitive
YUL-19748,2025-05-18,P005,Ceramide Barrier Cream,Skin,3,14,42,0.2,Online,Seoul,Sensitive
YUL-19749,2024-11-11,P001,Deep Sea Hair Mask,Hair,1,12,38,0.25,Flagship Store,London,Oily
YUL-19750,2025-07-19,P001,Deep Sea Hair Mask,Hair,2,12,38,0.0,Olive Young,NYC,Dry
YUL-19751,2025-03-25,P002,Fermented Rice Serum,Skin,1,15,45,0.25,Online,Seoul,Sensitive
YUL-19752,2025-04-27,P001,Deep Sea Hair Mask,Hair,2,12,38,0.0,Flagship Store,London,Combination
YUL-19753,2025-07-14,P001,Deep Sea Hair Mask,Hair,2,12,38,0.0,Online,Tokyo,Oily
YUL-19754,2024-05-22,P005,Ceramide Barrier Cream,Skin,4,14,42,0.0,Olive Young,NYC,Combination
YUL-19755,2025-03-12,P001,Deep Sea Hair Mask,Hair,3,12,38,0.0,Olive Young,NYC,Sensitive
YUL-19756,2025-05-16,P002,Fermented Rice Serum,Skin,3,15,45,0.1,Olive Young,Tokyo,Combination
YUL-19757,2024-07-08,P003,Scalp Soothing Oil,Hair,4,8,28,0.0,Flagship Store,Tokyo,Combination
YUL-19758,2024-08-18,P005,Ceramide Barrier Cream,Skin,1,14,42,0.25,Sephora,London,Dry
YUL-19759,2024-04-01,P003,Scalp Soothing Oil,Hair,1,8,28,0.0,Olive Young,London,Sensitive
YUL-19760,2024-04-12,P004,Mugwort Essence,Skin,2,10,32,0.0,Sephora,Tokyo,Sensitive
YUL-19761,2024-03-10,P001,Deep Sea Hair Mask,Hair,3,12,38,0.2,Sephora,Seoul,Oily
YUL-19762,2025-04-11,P001,Deep Sea Hair Mask,Hair,4,12,38,0.0,Online,London,Oily
YUL-19763,2025-04-01,P005,Ceramide Barrier Cream,Skin,1,14,42,0.0,Sephora,Tokyo,Sensitive
YUL-19764,2024-01-02,P004,Mugwort Essence,Skin,3,10,32,0.0,Flagship Store,Seoul,Sensitive
YUL-19765,2025-05-16,P005,Ceramide Barrier Cream,Skin,2,14,42,0.0,Online,Tokyo,Sensitive
YUL-19766,2025-03-31,P003,Scalp Soothing Oil,Hair,3,8,28,0.0,Olive Young,Tokyo,Sensitive
YUL-19767,2024-11-01,P003,Scalp Soothing Oil,Hair,2,8,28,0.25,Flagship Store,NYC,Sensitive
YUL-19768,2025-06-09,P005,Ceramide Barrier Cream,Skin,2,14,42,0.2,Sephora,Seoul,Sensitive
YUL-19769,2024-11-24,P003,Scalp Soothing Oil,Hair,1,8,28,0.2,Online,London,Oily
YUL-19770,2024-07-21,P005,Ceramide Barrier Cream,Skin,2,14,42,0.25,Sephora,Seoul,Oily
YUL-19771,2025-10-16,P003,Scalp Soothing Oil,Hair,1,8,28,0.2,Online,Seoul,Sensitive
YUL-19772,2024-01-23,P002,Fermented Rice Serum,Skin,3,15,45,0.25,Online,Tokyo,Dry
YUL-19773,2025-11-30,P001,Deep Sea Hair Mask,Hair,1,12,38,0.1,Sephora,Tokyo,Combination
YUL-19774,2025-01-30,P003,Scalp Soothing Oil,Hair,1,8,28,0.0,Olive Young,Tokyo,Combination
YUL-19775,2024-02-08,P002,Fermented Rice Serum,Skin,1,15,45,0.0,Flagship Store,NYC,Sensitive
YUL-19776,2024-03-06,P001,Deep Sea Hair Mask,Hair,2,12,38,0.0,Sephora,NYC,Oily
YUL-19777,2025-05-05,P005,Ceramide Barrier Cream,Skin,2,14,42,0.2,Olive Young,Seoul,Combination
YUL-19778,2025-11-07,P003,Scalp Soothing Oil,Hair,1,8,28,0.25,Flagship Store,NYC,Oily
YUL-19779,2024-10-21,P004,Mugwort Essence,Skin,4,10,32,0.25,Olive Young,Seoul,Combination
YUL-19780,2024-12-06,P004,Mugwort Essence,Skin,2,10,32,0.2,Olive Young,Tokyo,Oily
YUL-19781,2024-10-18,P005,Ceramide Barrier Cream,Skin,2,14,42,0.2,Sephora,Tokyo,Sensitive
YUL-19782,2025-02-17,P001,Deep Sea Hair Mask,Hair,3,12,38,0.1,Online,Tokyo,Dry
YUL-19783,2024-04-18,P003,Scalp Soothing Oil,Hair,1,8,28,0.0,Sephora,NYC,Combination
YUL-19784,2024-01-30,P004,Mugwort Essence,Skin,3,10,32,0.0,Sephora,Seoul,Combination
YUL-19785,2025-06-17,P005,Ceramide Barrier Cream,Skin,1,14,42,0.0,Flagship Store,NYC,Combination
YUL-19786,2024-10-24,P003,Scalp Soothing Oil,Hair,3,8,28,0.1,Flagship Store,Tokyo,Dry
YUL-19787,2024-02-16,P005,Ceramide Barrier Cream,Skin,3,14,42,0.0,Sephora,Seoul,Oily
YUL-19788,2024-02-12,P005,Ceramide Barrier Cream,Skin,1,14,42,0.2,Olive Young,Tokyo,Combination
YUL-19789,2025-10-06,P003,Scalp Soothing Oil,Hair,4,8,28,0.1,Olive Young,Seoul,Combination
YUL-19790,2024-10-09,P005,Ceramide Barrier Cream,Skin,2,14,42,0.1,Flagship Store,NYC,Combination
YUL-19791,2025-03-19,P005,Ceramide Barrier Cream,Skin,4,14,42,0.0,Olive Young,Tokyo,Dry
YUL-19792,2025-05-08,P003,Scalp Soothing Oil,Hair,2,8,28,0.0,Sephora,London,Oily
YUL-19793,2024-11-23,P001,Deep Sea Hair Mask,Hair,1,12,38,0.0,Olive Young,NYC,Dry
YUL-19794,2025-10-08,P002,Fermented Rice Serum,Skin,4,15,45,0.2,Sephora,NYC,Oily
YUL-19795,2025-06-21,P003,Scalp Soothing Oil,Hair,4,8,28,0.0,Online,Seoul,Combination
YUL-19796,2025-03-06,P004,Mugwort Essence,Skin,3,10,32,0.1,Flagship Store,London,Combination
YUL-19797,2024-04-02,P001,Deep Sea Hair Mask,Hair,2,12,38,0.0,Olive Young,London,Combination
YUL-19798,2024-09-02,P004,Mugwort Essence,Skin,4,10,32,0.0,Online,Seoul,Sensitive
YUL-19799,2024-08-25,P005,Ceramide Barrier Cream,Skin,1,14,42,0.0,Online,Tokyo,Sensitive
YUL-19800,2025-09-03,P001,Deep Sea Hair Mask,Hair,1,12,38,0.2,Sephora,London,Combination
YUL-19801,2025-08-18,P003,Scalp Soothing Oil,Hair,3,8,28,0.0,Sephora,Tokyo,Dry
YUL-19802,2025-10-23,P003,Scalp Soothing Oil,Hair,1,8,28,0.25,Olive Young,NYC,Dry
YUL-19803,2024-03-12,P001,Deep Sea Hair Mask,Hair,3,12,38,0.25,Flagship Store,NYC,Combination
YUL-19804,2024-04-14,P002,Fermented Rice Serum,Skin,2,15,45,0.25,Olive Young,London,Oily
YUL-19805,2024-04-10,P005,Ceramide Barrier Cream,Skin,3,14,42,0.0,Flagship Store,Seoul,Dry
YUL-19806,2024-01-13,P002,Fermented Rice Serum,Skin,4,15,45,0.1,Sephora,London,Dry
YUL-19807,2025-01-05,P002,Fermented Rice Serum,Skin,4,15,45,0.0,Sephora,Tokyo,Dry
YUL-19808,2025-12-05,P001,Deep Sea Hair Mask,Hair,1,12,38,0.1,Flagship Store,Tokyo,Dry
YUL-19809,2024-02-24,P005,Ceramide Barrier Cream,Skin,4,14,42,0.0,Online,Tokyo,Sensitive
YUL-19810,2025-09-16,P001,Deep Sea Hair Mask,Hair,3,12,38,0.0,Online,Tokyo,Combination
YUL-19811,2024-03-27,P004,Mugwort Essence,Skin,1,10,32,0.1,Flagship Store,Tokyo,Oily
YUL-19812,2024-06-13,P002,Fermented Rice Serum,Skin,2,15,45,0.1,Online,Tokyo,Combination
YUL-19813,2025-06-26,P003,Scalp Soothing Oil,Hair,3,8,28,0.0,Flagship Store,London,Oily
YUL-19814,2025-07-28,P001,Deep Sea Hair Mask,Hair,2,12,38,0.0,Sephora,NYC,Sensitive
YUL-19815,2025-09-17,P001,Deep Sea Hair Mask,Hair,1,12,38,0.0,Sephora,NYC,Dry
YUL-19816,2025-03-29,P003,Scalp Soothing Oil,Hair,1,8,28,0.0,Online,Tokyo,Oily
YUL-19817,2025-06-17,P003,Scalp Soothing Oil,Hair,2,8,28,0.0,Flagship Store,NYC,Sensitive
YUL-19818,2025-07-18,P005,Ceramide Barrier Cream,Skin,1,14,42,0.1,Flagship Store,London,Sensitive
YUL-19819,2025-06-17,P005,Ceramide Barrier Cream,Skin,4,14,42,0.0,Sephora,NYC,Dry
YUL-19820,2025-12-11,P002,Fermented Rice Serum,Skin,1,15,45,0.25,Olive Young,Seoul,Oily
YUL-19821,2024-04-24,P002,Fermented Rice Serum,Skin,2,15,45,0.0,Flagship Store,Seoul,Combination
YUL-19822,2024-06-05,P003,Scalp Soothing Oil,Hair,3,8,28,0.0,Olive Young,London,Dry
YUL-19823,2025-05-16,P001,Deep Sea Hair Mask,Hair,1,12,38,0.0,Olive Young,NYC,Sensitive
YUL-19824,2024-09-14,P003,Scalp Soothing Oil,Hair,2,8,28,0.1,Online,Seoul,Combination
YUL-19825,2024-02-27,P002,Fermented Rice Serum,Skin,3,15,45,0.0,Online,NYC,Oily
YUL-19826,2025-11-29,P005,Ceramide Barrier Cream,Skin,4,14,42,0.0,Olive Young,London,Sensitive
YUL-19827,2025-08-01,P005,Ceramide Barrier Cream,Skin,3,14,42,0.1,Sephora,Seoul,Oily
YUL-19828,2025-10-05,P001,Deep Sea Hair Mask,Hair,3,12,38,0.0,Olive Young,NYC,Oily
YUL-19829,2024-08-18,P003,Scalp Soothing Oil,Hair,3,8,28,0.1,Flagship Store,Seoul,Dry
YUL-19830,2025-07-26,P002,Fermented Rice Serum,Skin,3,15,45,0.1,Sephora,Tokyo,Combination
YUL-19831,2024-06-06,P003,Scalp Soothing Oil,Hair,3,8,28,0.0,Olive Young,Tokyo,Dry
YUL-19832,2024-03-07,P002,Fermented Rice Serum,Skin,1,15,45,0.0,Olive Young,NYC,Dry
YUL-19833,2024-03-22,P002,Fermented Rice Serum,Skin,4,15,45,0.25,Olive Young,Seoul,Dry
YUL-19834,2024-02-02,P004,Mugwort Essence,Skin,4,10,32,0.0,Online,Tokyo,Dry
YUL-19835,2024-09-24,P002,Fermented Rice Serum,Skin,3,15,45,0.0,Online,Tokyo,Sensitive
YUL-19836,2024-09-26,P001,Deep Sea Hair Mask,Hair,1,12,38,0.25,Olive Young,Tokyo,Sensitive
YUL-19837,2025-11-29,P003,Scalp Soothing Oil,Hair,1,8,28,0.0,Online,NYC,Combination
YUL-19838,2025-03-30,P004,Mugwort Essence,Skin,4,10,32,0.2,Flagship Store,Tokyo,Combination
YUL-19839,2025-01-09,P004,Mugwort Essence,Skin,2,10,32,0.0,Sephora,London,Sensitive
YUL-19840,2024-07-29,P003,Scalp Soothing Oil,Hair,1,8,28,0.0,Olive Young,Seoul,Oily
YUL-19841,2025-06-16,P005,Ceramide Barrier Cream,Skin,4,14,42,0.1,Sephora,London,Dry
YUL-19842,2025-07-30,P005,Ceramide Barrier Cream,Skin,2,14,42,0.1,Flagship Store,NYC,Oily
YUL-19843,2025-10-09,P003,Scalp Soothing Oil,Hair,4,8,28,0.2,Sephora,London,Oily
YUL-19844,2024-11-04,P005,Ceramide Barrier Cream,Skin,2,14,42,0.0,Sephora,Tokyo,Sensitive
YUL-19845,2025-03-21,P001,Deep Sea Hair Mask,Hair,2,12,38,0.1,Sephora,NYC,Oily
YUL-19846,2024-07-08,P002,Fermented Rice Serum,Skin,1,15,45,0.0,Olive Young,Seoul,Oily
YUL-19847,2024-02-09,P005,Ceramide Barrier Cream,Skin,3,14,42,0.2,Online,London,Sensitive
YUL-19848,2024-03-07,P004,Mugwort Essence,Skin,3,10,32,0.25,Olive Young,London,Sensitive
YUL-19849,2024-09-08,P003,Scalp Soothing Oil,Hair,3,8,28,0.1,Sephora,NYC,Combination
YUL-19850,2025-07-27,P004,Mugwort Essence,Skin,2,10,32,0.25,Sephora,London,Combination
YUL-19851,2025-12-08,P002,Fermented Rice Serum,Skin,4,15,45,0.1,Flagship Store,Tokyo,Dry
YUL-19852,2025-09-04,P002,Fermented Rice Serum,Skin,4,15,45,0.2,Olive Young,London,Combination
YUL-19853,2025-08-22,P002,Fermented Rice Serum,Skin,3,15,45,0.0,Olive Young,London,Combination
YUL-19854,2025-06-11,P002,Fermented Rice Serum,Skin,4,15,45,0.2,Online,NYC,Sensitive
YUL-19855,2025-10-22,P003,Scalp Soothing Oil,Hair,1,8,28,0.0,Sephora,Seoul,Combination
YUL-19856,2024-03-29,P004,Mugwort Essence,Skin,3,10,32,0.25,Online,Tokyo,Sensitive
YUL-19857,2024-04-04,P003,Scalp Soothing Oil,Hair,3,8,28,0.25,Olive Young,NYC,Combination
YUL-19858,2025-04-01,P001,Deep Sea Hair Mask,Hair,3,12,38,0.0,Online,London,Combination
YUL-19859,2025-02-05,P005,Ceramide Barrier Cream,Skin,3,14,42,0.2,Online,NYC,Oily
YUL-19860,2025-09-10,P003,Scalp Soothing Oil,Hair,4,8,28,0.2,Online,Seoul,Oily
YUL-19861,2024-12-23,P002,Fermented Rice Serum,Skin,2,15,45,0.25,Olive Young,NYC,Dry
YUL-19862,2025-10-09,P004,Mugwort Essence,Skin,3,10,32,0.0,Online,NYC,Combination
YUL-19863,2025-10-01,P004,Mugwort Essence,Skin,2,10,32,0.0,Flagship Store,London,Dry
YUL-19864,2024-05-04,P004,Mugwort Essence,Skin,2,10,32,0.1,Olive Young,London,Dry
YUL-19865,2025-05-08,P002,Fermented Rice Serum,Skin,1,15,45,0.0,Online,Tokyo,Oily
YUL-19866,2024-03-21,P001,Deep Sea Hair Mask,Hair,4,12,38,0.0,Online,Seoul,Oily
YUL-19867,2024-02-28,P001,Deep Sea Hair Mask,Hair,2,12,38,0.0,Flagship Store,Tokyo,Combination
YUL-19868,2024-03-21,P001,Deep Sea Hair Mask,Hair,2,12,38,0.0,Flagship Store,Seoul,Combination
YUL-19869,2024-04-01,P003,Scalp Soothing Oil,Hair,3,8,28,0.0,Olive Young,NYC,Sensitive
YUL-19870,2024-03-22,P001,Deep Sea Hair Mask,Hair,1,12,38,0.2,Flagship Store,London,Sensitive
YUL-19871,2024-11-21,P002,Fermented Rice Serum,Skin,1,15,45,0.0,Online,NYC,Combination
YUL-19872,2025-10-30,P005,Ceramide Barrier Cream,Skin,2,14,42,0.25,Online,Tokyo,Oily
YUL-19873,2025-02-13,P001,Deep Sea Hair Mask,Hair,3,12,38,0.0,Flagship Store,NYC,Combination
YUL-19874,2024-10-20,P004,Mugwort Essence,Skin,1,10,32,0.0,Online,NYC,Dry
YUL-19875,2024-04-16,P004,Mugwort Essence,Skin,3,10,32,0.0,Sephora,NYC,Dry
YUL-19876,2025-07-21,P004,Mugwort Essence,Skin,1,10,32,0.0,Sephora,NYC,Dry
YUL-19877,2024-09-27,P004,Mugwort Essence,Skin,3,10,32,0.0,Flagship Store,London,Combination
YUL-19878,2025-05-27,P005,Ceramide Barrier Cream,Skin,2,14,42,0.0,Olive Young,Tokyo,Sensitive
YUL-19879,2025-09-28,P001,Deep Sea Hair Mask,Hair,2,12,38,0.0,Olive Young,Seoul,Sensitive
YUL-19880,2025-11-12,P004,Mugwort Essence,Skin,1,10,32,0.0,Online,London,Sensitive
YUL-19881,2025-07-31,P005,Ceramide Barrier Cream,Skin,2,14,42,0.0,Olive Young,Tokyo,Combination
YUL-19882,2025-03-29,P001,Deep Sea Hair Mask,Hair,1,12,38,0.0,Online,London,Combination
YUL-19883,2025-08-12,P002,Fermented Rice Serum,Skin,2,15,45,0.2,Online,Tokyo,Oily
YUL-19884,2025-09-02,P004,Mugwort Essence,Skin,2,10,32,0.0,Online,Seoul,Oily
YUL-19885,2025-03-13,P005,Ceramide Barrier Cream,Skin,4,14,42,0.2,Olive Young,Tokyo,Oily
YUL-19886,2025-05-12,P003,Scalp Soothing Oil,Hair,4,8,28,0.0,Flagship Store,Tokyo,Dry
YUL-19887,2024-04-03,P001,Deep Sea Hair Mask,Hair,2,12,38,0.2,Olive Young,Tokyo,Oily
YUL-19888,2024-02-14,P003,Scalp Soothing Oil,Hair,4,8,28,0.1,Sephora,London,Dry
YUL-19889,2025-03-05,P004,Mugwort Essence,Skin,2,10,32,0.2,Online,Tokyo,Combination
YUL-19890,2025-01-09,P002,Fermented Rice Serum,Skin,4,15,45,0.1,Online,Seoul,Oily
YUL-19891,2024-12-06,P001,Deep Sea Hair Mask,Hair,1,12,38,0.25,Flagship Store,Seoul,Sensitive
YUL-19892,2024-10-28,P001,Deep Sea Hair Mask,Hair,3,12,38,0.0,Online,Tokyo,Dry
YUL-19893,2025-07-12,P004,Mugwort Essence,Skin,2,10,32,0.0,Olive Young,London,Dry
YUL-19894,2025-09-06,P003,Scalp Soothing Oil,Hair,3,8,28,0.2,Olive Young,Seoul,Combination
YUL-19895,2024-05-28,P001,Deep Sea Hair Mask,Hair,1,12,38,0.25,Sephora,Tokyo,Sensitive
YUL-19896,2025-10-28,P004,Mugwort Essence,Skin,1,10,32,0.0,Online,London,Dry
YUL-19897,2024-03-03,P005,Ceramide Barrier Cream,Skin,2,14,42,0.25,Sephora,Seoul,Oily
YUL-19898,2024-03-21,P005,Ceramide Barrier Cream,Skin,4,14,42,0.0,Online,London,Combination
YUL-19899,2024-06-26,P004,Mugwort Essence,Skin,1,10,32,0.1,Flagship Store,London,Combination
YUL-19900,2025-06-16,P002,Fermented Rice Serum,Skin,1,15,45,0.25,Olive Young,Seoul,Oily
YUL-19901,2024-01-26,P001,Deep Sea Hair Mask,Hair,3,12,38,0.2,Online,Tokyo,Dry
YUL-19902,2025-09-09,P001,Deep Sea Hair Mask,Hair,4,12,38,0.25,Sephora,London,Oily
YUL-19903,2024-07-24,P003,Scalp Soothing Oil,Hair,3,8,28,0.2,Olive Young,NYC,Dry
YUL-19904,2024-02-18,P001,Deep Sea Hair Mask,Hair,2,12,38,0.2,Online,Tokyo,Oily
YUL-19905,2025-12-14,P001,Deep Sea Hair Mask,Hair,1,12,38,0.0,Flagship Store,Tokyo,Oily
YUL-19906,2024-02-22,P002,Fermented Rice Serum,Skin,3,15,45,0.2,Online,Tokyo,Oily
YUL-19907,2024-11-27,P004,Mugwort Essence,Skin,2,10,32,0.2,Olive Young,NYC,Sensitive
YUL-19908,2025-06-10,P003,Scalp Soothing Oil,Hair,3,8,28,0.0,Sephora,Tokyo,Sensitive
YUL-19909,2024-06-23,P003,Scalp Soothing Oil,Hair,1,8,28,0.25,Flagship Store,NYC,Dry
YUL-19910,2025-09-12,P003,Scalp Soothing Oil,Hair,4,8,28,0.0,Olive Young,Seoul,Dry
YUL-19911,2025-07-21,P004,Mugwort Essence,Skin,4,10,32,0.0,Online,NYC,Combination
YUL-19912,2025-07-13,P003,Scalp Soothing Oil,Hair,2,8,28,0.2,Sephora,Tokyo,Combination
YUL-19913,2025-01-19,P003,Scalp Soothing Oil,Hair,3,8,28,0.0,Olive Young,Seoul,Combination
YUL-19914,2024-08-28,P003,Scalp Soothing Oil,Hair,4,8,28,0.1,Olive Young,NYC,Sensitive
YUL-19915,2025-09-10,P005,Ceramide Barrier Cream,Skin,4,14,42,0.0,Flagship Store,Seoul,Combination
YUL-19916,2025-02-21,P005,Ceramide Barrier Cream,Skin,3,14,42,0.2,Sephora,Seoul,Sensitive
YUL-19917,2025-12-28,P002,Fermented Rice Serum,Skin,1,15,45,0.0,Online,NYC,Sensitive
YUL-19918,2025-09-19,P002,Fermented Rice Serum,Skin,1,15,45,0.0,Olive Young,London,Sensitive
YUL-19919,2025-04-02,P003,Scalp Soothing Oil,Hair,3,8,28,0.0,Flagship Store,Seoul,Combination
YUL-19920,2025-07-03,P002,Fermented Rice Serum,Skin,2,15,45,0.0,Online,Tokyo,Dry
YUL-19921,2024-12-13,P005,Ceramide Barrier Cream,Skin,4,14,42,0.2,Flagship Store,Seoul,Sensitive
YUL-19922,2025-07-14,P002,Fermented Rice Serum,Skin,2,15,45,0.1,Sephora,London,Oily
YUL-19923,2025-09-06,P005,Ceramide Barrier Cream,Skin,2,14,42,0.2,Flagship Store,London,Sensitive
YUL-19924,2024-10-29,P005,Ceramide Barrier Cream,Skin,1,14,42,0.25,Olive Young,NYC,Dry
YUL-19925,2025-03-18,P001,Deep Sea Hair Mask,Hair,4,12,38,0.0,Olive Young,Tokyo,Combination
YUL-19926,2024-10-13,P002,Fermented Rice Serum,Skin,1,15,45,0.2,Online,Seoul,Sensitive
YUL-19927,2025-03-07,P005,Ceramide Barrier Cream,Skin,1,14,42,0.0,Sephora,Seoul,Combination
YUL-19928,2024-09-01,P002,Fermented Rice Serum,Skin,3,15,45,0.1,Olive Young,NYC,Dry
YUL-19929,2024-12-08,P003,Scalp Soothing Oil,Hair,1,8,28,0.0,Olive Young,Seoul,Dry
YUL-19930,2024-02-29,P003,Scalp Soothing Oil,Hair,2,8,28,0.0,Flagship Store,Tokyo,Oily
YUL-19931,2024-08-30,P003,Scalp Soothing Oil,Hair,1,8,28,0.25,Sephora,NYC,Oily
YUL-19932,2025-07-19,P001,Deep Sea Hair Mask,Hair,4,12,38,0.0,Flagship Store,NYC,Combination
YUL-19933,2024-10-05,P005,Ceramide Barrier Cream,Skin,1,14,42,0.0,Olive Young,Seoul,Dry
YUL-19934,2025-04-14,P001,Deep Sea Hair Mask,Hair,2,12,38,0.0,Olive Young,Tokyo,Dry
YUL-19935,2025-09-11,P002,Fermented Rice Serum,Skin,2,15,45,0.2,Online,London,Oily
YUL-19936,2025-08-01,P004,Mugwort Essence,Skin,4,10,32,0.2,Olive Young,London,Oily
YUL-19937,2025-11-04,P003,Scalp Soothing Oil,Hair,2,8,28,0.0,Online,Seoul,Dry
YUL-19938,2025-01-14,P002,Fermented Rice Serum,Skin,4,15,45,0.1,Flagship Store,Seoul,Sensitive
YUL-19939,2025-02-17,P002,Fermented Rice Serum,Skin,3,15,45,0.2,Online,Seoul,Sensitive
YUL-19940,2024-08-19,P002,Fermented Rice Serum,Skin,2,15,45,0.1,Online,NYC,Dry
YUL-19941,2025-06-21,P004,Mugwort Essence,Skin,1,10,32,0.2,Online,London,Sensitive
YUL-19942,2024-01-01,P002,Fermented Rice Serum,Skin,1,15,45,0.0,Online,London,Sensitive
YUL-19943,2025-03-11,P005,Ceramide Barrier Cream,Skin,1,14,42,0.2,Flagship Store,London,Dry
YUL-19944,2024-11-14,P005,Ceramide Barrier Cream,Skin,2,14,42,0.0,Olive Young,NYC,Sensitive
YUL-19945,2025-02-16,P005,Ceramide Barrier Cream,Skin,2,14,42,0.2,Flagship Store,Seoul,Combination
YUL-19946,2024-08-26,P005,Ceramide Barrier Cream,Skin,3,14,42,0.2,Olive Young,Tokyo,Combination
YUL-19947,2025-10-27,P004,Mugwort Essence,Skin,3,10,32,0.25,Olive Young,London,Dry
YUL-19948,2025-12-23,P004,Mugwort Essence,Skin,1,10,32,0.25,Online,NYC,Dry
YUL-19949,2025-11-13,P005,Ceramide Barrier Cream,Skin,2,14,42,0.25,Online,Seoul,Oily
YUL-19950,2024-08-05,P001,Deep Sea Hair Mask,Hair,3,12,38,0.0,Sephora,Seoul,Sensitive
YUL-19951,2025-04-26,P001,Deep Sea Hair Mask,Hair,1,12,38,0.25,Online,London,Oily
YUL-19952,2025-05-12,P001,Deep Sea Hair Mask,Hair,4,12,38,0.2,Sephora,Tokyo,Combination
YUL-19953,2025-03-10,P005,Ceramide Barrier Cream,Skin,1,14,42,0.2,Online,Tokyo,Sensitive
YUL-19954,2025-01-24,P002,Fermented Rice Serum,Skin,1,15,45,0.0,Olive Young,London,Oily
YUL-19955,2024-11-27,P005,Ceramide Barrier Cream,Skin,2,14,42,0.0,Flagship Store,London,Oily
YUL-19956,2024-05-23,P004,Mugwort Essence,Skin,4,10,32,0.2,Online,NYC,Sensitive
YUL-19957,2025-05-06,P003,Scalp Soothing Oil,Hair,2,8,28,0.0,Olive Young,London,Sensitive
YUL-19958,2025-01-25,P002,Fermented Rice Serum,Skin,3,15,45,0.25,Olive Young,London,Sensitive
YUL-19959,2024-11-04,P005,Ceramide Barrier Cream,Skin,2,14,42,0.2,Sephora,Seoul,Combination
YUL-19960,2025-04-17,P004,Mugwort Essence,Skin,3,10,32,0.0,Flagship Store,Seoul,Dry
YUL-19961,2024-06-13,P005,Ceramide Barrier Cream,Skin,3,14,42,0.25,Olive Young,Tokyo,Oily
YUL-19962,2025-03-29,P001,Deep Sea Hair Mask,Hair,1,12,38,0.2,Flagship Store,NYC,Dry
YUL-19963,2025-02-03,P005,Ceramide Barrier Cream,Skin,1,14,42,0.0,Olive Young,Tokyo,Dry
YUL-19964,2025-01-17,P005,Ceramide Barrier Cream,Skin,2,14,42,0.0,Online,Tokyo,Combination
YUL-19965,2025-10-31,P004,Mugwort Essence,Skin,3,10,32,0.2,Olive Young,London,Oily
YUL-19966,2024-10-06,P005,Ceramide Barrier Cream,Skin,1,14,42,0.2,Online,Seoul,Sensitive
YUL-19967,2024-04-08,P002,Fermented Rice Serum,Skin,3,15,45,0.0,Online,London,Oily
YUL-19968,2025-07-21,P005,Ceramide Barrier Cream,Skin,4,14,42,0.0,Online,NYC,Sensitive
YUL-19969,2025-09-24,P004,Mugwort Essence,Skin,2,10,32,0.0,Flagship Store,NYC,Dry
YUL-19970,2025-10-19,P001,Deep Sea Hair Mask,Hair,2,12,38,0.2,Online,London,Sensitive
YUL-19971,2025-08-19,P002,Fermented Rice Serum,Skin,3,15,45,0.0,Olive Young,Seoul,Dry
YUL-19972,2024-12-19,P002,Fermented Rice Serum,Skin,3,15,45,0.1,Olive Young,NYC,Dry
YUL-19973,2024-12-01,P004,Mugwort Essence,Skin,3,10,32,0.2,Flagship Store,London,Dry
YUL-19974,2025-03-24,P004,Mugwort Essence,Skin,3,10,32,0.0,Online,Seoul,Dry
YUL-19975,2024-09-08,P002,Fermented Rice Serum,Skin,4,15,45,0.0,Olive Young,Seoul,Combination
YUL-19976,2025-08-26,P002,Fermented Rice Serum,Skin,1,15,45,0.0,Online,Seoul,Dry
YUL-19977,2024-07-20,P004,Mugwort Essence,Skin,3,10,32,0.2,Olive Young,Tokyo,Combination
YUL-19978,2025-12-31,P003,Scalp Soothing Oil,Hair,3,8,28,0.1,Olive Young,Tokyo,Dry
YUL-19979,2025-03-11,P005,Ceramide Barrier Cream,Skin,3,14,42,0.2,Sephora,London,Sensitive
YUL-19980,2024-09-06,P003,Scalp Soothing Oil,Hair,2,8,28,0.0,Flagship Store,Seoul,Sensitive
YUL-19981,2025-05-26,P001,Deep Sea Hair Mask,Hair,2,12,38,0.1,Olive Young,Tokyo,Sensitive
YUL-19982,2024-03-28,P005,Ceramide Barrier Cream,Skin,2,14,42,0.0,Online,London,Combination
YUL-19983,2024-03-29,P004,Mugwort Essence,Skin,4,10,32,0.0,Olive Young,Tokyo,Sensitive
YUL-19984,2025-05-21,P001,Deep Sea Hair Mask,Hair,4,12,38,0.1,Sephora,Tokyo,Sensitive
YUL-19985,2025-05-15,P004,Mugwort Essence,Skin,4,10,32,0.0,Online,NYC,Combination
YUL-19986,2025-03-30,P002,Fermented Rice Serum,Skin,3,15,45,0.25,Sephora,Seoul,Combination
YUL-19987,2025-01-31,P001,Deep Sea Hair Mask,Hair,4,12,38,0.2,Sephora,NYC,Combination
YUL-19988,2025-07-06,P004,Mugwort Essence,Skin,1,10,32,0.0,Flagship Store,London,Oily
YUL-19989,2025-10-02,P002,Fermented Rice Serum,Skin,2,15,45,0.25,Sephora,NYC,Dry
YUL-19990,2025-04-19,P001,Deep Sea Hair Mask,Hair,2,12,38,0.1,Olive Young,London,Oily
YUL-19991,2024-04-01,P001,Deep Sea Hair Mask,Hair,4,12,38,0.0,Olive Young,NYC,Combination
YUL-19992,2024-03-23,P001,Deep Sea Hair Mask,Hair,4,12,38,0.0,Online,NYC,Sensitive
YUL-19993,2024-05-23,P005,Ceramide Barrier Cream,Skin,1,14,42,0.2,Online,NYC,Combination
YUL-19994,2025-09-19,P003,Scalp Soothing Oil,Hair,4,8,28,0.2,Online,Tokyo,Dry
YUL-19995,2025-11-29,P001,Deep Sea Hair Mask,Hair,3,12,38,0.1,Flagship Store,Tokyo,Combination
YUL-19996,2024-12-15,P003,Scalp Soothing Oil,Hair,2,8,28,0.0,Flagship Store,London,Oily
YUL-19997,2024-09-02,P005,Ceramide Barrier Cream,Skin,4,14,42,0.2,Olive Young,Seoul,Dry
YUL-19998,2024-07-30,P005,Ceramide Barrier Cream,Skin,1,14,42,0.0,Sephora,London,Dry
YUL-19999,2024-12-21,P003,Scalp Soothing Oil,Hair,4,8,28,0.25,Sephora,Seoul,Combination
